mtllib materials.mtl
v 0.03325421 -0.1171912 -0.3498375
v 0.000897944 -0.175102 -0.329852
v 0.002040178 -0.177248 -0.3342212
v 0.03439644 -0.1193373 -0.3542066
v 0.0683296 -0.1666788 -0.3163606
v 0.06947184 -0.1688248 -0.3207298
v -0.04906249 -0.09877264 -0.3357674
v -0.07846382 -0.1610277 -0.328029
v -0.0787985 -0.1614871 -0.3329965
v -0.0493972 -0.09923208 -0.340735
v -0.00958252 -0.155646 -0.3331677
v -0.0099172 -0.1561054 -0.3381353
v 0.07115132 -0.05853629 -0.2418047
v 0.06690282 -0.0703218 -0.2363076
v 0.04630038 -0.05520546 -0.2039686
v 0.05117589 -0.04015374 -0.2104585
v 0.05732876 -0.07991207 -0.2381859
v 0.03528184 -0.06789112 -0.2071483
v 0.04690894 -0.08281982 -0.2465607
v 0.02327597 -0.07227492 -0.2185099
v 0.04051894 -0.0776844 -0.2575133
v 0.01590043 -0.06630564 -0.2327371
v 0.04114869 -0.06690884 -0.265919
v 0.01660633 -0.05277634 -0.2431729
v 0.04850355 -0.05553508 -0.2678445
v 0.02506337 -0.03801763 -0.2449342
v 0.05914205 -0.04888499 -0.2623889
v 0.03731441 -0.02893507 -0.2371969
v 0.06808636 -0.05007029 -0.252105
v 0.04762706 -0.02977872 -0.2235814
v 0.04461417 -0.1196915 -0.3497885
v 0.03681925 -0.117774 -0.3561793
v 0.02774781 -0.1217111 -0.3589157
v 0.02164456 -0.1296607 -0.3567173
v 0.02136526 -0.1379033 -0.3506129
v 0.02704054 -0.1425818 -0.3434587
v 0.03601497 -0.1415071 -0.3386022
v 0.04408923 -0.1351823 -0.3383159
v 0.04748532 -0.1265666 -0.3427337
v 0.05763271 -0.06988323 -0.2934437
v 0.06766537 -0.07204533 -0.2843974
v 0.04600492 -0.07564569 -0.2977744
v 0.0382227 -0.08663595 -0.2953629
v 0.03792751 -0.09771168 -0.2873377
v 0.04525748 -0.1036907 -0.2774539
v 0.05678275 -0.1017748 -0.2703362
v 0.0671106 -0.09286094 -0.269315
v 0.07140848 -0.08111989 -0.2748682
v 0.04137731 -0.09841025 -0.3070841
v 0.04916838 -0.1003232 -0.3006872
v 0.03231725 -0.102361 -0.3098385
v 0.0262275 -0.110327 -0.3076617
v 0.02595755 -0.1185807 -0.3015721
v 0.03163368 -0.1232603 -0.2944192
v 0.04059994 -0.1221759 -0.2895499
v 0.04866099 -0.1158352 -0.2892426
v 0.0520449 -0.1072049 -0.2936411
v 0.03684458 -0.1124825 -0.3342893
v 0.044705 -0.1144828 -0.328005
v 0.02763736 -0.116248 -0.3368049
v 0.02139148 -0.1240174 -0.3343747
v 0.02102953 -0.1321554 -0.3281358
v 0.02672076 -0.1368541 -0.3210076
v 0.0358023 -0.1359147 -0.3163252
v 0.04402471 -0.1297772 -0.3162798
v 0.04754066 -0.1213131 -0.3208925
v -0.03006476 -0.05008674 -0.2185649
v -0.01490828 -0.05758202 -0.221123
v -0.007604033 -0.034446 -0.1921945
v -0.0225983 -0.02677774 -0.1892256
v -0.006954134 -0.07241654 -0.218104
v 0.0003981292 -0.04922938 -0.1890541
v -0.009924054 -0.08764875 -0.2109206
v -0.002336115 -0.06421053 -0.1812738
v -0.02242848 -0.09615159 -0.2029339
v -0.01452741 -0.07237959 -0.1724941
v -0.03861639 -0.09394622 -0.1978809
v -0.03047127 -0.06991434 -0.1668232
v -0.0509133 -0.08206463 -0.1981261
v -0.04270741 -0.05796802 -0.1669145
v -0.05356541 -0.0660665 -0.2035547
v -0.04551041 -0.04213071 -0.1727253
v -0.04533163 -0.05343735 -0.2116266
v -0.03756869 -0.02981269 -0.1815366
v -0.05327466 -0.1003877 -0.3396437
v -0.05888724 -0.108692 -0.3374493
v -0.05780277 -0.1188284 -0.3362826
v -0.05052873 -0.1260535 -0.3366892
v -0.04046863 -0.1269867 -0.338479
v -0.03232974 -0.1211916 -0.3408146
v -0.02992037 -0.1113796 -0.342603
v -0.03436786 -0.1021417 -0.3430074
v -0.04359117 -0.09780073 -0.3418387
v -0.05503437 -0.09428191 -0.2398102
v -0.04789039 -0.08355093 -0.2443899
v -0.0532558 -0.1074672 -0.236624
v -0.04338691 -0.116937 -0.2363222
v -0.03004548 -0.1182605 -0.2390459
v -0.01947406 -0.1108184 -0.2435207
v -0.01661921 -0.09809279 -0.2476528
v -0.02281669 -0.08603823 -0.2495088
v -0.03516665 -0.08029521 -0.2482201
v -0.05217436 -0.09919214 -0.2798105
v -0.04662871 -0.09094667 -0.2823674
v -0.05101708 -0.1092668 -0.2782472
v -0.04369837 -0.1164564 -0.278409
v -0.0336428 -0.117397 -0.2802202
v -0.0255554 -0.1116484 -0.2828333
v -0.02322042 -0.1019005 -0.2850256
v -0.02773041 -0.09271443 -0.2857713
v -0.03697506 -0.08838844 -0.2847215
v -0.06014994 -0.1059376 -0.3148105
v -0.05454111 -0.0976361 -0.3170256
v -0.05903712 -0.1160516 -0.3134878
v -0.05172345 -0.1232455 -0.3136764
v -0.04163095 -0.1241535 -0.315288
v -0.03348207 -0.1183505 -0.3175686
v -0.03108975 -0.1085519 -0.319451
v -0.03557342 -0.09934235 -0.3200544
v -0.04483509 -0.0950315 -0.3190965
v 0.153488 0.02658916 0.004917711
v 0.1478515 0.05128431 0.004917681
v 0.4052049 0.1209151 0.02260253
v 0.04726309 0.002344012 -0.01019654
v 0.06199834 0.005707264 -0.1191533
v 0.06413862 0.0197829 -0.1158851
v 0.1707982 0.02083564 -0.1011443
v 0.1625868 0.04464757 -0.1040391
v 0.0521397 0.04060054 -0.002724737
v 0.4211545 0.1081607 -0.0856365
v 0.4086557 0.08067954 -0.09140785
v 0.3888575 0.1209037 0.01049107
v 0.3900858 0.09324467 0.01384985
v -0.05441353 -0.009777546 -0.009970993
v -0.04822752 0.03098297 -0.01390043
v -0.06338158 -0.007730603 -0.1195858
v -0.16128 0.01461399 -0.0007722676
v -0.170248 0.01666093 -0.1103871
v -0.4471153 0.05363345 -0.1121967
v -0.1522949 0.03397989 -0.0007723272
v -0.05453968 0.01276839 -0.1203406
v -0.161263 0.03602684 -0.1103871
v -0.4717073 0.0752877 -0.1133493
v -0.437385 0.07665074 -0.0088498
v -0.4127931 0.05499649 -0.007697076
v 0.09041566 0.07248187 0.2027261
v 0.09300926 0.07439542 0.2014326
v 0.09369776 0.0727762 0.2016294
v 0.09160531 0.0754739 0.2014245
v 0.08986202 0.07572281 0.2016074
v 0.08824655 0.07507539 0.2019322
v 0.08719173 0.07370508 0.2023118
v 0.08698025 0.07197917 0.2026447
v 0.08766872 0.07035995 0.2028416
v 0.08907267 0.06928146 0.2028496
v 0.09081596 0.06903255 0.2026667
v 0.09243146 0.06967998 0.2023419
v 0.09348625 0.07105029 0.2019623
v 0.09513673 0.07586968 0.199117
v 0.09643066 0.07282662 0.1994869
v 0.09249812 0.0778966 0.1991018
v 0.08922184 0.07836437 0.1994455
v 0.08618572 0.0771476 0.2000559
v 0.08420333 0.07457232 0.2007695
v 0.08380586 0.07132864 0.2013951
v 0.08509976 0.06828558 0.201765
v 0.08773836 0.06625867 0.2017801
v 0.09101465 0.06579089 0.2014364
v 0.09405077 0.06700766 0.2008261
v 0.09603316 0.06958294 0.2001125
v 0.09654143 0.07672691 0.1960587
v 0.09828472 0.07262707 0.1965571
v 0.09298646 0.07945788 0.1960383
v 0.08857232 0.08008802 0.1965013
v 0.08448178 0.07844877 0.1973237
v 0.08181092 0.07497907 0.1982851
v 0.08127537 0.07060885 0.1991279
v 0.08301866 0.06650901 0.1996263
v 0.08657366 0.06377804 0.1996467
v 0.09098777 0.0631479 0.1991837
v 0.09507832 0.06478727 0.1983612
v 0.09774917 0.06825686 0.1973999
v 0.09705395 0.07686377 0.1926264
v 0.09903634 0.07220161 0.1931932
v 0.09301138 0.07996929 0.1926033
v 0.0879918 0.08068597 0.1931297
v 0.08334023 0.07882178 0.1940649
v 0.08030301 0.07487619 0.1951582
v 0.07969403 0.06990659 0.1961167
v 0.08167642 0.06524432 0.1966834
v 0.08571899 0.06213892 0.1967066
v 0.09073856 0.06142223 0.1961801
v 0.09539014 0.06328642 0.1952449
v 0.09842736 0.06723201 0.1941516
v 0.09661245 0.07626379 0.1892343
v 0.09859484 0.07160151 0.1898011
v 0.09256989 0.07936919 0.1892111
v 0.08755031 0.08008587 0.1897376
v 0.08289874 0.07822168 0.1906728
v 0.07986155 0.07427609 0.1917661
v 0.07925254 0.06930649 0.1927245
v 0.08123493 0.06464434 0.1932913
v 0.0852775 0.06153882 0.1933145
v 0.09029707 0.06082213 0.192788
v 0.09494865 0.06268632 0.1918528
v 0.09798586 0.06663191 0.1907595
v 0.09527022 0.07499909 0.1862914
v 0.0970135 0.07089925 0.1867898
v 0.09171522 0.07773006 0.186271
v 0.08730111 0.0783602 0.1867341
v 0.08321056 0.07672083 0.1875565
v 0.0805397 0.07325125 0.1885178
v 0.08000416 0.06888103 0.1893606
v 0.08174744 0.06478119 0.1898591
v 0.08530241 0.06205022 0.1898794
v 0.08971655 0.06142008 0.1894164
v 0.0938071 0.06305933 0.1885941
v 0.09647796 0.06652904 0.1876327
v 0.09318912 0.07322252 0.1841528
v 0.09448302 0.07017946 0.1845227
v 0.09055051 0.07524943 0.1841376
v 0.08727422 0.07571721 0.1844813
v 0.08423811 0.07450044 0.1850916
v 0.08225572 0.07192516 0.1858052
v 0.08185822 0.06868148 0.1864308
v 0.08315215 0.06563842 0.1868007
v 0.08579075 0.06361151 0.1868159
v 0.08906704 0.06314373 0.1864722
v 0.09210315 0.0643605 0.1858618
v 0.09408554 0.06693578 0.1851482
v 0.09062016 0.07114816 0.1830762
v 0.09130862 0.06952894 0.183273
v 0.0892162 0.07222664 0.1830681
v 0.08747292 0.07247555 0.183251
v 0.08585742 0.07182813 0.1835758
v 0.08480263 0.07045782 0.1839555
v 0.08459112 0.0687319 0.1842884
v 0.08527961 0.06711268 0.1844852
v 0.08668357 0.0660342 0.1844932
v 0.08842686 0.06578529 0.1843103
v 0.09004232 0.06643271 0.1839856
v 0.09109715 0.06780303 0.1836059
v 0.08787322 0.06902623 0.1831916
v -0.09506255 0.07219768 0.2005964
v -0.09227416 0.07422006 0.2001536
v -0.09163535 0.07271123 0.2008242
v -0.09361485 0.07514036 0.1994536
v -0.09529817 0.07522547 0.1989118
v -0.09687313 0.07445276 0.1986735
v -0.09791768 0.07302916 0.1988024
v -0.09815195 0.07133615 0.199264
v -0.09751317 0.06982732 0.1999348
v -0.09617248 0.06890702 0.2006347
v -0.09448913 0.06882179 0.2011765
v -0.09291416 0.0695945 0.2014149
v -0.09186962 0.07101822 0.2012859
v -0.08948424 0.07565057 0.1986598
v -0.08828372 0.07281494 0.1999203
v -0.09200391 0.07738018 0.1973442
v -0.09516755 0.07754028 0.196326
v -0.09812748 0.07608807 0.1958781
v -0.1000906 0.07341254 0.1961204
v -0.1005309 0.0702306 0.1969881
v -0.09933034 0.06739497 0.1982486
v -0.09681067 0.06566536 0.1995642
v -0.09364703 0.06550527 0.2005824
v -0.0906871 0.06695759 0.2010303
v -0.08872399 0.06963313 0.200788
v -0.08702934 0.07631683 0.1962952
v -0.08541185 0.07249641 0.1979935
v -0.09042406 0.07864714 0.1945228
v -0.09468645 0.07886279 0.193151
v -0.09867436 0.0769062 0.1925475
v -0.1013193 0.07330143 0.1928739
v -0.1019124 0.06901455 0.194043
v -0.1002949 0.06519401 0.1957412
v -0.09690022 0.06286383 0.1975137
v -0.09263784 0.06264806 0.1988855
v -0.08864993 0.06460476 0.199489
v -0.08600503 0.06820941 0.1991625
v -0.08520553 0.07613838 0.1933451
v -0.08336622 0.07179391 0.1952763
v -0.08906588 0.07878828 0.1913295
v -0.09391287 0.07903349 0.1897695
v -0.09844777 0.07680845 0.1890832
v -0.1014555 0.07270932 0.1894545
v -0.10213 0.06783438 0.1907839
v -0.1002907 0.06348991 0.1927151
v -0.0964303 0.06084013 0.1947307
v -0.09158331 0.0605948 0.1962906
v -0.08704841 0.06281984 0.1969769
v -0.08404073 0.06691897 0.1966057
v -0.08423281 0.07513666 0.1901652
v -0.0823935 0.0707922 0.1920964
v -0.08809316 0.07778645 0.1881496
v -0.09294015 0.07803178 0.1865896
v -0.09747505 0.07580674 0.1859033
v -0.1004827 0.07170761 0.1862746
v -0.1011572 0.06683266 0.187604
v -0.09931794 0.0624882 0.1895352
v -0.09545758 0.05983841 0.1915508
v -0.09061059 0.05959308 0.1931107
v -0.08607569 0.06181812 0.193797
v -0.08306801 0.06591725 0.1934257
v -0.08422852 0.07343256 0.1871391
v -0.08261102 0.06961203 0.1888373
v -0.08762324 0.07576275 0.1853665
v -0.09188563 0.07597852 0.1839947
v -0.09587353 0.07402182 0.1833912
v -0.09851843 0.07041717 0.1837178
v -0.09911162 0.06613016 0.1848867
v -0.09749413 0.06230974 0.186585
v -0.0940994 0.05997944 0.1883575
v -0.08983701 0.05976379 0.1897293
v -0.08584911 0.06172037 0.1903328
v -0.08320421 0.06532514 0.1900063
v -0.08519313 0.0712316 0.1846317
v -0.08399257 0.06839597 0.1858922
v -0.08771279 0.07296121 0.1833161
v -0.09087643 0.07312131 0.1822979
v -0.09383637 0.07166898 0.18185
v -0.09579948 0.06899345 0.1820923
v -0.09623975 0.06581163 0.1829599
v -0.09503922 0.062976 0.1842205
v -0.09251955 0.0612464 0.1855361
v -0.08935592 0.0610863 0.1865542
v -0.08639598 0.0625385 0.1870022
v -0.08443284 0.06521404 0.1867599
v -0.08701032 0.06879926 0.1829455
v -0.08637151 0.06729043 0.1836163
v -0.08835098 0.06971955 0.1822455
v -0.09003434 0.06980479 0.1817037
v -0.0916093 0.06903195 0.1814654
v -0.09265384 0.06760836 0.1815943
v -0.09288812 0.06591535 0.182056
v -0.0922493 0.06440651 0.1827267
v -0.09090862 0.06348622 0.1834267
v -0.08922529 0.0634011 0.1839685
v -0.08765033 0.06417382 0.1842068
v -0.08660579 0.06559741 0.1840779
v -0.08946091 0.0664289 0.1822839
v -0.07666358 0.0708524 0.2098899
v -0.07070723 0.07439363 0.2094131
v -0.06972301 0.0710566 0.2100708
v -0.07322186 0.07673943 0.2085695
v -0.0765931 0.0774653 0.2077661
v -0.07991764 0.0763768 0.2072182
v -0.08230469 0.07376552 0.2070726
v -0.08311459 0.07033122 0.2073682
v -0.08213034 0.06699419 0.208026
v -0.07961571 0.06464839 0.2088696
v -0.07624447 0.06392252 0.209673
v -0.07291993 0.06501102 0.2102209
v -0.07053292 0.0676223 0.2103665
v -0.06497976 0.07719076 0.206653
v -0.06313002 0.07091916 0.2078892
v -0.06970572 0.08159935 0.2050675
v -0.07604161 0.08296359 0.2035577
v -0.0822897 0.08091784 0.202528
v -0.08677581 0.07601035 0.2022543
v -0.08829793 0.069556 0.20281
v -0.08644822 0.06328428 0.2040462
v -0.08172223 0.05887568 0.2056316
v -0.07538638 0.05751157 0.2071415
v -0.06913829 0.0595572 0.2081713
v -0.06465214 0.06446481 0.2084449
v -0.06017196 0.07890642 0.2019427
v -0.0576798 0.07045662 0.2036082
v -0.06653923 0.08484614 0.1998066
v -0.07507554 0.08668411 0.1977724
v -0.08349356 0.08392787 0.196385
v -0.08953771 0.07731605 0.1960163
v -0.09158847 0.06862009 0.196765
v -0.08909634 0.06017029 0.1984305
v -0.08272904 0.05423057 0.2005666
v -0.07419276 0.0523926 0.2026008
v -0.06577471 0.05514884 0.2039882
v -0.05973056 0.06176066 0.2043569
v -0.05686373 0.07933366 0.1958501
v -0.05402976 0.06972492 0.1977441
v -0.06410435 0.08608806 0.193421
v -0.07381147 0.08817816 0.1911078
v -0.0833841 0.08504379 0.1895302
v -0.09025726 0.07752514 0.1891108
v -0.09258929 0.06763649 0.1899623
v -0.08975533 0.05802763 0.1918562
v -0.08251473 0.05127335 0.1942853
v -0.07280758 0.04918325 0.1965986
v -0.06323496 0.0523175 0.1981762
v -0.05636179 0.05983627 0.1985955
v -0.05545411 0.078421 0.1891102
v -0.05262014 0.06881213 0.1910042
v -0.0626947 0.08517528 0.1866812
v -0.07240185 0.08726537 0.1843679
v -0.08197448 0.08413112 0.1827903
v -0.08884764 0.07661235 0.182371
v -0.09117967 0.0667237 0.1832224
v -0.08834571 0.05711496 0.1851164
v -0.08110508 0.05036056 0.1875454
v -0.07139796 0.04827046 0.1898587
v -0.06182534 0.05140483 0.1914363
v -0.05495217 0.05892348 0.1918556
v -0.05611309 0.07627833 0.182536
v -0.05362096 0.06782854 0.1842015
v -0.06248039 0.08221805 0.1803999
v -0.07101667 0.08405602 0.1783657
v -0.07943472 0.08129978 0.1769783
v -0.08547887 0.07468796 0.1766096
v -0.08752963 0.065992 0.1773583
v -0.08503747 0.0575422 0.1790238
v -0.0786702 0.05160248 0.1811599
v -0.07013389 0.04976451 0.1831941
v -0.06171587 0.05252075 0.1845815
v -0.05567169 0.05913258 0.1849502
v -0.05876121 0.07316434 0.1769203
v -0.0569115 0.06689262 0.1781565
v -0.0634872 0.07757294 0.1753348
v -0.06982306 0.07893705 0.173825
v -0.07607117 0.07689142 0.1727952
v -0.08055729 0.07198381 0.1725216
v -0.08207941 0.06552947 0.1730773
v -0.08022967 0.05925786 0.1743135
v -0.07550371 0.05484927 0.1758989
v -0.06916785 0.05348504 0.1774088
v -0.06291974 0.05553079 0.1784385
v -0.05843359 0.06043828 0.1787122
v -0.06307909 0.06945443 0.1729405
v -0.06209484 0.06611741 0.1735982
v -0.06559372 0.07180023 0.1720969
v -0.06896496 0.0725261 0.1712935
v -0.0722895 0.0714376 0.1707456
v -0.07467651 0.06882632 0.1706
v -0.07548642 0.06539202 0.1708956
v -0.0745022 0.06205499 0.1715534
v -0.07198757 0.05970919 0.172397
v -0.06861633 0.05898333 0.1732004
v -0.06529179 0.06007183 0.1737483
v -0.06290475 0.06268311 0.1738939
v -0.06854585 0.06559622 0.1710766
v 0.09231186 0.07304084 0.2003049
v 0.09325227 0.07744181 0.1950141
v 0.09472889 0.07440865 0.1939383
v 0.09126037 0.07922971 0.1973321
v 0.08928689 0.07929337 0.2002713
v 0.08786061 0.07761562 0.2030441
v 0.08736375 0.07464612 0.2049076
v 0.0879294 0.07118046 0.2053625
v 0.08940598 0.0681473 0.2042867
v 0.09139791 0.0663594 0.2019687
v 0.09337139 0.06629574 0.1990295
v 0.09479764 0.06797349 0.1962567
v 0.09529451 0.070943 0.1943931
v 0.09211379 0.08081937 0.1890524
v 0.0948889 0.0751189 0.1870307
v 0.08837023 0.08417964 0.1934089
v 0.0846613 0.08429921 0.1989328
v 0.08198079 0.08114612 0.204144
v 0.08104697 0.07556522 0.2076462
v 0.08211005 0.06905186 0.208501
v 0.08488515 0.06335139 0.2064792
v 0.08862871 0.05999112 0.2021228
v 0.09233764 0.05987155 0.1965989
v 0.09501815 0.06302476 0.1913876
v 0.09595197 0.06860566 0.1878854
v 0.08903375 0.08276618 0.1831389
v 0.09277263 0.075086 0.1804151
v 0.08399007 0.08729339 0.1890084
v 0.07899302 0.08745456 0.1964507
v 0.07538161 0.0832063 0.2034718
v 0.07412347 0.07568717 0.2081903
v 0.07555574 0.06691182 0.2093419
v 0.07929462 0.05923152 0.206618
v 0.08433831 0.05470443 0.2007486
v 0.08933535 0.05454326 0.1933062
v 0.09294677 0.05879152 0.1862852
v 0.0942049 0.06631064 0.1815667
v 0.08438364 0.08304739 0.1779869
v 0.08863536 0.07431376 0.1748895
v 0.07864815 0.08819556 0.1846614
v 0.07296574 0.08837879 0.1931245
v 0.06885898 0.08354795 0.2011086
v 0.06742829 0.07499743 0.2064743
v 0.06905699 0.06501842 0.2077838
v 0.07330871 0.05628479 0.2046864
v 0.07904419 0.05113673 0.1980119
v 0.0847266 0.05095351 0.1895488
v 0.08883336 0.05578434 0.1815647
v 0.09026405 0.06433475 0.176199
v 0.07872432 0.08162916 0.1742178
v 0.08297601 0.07289553 0.1711203
v 0.07298884 0.08677721 0.1808923
v 0.06730643 0.08696043 0.1893554
v 0.06319967 0.0821296 0.1973394
v 0.06176898 0.07357919 0.2027051
v 0.06339768 0.06360018 0.2040147
v 0.06764939 0.05486655 0.2009173
v 0.07338488 0.04971838 0.1942427
v 0.07906729 0.04953516 0.1857797
v 0.08317405 0.05436599 0.1777956
v 0.08460474 0.06291652 0.1724299
v 0.07273841 0.07868242 0.1722861
v 0.07647729 0.07100213 0.1695623
v 0.06769472 0.08320951 0.1781556
v 0.06269768 0.08337069 0.1855979
v 0.05908626 0.07912242 0.192619
v 0.05782813 0.0716033 0.1973375
v 0.0592604 0.06282794 0.1984891
v 0.06299928 0.05514765 0.1957652
v 0.06804296 0.05062056 0.1898958
v 0.07304001 0.05045938 0.1824534
v 0.07665142 0.05470765 0.1754324
v 0.07790956 0.06222677 0.1707139
v 0.06714788 0.07456255 0.1724249
v 0.06992298 0.06886208 0.1704032
v 0.06340432 0.07792282 0.1767814
v 0.05969539 0.07804239 0.1823053
v 0.05701488 0.07488918 0.1875165
v 0.05608106 0.06930828 0.1910187
v 0.05714414 0.06279504 0.1918735
v 0.05991924 0.05709445 0.1898518
v 0.0636628 0.0537343 0.1854953
v 0.06737173 0.05361474 0.1799714
v 0.07005224 0.05676782 0.1747602
v 0.07098606 0.06234872 0.1712579
v 0.06262705 0.06976664 0.1746174
v 0.06410363 0.06673348 0.1735417
v 0.06063512 0.07155454 0.1769355
v 0.05866164 0.0716182 0.1798747
v 0.05723539 0.06994045 0.1826475
v 0.05673853 0.06697094 0.184511
v 0.05730414 0.06350529 0.1849658
v 0.05878076 0.06047213 0.1838901
v 0.06077266 0.05868423 0.181572
v 0.06274614 0.05862057 0.1786329
v 0.06417242 0.06029832 0.17586
v 0.06466928 0.06326783 0.1739965
v 0.05972117 0.0648731 0.1785993
v -0.04794464 0.02783203 0.2304004
v -0.03558519 -0.02246618 0.3311273
v -0.0450314 -0.01736426 0.2864241
v 0.05476314 -0.01124954 0.2883451
v 0.06420931 -0.01635146 0.3330483
v 0.05184993 0.03394675 0.2323214
v -0.04807931 0.01613569 0.2015759
v 0.05171528 0.02225041 0.203497
v -0.0419313 0.02384937 0.2221588
v -0.03541583 0.03500283 0.3191451
v -0.03681564 0.006774783 0.3320948
v 0.0576795 0.03249741 0.2204545
v 0.06279513 0.01542282 0.3303905
v 0.04313734 0.04055524 0.3139914
v 0.04504389 0.07980621 0.2294147
v -0.04414621 0.06936646 0.2340693
v -0.002083153 0.07889307 0.09131441
v -0.02388343 0.09467971 0.1034375
v -0.03039244 0.08180344 0.09916013
v -0.01147097 0.1028652 0.1057589
v 0.003519088 0.1041666 0.1055025
v 0.01707014 0.09823525 0.1027367
v 0.0255512 0.08666039 0.09820291
v 0.02668977 0.07254362 0.09311578
v 0.02018079 0.05966735 0.0888384
v 0.007768303 0.05148184 0.08651695
v -0.007221758 0.05018032 0.08677346
v -0.02077278 0.05611169 0.08953914
v -0.02925387 0.06768656 0.09407297
v -0.04259065 0.1051233 0.1237455
v -0.05482355 0.0809238 0.1157067
v -0.01926282 0.120507 0.1281084
v 0.008909255 0.1229528 0.1276263
v 0.03437692 0.1118056 0.1224285
v 0.0503161 0.09005189 0.1139077
v 0.0524559 0.06352091 0.104347
v 0.01689517 0.0239377 0.09194529
v -0.0112769 0.02149189 0.09242731
v -0.05268374 0.05439281 0.106146
v -0.05594841 0.108964 0.1497889
v -0.07242978 0.07636011 0.1389583
v -0.02451894 0.1296904 0.155667
v 0.01343721 0.1329857 0.1550176
v 0.0477497 0.117967 0.1480146
v 0.06922448 0.08865845 0.1365345
v 0.03859538 0.04014933 0.08752486
v 0.07047984 0.05374122 0.1148701
v 0.009049743 -0.01469004 0.08521
v -0.02844337 0.02902555 0.07645682
v -0.04674661 0.0111388 0.09384283
v -0.06124559 0.03700149 0.1049088
v -0.06234559 0.1057388 0.1784266
v -0.0810875 0.068663 0.1661104
v -0.02660528 0.129308 0.1851109
v 0.01655686 0.1330552 0.1843724
v 0.05557555 0.1159766 0.1764089
v 0.07999578 0.08264816 0.1633542
v 0.06430548 0.03364754 0.1407172
v 0.05314708 0.02467632 0.09538403
v 0.04340848 -0.004068255 0.09223515
v -0.04251739 -0.02977574 0.06894228
v 0.03553045 -0.06436086 0.08400074
v -0.06699988 -0.01710367 0.1214907
v -0.07780913 0.02801514 0.1514626
v -0.0610106 0.0958364 0.2062043
v -0.07975248 0.05876064 0.1938882
v -0.02527028 0.1194056 0.2128886
v 0.01789185 0.123153 0.2121501
v 0.05691054 0.1060742 0.2041866
v 0.08133078 0.0727458 0.191132
v 0.08460918 0.03209794 0.1764841
v 0.05308378 -0.006766558 0.1579078
v 0.03633043 -0.03608346 0.1473807
v -0.01303515 -0.03229427 0.1582221
v -0.05205384 -0.01521564 0.1661856
v -0.0764741 0.01811278 0.1792403
v -0.05210444 0.08045149 0.2297718
v -0.06858578 0.04784763 0.2189411
v -0.02067491 0.1011779 0.2356499
v 0.0172812 0.1044732 0.2350004
v 0.05159369 0.08945441 0.2279975
v 0.07306847 0.06014597 0.2165174
v 0.07595146 0.02440083 0.2036363
v 0.05947009 -0.008203149 0.1928056
v 0.02804059 -0.02892947 0.1869275
v -0.009915531 -0.03222477 0.1875769
v -0.04422799 -0.01720607 0.1945799
v -0.06570283 0.01210248 0.20606
v -0.03670132 0.06143951 0.2462863
v -0.04893422 0.03724003 0.2382475
v -0.01337349 0.07682323 0.2506492
v 0.01479858 0.07926905 0.2501672
v 0.04026625 0.06812179 0.2449694
v 0.05620542 0.04636812 0.2364486
v 0.05834523 0.01983714 0.2268879
v 0.04611233 -0.004362345 0.218849
v 0.0227845 -0.01974607 0.2144862
v -0.005387574 -0.02219188 0.2149682
v -0.03085521 -0.01104462 0.220166
v -0.04679441 0.01070905 0.2286868
v -0.01665908 0.04109359 0.2537561
v -0.02316809 0.02821732 0.2494787
v -0.004246622 0.04927909 0.2560776
v 0.01074344 0.0505805 0.2558211
v 0.02429447 0.04464924 0.2530554
v 0.03277552 0.03307438 0.2485215
v 0.03391409 0.0189575 0.2434344
v 0.02740511 0.006081223 0.239157
v 0.01499262 -0.002104282 0.2368356
v 2.592802E-06 -0.00340569 0.237092
v -0.01354846 0.002525687 0.2398578
v -0.02202952 0.01410055 0.2443916
v 0.005604833 0.02186787 0.2512801
v -0.01437017 -0.05239201 0.09044439
v 0.04005569 0.01828992 -0.3351962
v 0.06408778 0.01165211 -0.1433747
v 0.001541287 0.04177296 -0.1433747
v 0.07953551 -0.05602872 -0.1433747
v 0.05496329 -0.002330184 -0.4098183
v 0.03625199 -0.1103046 -0.1433747
v -0.0164057 -0.02156889 -0.3937348
v -0.03316939 -0.1103046 -0.1433747
v -0.07645294 -0.05602872 -0.1433747
v -0.04251814 0.02763295 -0.3984143
v -0.06100523 0.01165211 -0.1433747
v 0.01789603 0.03265142 -0.3261046
v 0.04007515 -0.03032434 0.09272471
v 0.0372811 -0.06370699 0.08619931
v -0.005218446 -0.03344214 0.08919773
v 0.05245593 0.06352091 0.1043471
v -0.04899538 -0.02465117 0.09241414
v -0.05268374 0.05439281 0.106146
v -0.002083123 0.07889307 0.09131446
v -0.04213226 -0.02350163 -0.3552853
v 0.02824259 -0.01690376 -0.417298
vn -0.8542255 0.3422026 -0.3914029
vn 0.02265934 -0.8949856 0.4455191
vn 0.8315662 0.552783 -0.05411613
vn 0.2284486 -0.4292078 -0.8738375
vn -0.2284486 0.4292078 0.8738375
vn -0.9030106 0.429097 0.02115796
vn 0.08398918 -0.9927355 0.086152
vn 0.8190216 0.5636385 -0.1073099
vn -0.06693996 -0.09188298 -0.9935173
vn 0.06693996 0.09188298 0.9935173
vn 0.8337374 -0.03739068 0.5508938
vn 0.5112805 -0.6100858 0.6052997
vn -0.006104295 -0.9357388 0.3526409
vn -0.5030612 -0.858044 -0.1033913
vn -0.7366686 -0.3885734 -0.553471
vn -0.5805397 0.2415627 -0.7775739
vn -0.1127697 0.7296515 -0.6744567
vn 0.4444619 0.8488958 -0.2860585
vn 0.8170493 0.5395405 0.2032893
vn -0.6925728 0.4628822 0.5532477
vn 0.4493517 -0.5414709 -0.7105577
vn 0.5903547 0.6594813 -0.4653664
vn -0.2193696 0.8156238 -0.5353829
vn -0.8217805 0.5050622 -0.2637975
vn -0.996308 0.07439285 0.04284943
vn -0.8462195 -0.4126543 0.3370889
vn -0.2135842 -0.805181 0.5532318
vn 0.5669129 -0.6821094 0.4618839
vn 0.9484794 -0.258496 0.1832125
vn 0.9666902 0.2103413 -0.1458309
vn 0.6545557 -0.002109726 -0.7560108
vn 0.1538881 0.3470565 -0.9251326
vn -0.809416 0.5322878 -0.2480233
vn -0.8969795 0.2775073 0.3441187
vn -0.7875453 0.02332021 0.6158154
vn -0.4099435 -0.4248573 0.8071199
vn 0.5966476 -0.7451763 0.297866
vn 0.8533012 -0.4502406 -0.2629839
vn 0.8140799 -0.2204143 -0.5373002
vn 0.5446328 0.7046843 -0.4547475
vn -0.2521592 0.8767169 -0.4096136
vn -0.7990268 0.5805442 -0.1566035
vn -0.9852493 0.1254874 0.1163476
vn -0.8224598 -0.4301813 0.372161
vn -0.1526805 -0.8680605 0.4723978
vn 0.5779776 -0.7624527 0.2908742
vn 0.9321988 -0.3607475 0.02944047
vn 0.9590538 0.1542713 -0.237521
vn 0.3976487 0.8918756 -0.2154839
vn -0.3226512 0.9193084 -0.2253183
vn -0.7984676 0.5825157 -0.1520691
vn -0.9995114 0.02453378 -0.01936673
vn -0.7382502 -0.6560494 0.1567993
vn -0.02134657 -0.969273 0.2450594
vn 0.5929573 -0.7806507 0.197449
vn 0.9381642 -0.3363624 0.08190459
vn 0.9464612 0.3131831 -0.07827938
vn 0.2475657 0.7260723 -0.6415063
vn 0.8118913 0.3384768 -0.4756741
vn 0.972806 -0.2198169 -0.07300002
vn 0.6739723 -0.6552835 0.3411231
vn 0.08365327 -0.7972149 0.5978717
vn -0.5656003 -0.5739797 0.5921518
vn -0.9534864 -0.05902123 0.2956016
vn -0.8714525 0.4699013 -0.1405824
vn -0.4039773 0.7654089 -0.5009508
vn 0.3615892 0.3768806 0.8527685
vn -0.1854859 -0.1319371 -0.9737492
vn -0.8636458 0.408742 -0.2950355
vn -0.9852577 -0.1112078 0.1300008
vn -0.6229062 -0.6349578 0.4569644
vn 0.03270616 -0.8575647 0.5133353
vn 0.6466858 -0.7010995 0.300428
vn 0.9639559 -0.2438795 -0.1063572
vn 0.7845321 0.3161921 -0.5334153
vn 0.2180409 0.6615332 -0.717518
vn -0.3969281 0.6838692 -0.6121855
vn -0.8459173 0.5181 -0.1264765
vn -0.9895141 -0.1352478 -0.05069381
vn -0.6959625 -0.7180626 -0.004709269
vn -0.09850785 -0.9950706 -0.01144008
vn 0.5587136 -0.8266068 -0.06753011
vn 0.954938 -0.2605374 -0.1421753
vn 0.8847596 0.4217092 -0.1983982
vn 0.3930041 0.8934078 -0.2176472
vn -0.2962344 0.9355392 -0.1923841
vn -0.816525 0.5723044 0.07585867
vn -0.9690259 -0.07534179 0.2351859
vn -0.6685932 -0.6870856 0.2844234
vn -0.05558058 -0.978012 0.201006
vn 0.5841983 -0.8112785 0.0232256
vn 0.9500406 -0.2643598 -0.1659424
vn 0.8709615 0.4054624 -0.2775362
vn 0.3852059 0.8856548 -0.2592911
vn -0.2812651 0.9521448 -0.1196261
vn -0.8368894 0.5358003 -0.111956
vn -0.9927845 -0.1127439 -0.0408381
vn -0.7010962 -0.7113432 0.04954749
vn -0.07069676 -0.9905726 0.1173371
vn 0.5989228 -0.7907552 0.1264816
vn 0.9716933 -0.223703 0.07595451
vn 0.9001864 0.4354523 -0.006777149
vn 0.4139173 0.906029 -0.08822674
vn -0.2832544 0.9500138 -0.131304
vn -0.06457951 -0.0147385 0.9978037
vn -0.9759095 0.1777631 -0.1264944
vn -0.1339573 -0.03057378 0.9905154
vn 0.1711868 -0.060514 -0.9833785
vn 0.222521 -0.974928 -2.433366E-07
vn -0.2336128 0.968103 -0.09056261
vn -0.05777666 -0.1842658 0.9811769
vn 0.0624958 0.2167018 -0.9742355
vn -0.9797971 0.1505981 -0.1315974
vn -0.09394196 0.9773268 -0.1897559
vn -0.2315024 0.9686335 -0.0903095
vn 0.1252981 -0.9893467 0.07411853
vn 0.06535056 -0.09818283 -0.9930204
vn 0.2196848 -0.9240601 0.3128121
vn 0.8281148 -0.4475279 0.3375568
vn -0.2196848 0.9240601 -0.3128121
vn 0.2394432 -0.966588 0.0915134
vn 0.8291016 -0.5188811 0.208214
vn -0.266513 0.9397466 -0.2141194
vn 0.2462463 -0.8842195 0.3968862
vn 0.02161516 0.1960545 -0.9803548
vn 0.2620868 -0.9517136 0.159849
vn -0.2253006 0.9165939 -0.3302956
vn 0.05721461 -0.329381 0.9424621
vn 0.9840061 -0.1573818 -0.08344464
vn -0.1323106 -0.9911785 -0.007684524
vn 0.07754987 -0.0359775 0.9963391
vn -0.08505039 0.0191699 -0.9961922
vn -0.2225207 -0.974928 -5.806472E-07
vn 0.0308167 0.9993947 0.01614162
vn 0.9183211 -0.395615 0.01324086
vn 0.1938318 0.965003 -0.1766307
vn 0.1269515 0.07607512 0.9889873
vn 0.004708522 -0.02629776 -0.9996431
vn 0.1478465 0.9889898 0.00637261
vn -0.02507327 0.01854921 0.9995135
vn -0.6500837 -0.7264065 0.2229907
vn -0.1599433 -0.9849588 0.06537944
vn 0.125792 0.990573 -0.05423606
vn 0 0 0
vn 0 0 0
vn 0 0 0
vn 0 0 0
vn 0 0 0
vn 0 0 0
vn 0 0 0
vn 0 0 0
vn 0 0 0
vn 0 0 0
vn 0 0 0
vn 0 0 0
vn 0.5772666 0.3359291 0.7442546
vn 0.4147894 0.5454019 0.7283451
vn 0.1704073 0.6484744 0.7419181
vn -0.09039778 0.6175283 0.7813367
vn -0.2977433 0.4608557 0.8360389
vn -0.3960712 0.2204369 0.891367
vn -0.3590345 -0.03930809 0.9324961
vn -0.1965574 -0.2487809 0.9484057
vn 0.04782471 -0.3518532 0.9348328
vn 0.3086298 -0.3209069 0.8954142
vn 0.5159752 -0.1642347 0.8407119
vn 0.6143032 0.0761844 0.7853838
vn 0.7889214 0.3928892 0.4724841
vn 0.5428971 0.7100746 0.4483937
vn 0.1728514 0.8661478 0.4689462
vn -0.2220619 0.819289 0.5286342
vn -0.5360262 0.5820541 0.6114646
vn -0.6849154 0.2180098 0.695243
vn -0.628834 -0.1752984 0.7575212
vn -0.3828097 -0.4924838 0.7816116
vn -0.01276413 -0.6485569 0.7610592
vn 0.3821492 -0.6016981 0.7013712
vn 0.6961135 -0.3644633 0.6185407
vn 0.8450025 -0.0004188365 0.5347621
vn 0.9029907 0.4022974 0.1508796
vn 0.6042302 0.7874727 0.1216253
vn 0.1548638 0.9770008 0.1465832
vn -0.3247007 0.9200976 0.2190656
vn -0.7059646 0.6320105 0.319651
vn -0.8867684 0.1899321 0.4213879
vn -0.818666 -0.2876833 0.4970154
vn -0.5199054 -0.6728586 0.5262697
vn -0.07053915 -0.8623866 0.501312
vn 0.4090253 -0.8054835 0.4288296
vn 0.790289 -0.5173964 0.328244
vn 0.9710931 -0.07531773 0.2265071
vn 0.9124781 0.3656897 -0.1834522
vn 0.5957919 0.7739757 -0.2144616
vn 0.1194635 0.9748755 -0.1880065
vn -0.3888748 0.9145582 -0.111175
vn -0.7930145 0.6091857 -0.004554239
vn -0.9846668 0.1405824 0.1032866
vn -0.9124781 -0.36569 0.1834516
vn -0.5957918 -0.7739758 0.2144613
vn -0.1194636 -0.9748755 0.1880059
vn 0.3888747 -0.9145582 0.1111746
vn 0.7930146 -0.6091858 0.004553999
vn 0.9846667 -0.1405824 -0.103287
vn 0.818666 0.2876832 -0.4970154
vn 0.5199054 0.6728585 -0.5262697
vn 0.07053921 0.8623867 -0.5013118
vn -0.4090253 0.8054835 -0.4288293
vn -0.7902892 0.5173964 -0.328244
vn -0.9710931 0.07531782 -0.2265071
vn -0.9029907 -0.4022976 -0.1508794
vn -0.60423 -0.7874728 -0.1216253
vn -0.1548639 -0.9770008 -0.1465831
vn 0.3247008 -0.9200977 -0.2190655
vn 0.7059646 -0.6320105 -0.3196508
vn 0.8867685 -0.1899319 -0.4213877
vn 0.628834 0.1752982 -0.7575212
vn 0.3828097 0.4924837 -0.7816116
vn 0.01276425 0.6485568 -0.7610592
vn -0.3821491 0.601698 -0.7013713
vn -0.6961135 0.3644632 -0.6185408
vn -0.8450024 0.0004189387 -0.5347623
vn -0.7889213 -0.3928893 -0.4724842
vn -0.5428969 -0.7100747 -0.4483938
vn -0.1728516 -0.8661477 -0.4689462
vn 0.2220619 -0.8192889 -0.5286344
vn 0.5360263 -0.5820541 -0.6114646
vn 0.6849152 -0.2180098 -0.6952431
vn 0.3590346 0.03930792 -0.9324962
vn 0.1965574 0.2487808 -0.9484056
vn -0.04782471 0.3518533 -0.9348327
vn -0.3086298 0.3209071 -0.8954141
vn -0.5159752 0.1642347 -0.840712
vn -0.6143032 -0.0761843 -0.7853837
vn -0.5772666 -0.3359293 -0.7442546
vn -0.4147894 -0.5454019 -0.7283451
vn -0.1704073 -0.6484743 -0.741918
vn 0.09039782 -0.6175284 -0.7813367
vn 0.2977433 -0.4608558 -0.8360388
vn 0.3960711 -0.2204369 -0.8913671
vn 0 0 0
vn 0 0 0
vn 0 0 0
vn 0 0 0
vn 0 0 0
vn 0 0 0
vn 0 0 0
vn 0 0 0
vn 0 0 0
vn 0 0 0
vn 0 0 0
vn 0 0 0
vn 0 0 0
vn 0 0 0
vn 0 0 0
vn 0 0 0
vn 0 0 0
vn 0 0 0
vn 0 0 0
vn 0 0 0
vn 0 0 0
vn 0 0 0
vn 0 0 0
vn 0 0 0
vn 0.2159956 0.4715126 0.8549982
vn 0.06229038 0.6601314 0.7485629
vn -0.1725235 0.7382069 0.6521397
vn -0.4255278 0.6848189 0.591565
vn -0.6289303 0.5142726 0.5830698
vn -0.7282295 0.2722659 0.6289302
vn -0.6968181 0.02364408 0.7168581
vn -0.5431128 -0.1649747 0.8232933
vn -0.308299 -0.2430501 0.9197165
vn -0.05529476 -0.1896619 0.9802912
vn 0.1481078 -0.01911592 0.9887865
vn 0.2474069 0.2228911 0.942926
vn 0.5147381 0.5206981 0.6811155
vn 0.2819963 0.8063061 0.5199505
vn -0.07356106 0.9245288 0.3739457
vn -0.4566624 0.8436882 0.2822228
vn -0.7646562 0.5854456 0.2693592
vn -0.9150159 0.2189968 0.3388015
vn -0.8674524 -0.1574685 0.4719428
vn -0.6347107 -0.4430766 0.6331078
vn -0.2791535 -0.5612992 0.7791127
vn 0.1039479 -0.4804585 0.8708355
vn 0.4119417 -0.2222161 0.8836991
vn 0.5623015 0.1442329 0.8142567
vn 0.7463394 0.5074311 0.4306868
vn 0.4637087 0.8542604 0.2349754
vn 0.03193625 0.9978245 0.05767388
vn -0.4332844 0.8996555 -0.05371007
vn -0.8072978 0.5860575 -0.06933116
vn -0.9898876 0.1410592 0.01499658
vn -0.9321288 -0.316103 0.1766771
vn -0.649498 -0.6629323 0.3723885
vn -0.2177257 -0.8064964 0.5496901
vn 0.2474948 -0.7083273 0.661074
vn 0.6215084 -0.3947294 0.6766949
vn 0.8040983 0.05026919 0.5923673
vn 0.8895884 0.436473 0.134625
vn 0.5899996 0.8041123 -0.07282896
vn 0.1323209 0.9562901 -0.2607689
vn -0.360813 0.852231 -0.3788356
vn -0.7572674 0.5198171 -0.3953938
vn -0.9508126 0.04811864 -0.3060067
vn -0.8895881 -0.4364733 -0.1346255
vn -0.5899994 -0.8041124 0.07282875
vn -0.1323208 -0.9562903 0.2607684
vn 0.3608131 -0.8522311 0.3788353
vn 0.7572675 -0.5198172 0.3953936
vn 0.9508127 -0.04811867 0.3060064
vn 0.9321289 0.3161029 -0.176677
vn 0.649498 0.6629323 -0.3723885
vn 0.2177257 0.8064964 -0.5496899
vn -0.247495 0.7083274 -0.6610738
vn -0.6215084 0.3947294 -0.6766949
vn -0.8040983 -0.0502691 -0.5923673
vn -0.7463395 -0.5074313 -0.4306866
vn -0.4637085 -0.8542605 -0.2349753
vn -0.03193641 -0.9978245 -0.0576738
vn 0.4332844 -0.8996555 0.05371018
vn 0.8072978 -0.5860575 0.06933129
vn 0.9898876 -0.141059 -0.0149964
vn 0.8674524 0.1574683 -0.4719428
vn 0.6347107 0.4430766 -0.6331078
vn 0.2791536 0.5612991 -0.7791127
vn -0.1039478 0.4804585 -0.8708355
vn -0.4119416 0.222216 -0.8836992
vn -0.5623013 -0.1442328 -0.8142568
vn -0.5147379 -0.5206982 -0.6811156
vn -0.2819961 -0.8063062 -0.5199504
vn 0.07356089 -0.9245287 -0.3739458
vn 0.4566624 -0.8436881 -0.282223
vn 0.7646562 -0.5854456 -0.2693592
vn 0.9150158 -0.2189967 -0.3388015
vn 0.6968181 -0.02364425 -0.7168581
vn 0.5431129 0.1649747 -0.8232933
vn 0.308299 0.2430502 -0.9197165
vn 0.05529472 0.1896621 -0.9802912
vn -0.1481078 0.01911593 -0.9887865
vn -0.2474069 -0.222891 -0.942926
vn -0.2159956 -0.4715127 -0.8549981
vn -0.06229032 -0.6601314 -0.7485629
vn 0.1725235 -0.7382069 -0.6521397
vn 0.4255278 -0.6848189 -0.591565
vn 0.6289303 -0.5142728 -0.5830697
vn 0.7282294 -0.2722659 -0.6289303
vn 0 0 0
vn 0 0 0
vn 0 0 0
vn 0 0 0
vn 0 0 0
vn 0 0 0
vn 0 0 0
vn 0 0 0
vn 0 0 0
vn 0 0 0
vn 0 0 0
vn 0 0 0
vn -0.03103459 0.184475 0.9823471
vn -0.07858214 0.2617016 0.9619445
vn -0.1585681 0.3034435 0.9395628
vn -0.2495601 0.2985155 0.9211994
vn -0.3271771 0.2482377 0.9117748
vn -0.3706216 0.1660823 0.9138142
vn -0.3682526 0.07406279 0.9267712
vn -0.3207051 -0.003164148 0.9471739
vn -0.2407192 -0.04490541 0.9695555
vn -0.1497272 -0.03997745 0.9879189
vn -0.07211014 0.01029989 0.9973435
vn -0.02866566 0.09245574 0.9953041
vn 0.307514 0.2705135 0.9122815
vn 0.171672 0.491149 0.8539914
vn -0.05684548 0.6104041 0.7900478
vn -0.3168072 0.5963245 0.7375842
vn -0.5385567 0.4526827 0.7106582
vn -0.6626764 0.2179678 0.7164845
vn -0.6559085 -0.04492893 0.7535022
vn -0.5200664 -0.2655644 0.8117923
vn -0.291549 -0.3848193 0.8757359
vn -0.03158727 -0.3707395 0.9281996
vn 0.1901623 -0.2270981 0.9551255
vn 0.3142819 0.007617154 0.9492992
vn 0.6016265 0.3215634 0.7311925
vn 0.3959333 0.6556514 0.6429293
vn 0.04991006 0.8362285 0.5461053
vn -0.3437262 0.814909 0.4666643
vn -0.6795012 0.5974056 0.4258927
vn -0.8674445 0.2419981 0.4347151
vn -0.8571963 -0.1560825 0.4907676
vn -0.6515031 -0.4901704 0.5790309
vn -0.30548 -0.6707474 0.675855
vn 0.08815632 -0.6494279 0.7552959
vn 0.4239313 -0.4319246 0.7960675
vn 0.6118746 -0.0765169 0.787245
vn 0.8184539 0.3335983 0.4678092
vn 0.5686696 0.7392994 0.3606263
vn 0.148475 0.9585839 0.2430477
vn -0.3295388 0.9326946 0.1465783
vn -0.7372885 0.6685684 0.09706699
vn -0.9655179 0.236978 0.1077808
vn -0.9530731 -0.2464327 0.1758482
vn -0.7032888 -0.6521337 0.2830311
vn -0.2830943 -0.8714181 0.4006098
vn 0.1949194 -0.8455287 0.4970792
vn 0.6026691 -0.5814027 0.5465902
vn 0.8308987 -0.149812 0.5358766
vn 0.9389095 0.3074163 0.1547391
vn 0.674138 0.7374596 0.04112542
vn 0.2287318 0.9699011 -0.08350821
vn -0.2779628 0.9424584 -0.1857656
vn -0.7101777 0.6624847 -0.2382473
vn -0.9521008 0.2049987 -0.226891
vn -0.9389093 -0.3074166 -0.1547397
vn -0.6741378 -0.7374598 -0.04112568
vn -0.2287317 -0.9699012 0.08350767
vn 0.2779629 -0.9424585 0.1857652
vn 0.7101777 -0.6624847 0.238247
vn 0.952101 -0.2049987 0.2268907
vn 0.9530731 0.2464325 -0.1758481
vn 0.7032888 0.6521336 -0.2830311
vn 0.2830943 0.8714181 -0.4006097
vn -0.1949195 0.8455287 -0.497079
vn -0.6026692 0.5814027 -0.5465903
vn -0.8308987 0.1498121 -0.5358766
vn -0.8184539 -0.3335985 -0.467809
vn -0.5686695 -0.7392995 -0.3606262
vn -0.1484751 -0.9585839 -0.2430476
vn 0.3295388 -0.9326945 -0.1465781
vn 0.7372885 -0.6685684 -0.09706686
vn 0.965518 -0.2369778 -0.1077806
vn 0.8571962 0.1560823 -0.4907677
vn 0.6515031 0.4901704 -0.5790309
vn 0.3054801 0.6707473 -0.675855
vn -0.0881563 0.6494278 -0.7552961
vn -0.4239312 0.4319246 -0.7960676
vn -0.6118745 0.07651699 -0.7872451
vn -0.6016264 -0.3215636 -0.7311926
vn -0.3959331 -0.6556515 -0.6429293
vn -0.04991023 -0.8362284 -0.5461054
vn 0.3437263 -0.8149089 -0.4666645
vn 0.6795012 -0.5974057 -0.4258927
vn 0.8674444 -0.241998 -0.4347152
vn 0.6559085 0.04492876 -0.7535022
vn 0.5200664 0.2655644 -0.8117923
vn 0.291549 0.3848194 -0.8757359
vn 0.03158725 0.3707397 -0.9281996
vn -0.1901622 0.2270981 -0.9551256
vn -0.314282 -0.00761706 -0.9492992
vn -0.307514 -0.2705137 -0.9122815
vn -0.1716719 -0.491149 -0.8539915
vn 0.05684541 -0.6104041 -0.7900478
vn 0.3168072 -0.5963245 -0.7375841
vn 0.5385567 -0.4526829 -0.7106581
vn 0.6626763 -0.2179677 -0.7164846
vn 0.3682525 -0.07406309 -0.9267712
vn 0.320705 0.003164077 -0.9471739
vn 0.2407191 0.04490576 -0.9695555
vn 0.1497272 0.03997725 -0.9879189
vn 0.0721103 -0.01029999 -0.9973435
vn 0.02866586 -0.09245561 -0.9953041
vn 0.03103477 -0.1844747 -0.9823472
vn 0.07858229 -0.2617017 -0.9619445
vn 0.1585681 -0.3034428 -0.939563
vn 0.24956 -0.2985151 -0.9211995
vn 0.327177 -0.2482373 -0.9117749
vn 0.3706214 -0.1660823 -0.9138142
vn 0.8738569 0.2859632 0.3931911
vn 0.8267219 0.3514788 0.4393103
vn 0.7728344 0.3766405 0.5107533
vn 0.7266338 0.3547057 0.5883769
vn 0.7004995 0.2915515 0.6513819
vn 0.701434 0.2041004 0.6828861
vn 0.7291871 0.1157847 0.674448
vn 0.7763221 0.05026884 0.6283287
vn 0.8302096 0.02510781 0.5568858
vn 0.8764101 0.04704256 0.4792623
vn 0.9025446 0.1101963 0.4162573
vn 0.90161 0.1976479 0.3847531
vn 0.9060198 0.4183673 0.06400768
vn 0.771356 0.6055447 0.1957692
vn 0.6174012 0.6774305 0.3998798
vn 0.4854073 0.614763 0.6216481
vn 0.4107422 0.4343338 0.8016515
vn 0.413412 0.184489 0.8916582
vn 0.4927016 -0.06782591 0.8675511
vn 0.6273654 -0.2550032 0.7357895
vn 0.7813202 -0.3268889 0.531679
vn 0.9133141 -0.2642212 0.3099108
vn 0.9879792 -0.08379235 0.1299073
vn 0.9853094 0.1660527 0.03990057
vn 0.8259513 0.4966715 -0.2666869
vn 0.6220424 0.7800969 -0.06717248
vn 0.3889226 0.888947 0.2418937
vn 0.1890562 0.7940553 0.5776971
vn 0.07599754 0.520848 0.8502598
vn 0.08004022 0.1425308 0.9865488
vn 0.2001014 -0.2395266 0.9500455
vn 0.4040104 -0.5229521 0.750531
vn 0.6371302 -0.631802 0.441465
vn 0.8369964 -0.5369103 0.1056616
vn 0.9500551 -0.2637031 -0.1669011
vn 0.9460123 0.1146143 -0.3031903
vn 0.650234 0.5147269 -0.5587951
vn 0.4026164 0.8589057 -0.316514
vn 0.1195264 0.9910882 0.0588016
vn -0.123182 0.8758562 0.4665858
vn -0.2604754 0.5440857 0.7975734
vn -0.2555658 0.08467489 0.9630765
vn -0.1097693 -0.379278 0.9187486
vn 0.1378485 -0.7234568 0.6764674
vn 0.4209384 -0.8556392 0.301152
vn 0.6636467 -0.7404072 -0.1066322
vn 0.8009399 -0.4086368 -0.4376198
vn 0.7960305 0.05077425 -0.6031231
vn 0.4028016 0.4738225 -0.7830983
vn 0.140327 0.8386523 -0.5262802
vn -0.1597486 0.9787657 -0.1284458
vn -0.4170193 0.8566197 0.3038055
vn -0.5625501 0.5049431 0.6546525
vn -0.5573463 0.01796731 0.8300857
vn -0.402802 -0.4738228 0.7830979
vn -0.1403271 -0.8386524 0.52628
vn 0.1597481 -0.9787657 0.1284456
vn 0.4170189 -0.8566197 -0.3038057
vn 0.5625499 -0.5049431 -0.6546527
vn 0.557346 -0.01796731 -0.830086
vn 0.1097693 0.3792779 -0.9187486
vn -0.1378485 0.7234568 -0.6764674
vn -0.4209383 0.8556393 -0.3011519
vn -0.6636466 0.7404072 0.1066324
vn -0.80094 0.4086368 0.4376199
vn -0.7960305 -0.05077416 0.6031231
vn -0.6502338 -0.5147271 0.5587952
vn -0.4026162 -0.8589058 0.3165139
vn -0.1195264 -0.9910882 -0.05880142
vn 0.1231821 -0.8758561 -0.4665858
vn 0.2604755 -0.5440858 -0.7975733
vn 0.255566 -0.0846747 -0.9630764
vn -0.2001015 0.2395265 -0.9500456
vn -0.4040104 0.522952 -0.750531
vn -0.6371301 0.631802 -0.4414652
vn -0.8369964 0.5369102 -0.1056617
vn -0.9500551 0.2637031 0.166901
vn -0.9460124 -0.1146142 0.3031901
vn -0.8259513 -0.4966716 0.2666868
vn -0.6220423 -0.7800971 0.06717228
vn -0.3889227 -0.888947 -0.2418935
vn -0.1890565 -0.7940552 -0.5776972
vn -0.07599752 -0.5208481 -0.8502598
vn -0.08004033 -0.1425307 -0.9865488
vn -0.4927016 0.06782573 -0.8675511
vn -0.6273654 0.2550032 -0.7357895
vn -0.7813202 0.326889 -0.5316789
vn -0.913314 0.2642213 -0.3099107
vn -0.9879793 0.08379237 -0.1299073
vn -0.9853093 -0.1660526 -0.03990057
vn -0.9060197 -0.4183674 -0.06400767
vn -0.771356 -0.6055447 -0.1957693
vn -0.6174012 -0.6774305 -0.3998797
vn -0.4854073 -0.614763 -0.6216481
vn -0.410742 -0.4343339 -0.8016514
vn -0.4134121 -0.1844889 -0.8916582
vn -0.7291871 -0.1157851 -0.674448
vn -0.7763222 -0.05026894 -0.6283287
vn -0.8302096 -0.02510749 -0.5568857
vn -0.8764101 -0.04704276 -0.4792623
vn -0.9025445 -0.1101964 -0.4162574
vn -0.9016099 -0.1976477 -0.3847533
vn -0.873857 -0.2859629 -0.3931912
vn -0.8267217 -0.3514789 -0.4393104
vn -0.7728347 -0.3766398 -0.5107534
vn -0.726634 -0.3547054 -0.5883768
vn -0.7004997 -0.2915512 -0.6513817
vn -0.7014341 -0.2041005 -0.6828859
vn -0.949439 0.2183864 0.2255505
vn 0.949439 -0.2183866 -0.2255501
vn -0.04948672 0.9255641 -0.3753429
vn 0.06309088 -0.9899814 -0.1263189
vn 0.06392011 -0.9274399 -0.3684692
vn -0.06321955 0.8897471 0.4520548
vn -0.9990293 -0.03899479 0.02049103
vn 0.9990293 0.03899502 -0.0204902
vn -0.99541 0.076028 0.05812741
vn 0.7654276 0.6403479 0.06383741
vn -0.03225369 0.17767 -0.9835614
vn -0.020725 0.4177294 0.9083351
vn 0.08276284 -0.9841715 -0.1567066
vn -0.0365392 0.9067863 0.4200042
vn -0.9948923 -0.06794669 0.07464974
vn -0.07948998 0.2487236 -0.9653072
vn -0.08786796 0.9204688 0.3808104
vn 0.9638155 0.2328425 0.1297857
vn 0.01536049 0.5547982 0.8318433
vn -0.2061968 0.4007691 -0.8926741
vn -0.1456951 0.4681148 -0.8715742
vn -0.05807517 0.498449 -0.8649716
vn 0.0331854 0.483645 -0.8746349
vn 0.1036333 0.4276684 -0.8979755
vn 0.1343923 0.3455192 -0.9287386
vn 0.1172203 0.2592084 -0.9586816
vn 0.05671863 0.1918629 -0.9797814
vn -0.03090133 0.1615283 -0.9863842
vn -0.1221618 0.1763327 -0.9767208
vn -0.1926098 0.2323094 -0.9533803
vn -0.2233689 0.3144576 -0.9226174
vn -0.5008151 0.4901471 -0.7134005
vn -0.3279634 0.6825509 -0.653119
vn -0.07763528 0.7692161 -0.6342551
vn 0.1830939 0.7269207 -0.6618634
vn 0.384362 0.5669976 -0.7285463
vn 0.4722395 0.3322983 -0.816436
vn 0.4231795 0.08571023 -0.9019828
vn 0.2503278 -0.1066936 -0.9622643
vn -2.736763E-07 -0.1933588 -0.9811282
vn -0.2607294 -0.1510635 -0.9535198
vn -0.4619976 0.00885922 -0.8868369
vn -0.549875 0.2435592 -0.7989472
vn -0.7280354 0.5174152 -0.4497177
vn -0.4663019 0.8087546 -0.358439
vn -0.08725306 0.9399837 -0.3298753
vn 0.3075451 0.8759396 -0.37168
vn 0.6123069 0.6337829 -0.4726517
vn 0.7453718 0.2783991 -0.605735
vn 0.5785912 0.2217982 -0.7848808
vn -0.3564886 0.2302856 -0.9054748
vn -0.03228559 0.1780425 -0.9834931
vn 0.2047158 -0.7818702 -0.5888723
vn -0.5699563 0.3339973 -0.7507301
vn -0.8023224 0.1440297 -0.5792532
vn -0.8645126 0.4830916 -0.1387103
vn -0.5466756 0.8368807 -0.02786567
vn -0.08637615 0.9962392 0.006820927
vn 0.3930486 0.9184671 -0.04394482
vn 0.7631372 0.6244032 -0.1665601
vn 0.9132878 -0.1114526 -0.3917702
vn 0.8876584 -0.4414375 -0.1311317
vn 0.1870066 0.04414806 -0.9813661
vn 0.2544577 0.158882 -0.9539433
vn -0.8731357 0.1843839 -0.4512613
vn -0.9419764 -0.002691087 -0.3356685
vn -0.9547232 0.02966925 -0.2960124
vn -0.9004843 0.3941463 0.1837843
vn -0.5635771 0.7691628 0.3012796
vn -0.07565953 0.938083 0.3380474
vn 0.4325307 0.8556444 0.2842357
vn 0.8248247 0.5439366 0.1542633
vn 0.9961077 0.08648141 -0.01704362
vn 0.783622 -0.4144402 -0.4627916
vn 0.880632 -0.4500169 -0.14823
vn 0.01932915 -0.9131503 0.4071645
vn -0.3678218 -0.9157324 0.1616832
vn -0.8248248 -0.5439367 -0.1542629
vn -0.9961076 -0.08648148 0.01704421
vn -0.8345143 0.260581 0.4854724
vn -0.5166772 0.61437 0.5963172
vn -0.05637783 0.7737285 0.6310038
vn 0.4230469 0.6959564 0.5802379
vn 0.7931356 0.4018925 0.4576226
vn 0.9547234 -0.02966902 0.2960122
vn 0.8645126 -0.4830916 0.13871
vn 0.5630437 -0.8150617 -0.1365881
vn 0.08637626 -0.9962393 -0.006821073
vn -0.3930486 -0.9184671 0.04394469
vn -0.7631373 -0.6244031 0.16656
vn -0.924725 -0.1928415 0.3281704
vn -0.6710845 0.09498645 0.7352708
vn -0.4093511 0.386326 0.8265495
vn -0.03030244 0.5175549 0.8551133
vn 0.3644958 0.4535109 0.8133085
vn 0.6692576 0.2113541 0.7123368
vn 0.8023222 -0.1440295 0.5792535
vn 0.7280352 -0.5174152 0.4497179
vn 0.4663018 -0.8087546 0.3584392
vn 0.08725318 -0.9399836 0.3298753
vn -0.3075451 -0.8759395 0.3716801
vn -0.6123068 -0.6337829 0.4726517
vn -0.7453716 -0.2783991 0.6057352
vn -0.4231794 -0.08571039 0.9019828
vn -0.2503277 0.1066935 0.9622643
vn 3.907098E-07 0.1933587 0.9811282
vn 0.2607293 0.1510632 0.9535198
vn 0.4619974 -0.008859799 0.8868371
vn 0.5498748 -0.2435591 0.7989473
vn 0.5008149 -0.4901471 0.7134006
vn 0.3279632 -0.6825509 0.653119
vn 0.07763524 -0.7692159 0.6342552
vn -0.1830937 -0.7269206 0.6618635
vn -0.3843618 -0.5669975 0.7285464
vn -0.4722392 -0.3322981 0.8164363
vn -0.1172203 -0.2592079 0.9586818
vn -0.05671864 -0.1918625 0.9797816
vn 0.03090134 -0.1615281 0.9863842
vn 0.1221619 -0.1763324 0.9767207
vn 0.1926099 -0.2323087 0.9533804
vn 0.2233688 -0.3144583 0.9226171
vn 0.2061968 -0.4007695 0.8926739
vn 0.1456952 -0.4681144 0.8715744
vn 0.05807519 -0.498449 0.8649716
vn -0.03318542 -0.4836451 0.8746349
vn -0.1036334 -0.4276685 0.8979754
vn -0.1343924 -0.3455192 0.9287385
vn -0.2622429 -0.8160566 -0.5150536
vn -0.5869481 -0.805746 -0.07915501
vn -0.1890745 -0.9404244 0.2825825
vn -0.4241937 -0.8658951 0.2651138
vn 0.1656551 0.1121682 -0.9797841
vn 0.9895566 -0.1358721 0.0481301
vn 0.938601 -0.299173 -0.1718244
vn 0.9340957 -0.3235603 -0.1509108
vn 0.5999538 0.1668008 -0.7824531
vn 0.3448156 -0.146639 -0.9271457
vn 0.3589788 0.3955778 -0.8453712
vn -0.1469658 -0.07226667 -0.9864982
vn 0.6177782 0.430495 -0.6580458
vn 0.98146 -0.07432801 0.1766682
vn -0.1791897 0.4978901 -0.8485261
vn -0.6613911 -0.05059232 -0.748333
vn -0.7343239 -0.1263035 -0.6669452
vn 0.706112 0.1357007 -0.6949757
vn -0.4233891 0.4884248 -0.7630091
vn -0.6634169 0.3727567 -0.6487916
vn -0.9431309 0.0191043 -0.3318721
vn 0.2056098 0.3012421 -0.9311164
vn -0.8602451 -0.408652 0.3049293
vn 0.7929425 -0.5484426 0.2654299
vn -0.0382212 -0.9846825 0.1701161
vn 0.8676729 -0.04930245 -0.4946849
vn 0.8035438 -0.5702971 -0.1705243
vn 0.4337679 0.9007266 -0.02317516
vn 0.9686056 0.2210782 -0.1137002
vn 0.7669778 -0.6116437 -0.1940026
vn 2.683504E-08 -0.9425485 -0.3340697
vn -0.7541664 -0.6014274 -0.263663
vn -0.9733631 0.2221637 -0.05663551
vn -0.4323684 0.8978211 -0.08351554
vn -0.06351946 -0.1863299 0.9804318
vn 0.3872486 0.8392125 -0.3817865
vn 0.4278688 0.8884772 -0.1659416
vn 0.965681 0.2204108 0.1374022
vn 0.7668622 -0.6115515 0.1947493
vn -1.770997E-08 -0.9800162 0.198918
vn -0.7702565 -0.6142588 0.1714387
vn -0.9715131 0.2217415 0.08362435
vn -0.4297018 0.8922844 -0.1385099
vn -0.0354514 0.5701054 0.8208064
vn 0.300274 0.9428458 -0.1444899
vn -0.4653428 0.8731254 -0.1452862
vn 0.0315822 -0.1696448 0.9849991
vn -0.9976391 -0.05393705 0.04251017
vn -0.01119588 -0.1214449 0.9925351
vn 0.9873161 -0.1396159 0.07559297
vn -0.1628791 -0.9308126 0.3271978
vn 0.9962178 -0.08591726 0.01297323
vn -0.03419452 -0.4891464 0.8715312
vn -0.5338776 -0.7816495 0.3224883
vn -0.196209 -0.9639482 -0.1797383
vn -0.9701298 -0.1606396 -0.1817779
vn -0.736124 -0.4396223 -0.5146394
vn 0.5194936 -0.8039982 -0.2893327
vn -0.3257887 0.8298396 -0.4530208
vn -0.1692422 -0.181945 -0.9686347
vn 0.8530097 0.5212279 0.02638019
vn 0.2651985 0.9416618 -0.2072266
vn -0.07021262 -0.9447807 -0.3200932
vn -0.1437414 0.988274 0.05150608
vn 0.5458798 0.837834 0.007034351
vt -0.1109913 0.1380146
vt -0.1088208 0.1314351
vt -0.1083459 0.1315918
vt -0.1105165 0.1381712
vt 0.07742427 0.03493597
vt 0.0796422 0.04149956
vt 0.07916851 0.04165963
vt 0.07695059 0.03509603
vt 0.1017723 -0.05500509
vt 0.1086826 -0.05450799
vt 0.1086468 -0.05400927
vt 0.1017364 -0.05450638
vt -0.1017414 0.1333105
vt -0.09840278 0.1272397
vt -0.09481465 0.1331664
vt 0.09481465 0.1331664
vt 0.09840277 0.1272397
vt 0.1017414 0.1333105
vt -0.06013202 0.1623929
vt -0.05835829 0.1556956
vt -0.05787496 0.1558236
vt -0.05964868 0.1625209
vt 0.02590227 0.03907738
vt 0.02744462 0.04583172
vt 0.02695716 0.04594303
vt 0.02541482 0.03918869
vt 0.0925822 -0.07519909
vt 0.09851411 -0.07877853
vt 0.09877244 -0.07835043
vt 0.09284052 -0.07477099
vt -0.1401585 0.1099202
vt -0.1359598 0.1044092
vt -0.1332865 0.1108009
vt 0.1332865 0.1108009
vt 0.1359598 0.1044092
vt 0.1401585 0.1099202
vt 0.1442688 0.111175
vt 0.1436282 0.1099662
vt 0.1469279 0.1074964
vt 0.1477847 0.1089764
vt 0.1225313 0.1115324
vt 0.1218181 0.1103651
vt 0.1250738 0.1080544
vt 0.1260804 0.1094368
vt 0.0759323 0.0318897
vt 0.07489391 0.03099913
vt 0.07748388 0.02819603
vt 0.07887451 0.02919116
vt -0.04000963 -0.03540501
vt -0.04137769 -0.03540025
vt -0.04098389 -0.03905251
vt -0.0392766 -0.03915044
vt -0.1389135 0.05817501
vt -0.1398637 0.05915931
vt -0.1421854 0.05636579
vt -0.1409889 0.05514402
vt -0.14312 0.114686
vt -0.1438059 0.1158697
vt -0.1469563 0.1138982
vt -0.1460041 0.1124778
vt -0.1212869 0.06670351
vt -0.1220592 0.06783278
vt -0.125414 0.06587408
vt -0.1243217 0.06455826
vt -0.05092608 -0.05112361
vt -0.05209809 -0.05041789
vt -0.05470448 -0.05352369
vt -0.05317593 -0.05429047
vt 0.1272263 -0.007451246
vt 0.1261355 -0.008276985
vt 0.1279763 -0.01199269
vt 0.1293138 -0.01092707
vt 0.02836453 0.1749933
vt 0.02757176 0.1734781
vt 0.02793843 0.1718077
vt 0.02929299 0.1707639
vt 0.03100161 0.1708349
vt 0.03226482 0.1719877
vt 0.03249154 0.1736827
vt 0.03157569 0.1751269
vt 0.02994581 0.1756445
vt -0.06811824 0.1487617
vt -0.06905559 0.1483444
vt -0.06950538 0.1474221
vt -0.06925716 0.1464266
vt -0.06842705 0.1458235
vt -0.06740349 0.145895
vt -0.0666654 0.1466078
vt -0.06655816 0.1476282
vt -0.06713192 0.1484789
vt -0.1090222 -0.04904635
vt -0.1082413 -0.05016933
vt -0.1044921 -0.05030559
vt -0.1051163 -0.04908852
vt -0.1053454 0.07366783
vt -0.1045007 0.07259175
vt -0.1008904 0.07241806
vt -0.1015944 0.07359101
vt -0.09963568 0.1465768
vt -0.09917619 0.1452883
vt -0.09562582 0.1450857
vt -0.09602584 0.1463938
vt -0.09317902 0.1559346
vt -0.0933945 0.1545838
vt -0.08980756 0.1542575
vt -0.08963726 0.1556148
vt 0.1242602 0.08043962
vt 0.1232418 0.08135224
vt 0.1223637 0.07772534
vt 0.1234726 0.0769252
vt 0.1063539 0.0105774
vt 0.1072229 0.01163402
vt 0.1033346 0.0116282
vt 0.1026239 0.01045922
vt 0.1076247 0.1159916
vt 0.1083334 0.1171616
vt 0.104337 0.1172223
vt 0.1037364 0.1159933
vt 0.1101937 0.1477905
vt 0.1104301 0.149138
vt 0.1064269 0.149222
vt 0.1061976 0.1478733
vt 0.1117764 0.1240789
vt 0.111446 0.1254061
vt 0.1075425 0.1255493
vt 0.1077743 0.1242014
vt -0.1033424 0.149922
vt -0.1044342 0.1490981
vt -0.1038477 0.1455915
vt -0.1030115 0.1461855
vt -0.1450367 0.0915861
vt -0.1448056 0.09023786
vt -0.1425556 0.08791344
vt -0.1426702 0.08893285
vt -0.09266764 0.146468
vt -0.09228339 0.1451551
vt -0.08996914 0.143364
vt -0.09021325 0.1443605
vt -0.01147311 0.1811785
vt -0.01224818 0.1800511
vt -0.01056069 0.1778226
vt -0.009974634 0.1786648
vt 0.07105499 0.1640183
vt 0.06969621 0.1641768
vt 0.07047494 0.1613559
vt 0.07149617 0.1612581
vt 0.1428035 0.06532373
vt 0.1427938 0.06669162
vt 0.1409533 0.06402995
vt 0.1410169 0.06300607
vt 0.0853655 0.121972
vt 0.08595042 0.1232086
vt 0.08297934 0.1212527
vt 0.08259354 0.1203021
vt 0.02682089 0.1751314
vt 0.02648337 0.1764571
vt 0.02397479 0.173667
vt 0.02424579 0.1726775
vt -0.033212 0.1802131
vt -0.03446687 0.180758
vt -0.0357425 0.1772303
vt -0.03480405 0.1768155
vt -0.09391077 -0.04876216
vt -0.09342439 -0.04966561
vt -0.09034955 -0.05002946
vt -0.09082213 -0.04911871
vt -0.08301289 0.0735433
vt -0.08250494 0.0726518
vt -0.07944104 0.07247328
vt -0.0799209 0.0733802
vt -0.07720996 0.1479017
vt -0.07700928 0.1468956
vt -0.07397506 0.146702
vt -0.07414665 0.1477136
vt -0.06862661 0.1646238
vt -0.06889434 0.1636333
vt -0.0658882 0.1633093
vt -0.06560405 0.1642952
vt 0.141591 0.01210138
vt 0.1411131 0.01300935
vt 0.139491 0.01045445
vt 0.1399717 0.009547973
vt 0.08602262 0.01113964
vt 0.08657593 0.01200373
vt 0.08353744 0.0117703
vt 0.08300641 0.01089233
vt 0.08078381 0.1181937
vt 0.08116834 0.1191449
vt 0.07809576 0.1189775
vt 0.07774165 0.1180145
vt 0.07727202 0.1603235
vt 0.07725846 0.1613494
vt 0.07416388 0.1611416
vt 0.07420187 0.1601163
vt 0.06303121 0.1543742
vt 0.06252717 0.155268
vt 0.05946208 0.1547464
vt 0.05997313 0.1538567
vt -0.02901797 -0.03898033
vt -0.02821242 -0.03961585
vt -0.02607471 -0.03890741
vt -0.02688933 -0.03828355
vt -0.05777623 0.08508049
vt -0.05725719 0.08419542
vt -0.0550263 0.08465426
vt -0.05556856 0.0855253
vt -0.07349895 0.1478719
vt -0.07332942 0.14686
vt -0.07107885 0.1473559
vt -0.07127494 0.148363
vt -0.09950938 0.1428694
vt -0.09954171 0.1418439
vt -0.0973805 0.1426882
vt -0.09736519 0.1437141
vt -0.0360226 -0.097588
vt -0.03502294 -0.09735672
vt -0.03670516 -0.09576306
vt -0.03770563 -0.09599078
vt 0.04906217 0.02759252
vt 0.04972805 0.02837316
vt 0.04749265 0.02890122
vt 0.04680948 0.02813567
vt 0.06693599 0.1222706
vt 0.0672825 0.1232363
vt 0.06505859 0.123686
vt 0.06468554 0.1227302
vt 0.08285739 0.1563828
vt 0.08286753 0.1574087
vt 0.08069415 0.157977
vt 0.08066088 0.1569515
vt 0.1333637 0.07117558
vt 0.1336322 0.0721659
vt 0.1320913 0.07379143
vt 0.1318154 0.07280316
vt -0.1263413 0.01245964
vt -0.1255343 0.01396734
vt -0.1291647 0.01500385
vt -0.1300124 0.0135186
vt -0.1236692 0.1050158
vt -0.1219755 0.1047796
vt -0.1226228 0.1085129
vt -0.1243184 0.1087351
vt 0.07867655 0.164716
vt 0.07874849 0.1630074
vt 0.08243378 0.1641376
vt 0.0822943 0.165842
vt 0.1005097 0.1230389
vt 0.1006993 0.1213393
vt 0.1045653 0.1221107
vt 0.1042888 0.1237983
vt 0.1140365 0.04903233
vt 0.1145951 0.04741606
vt 0.1185101 0.04828605
vt 0.1178868 0.04987847
vt 0.1393781 -0.004853694
vt 0.1405258 -0.006121473
vt 0.1441081 -0.004280561
vt 0.1429473 -0.003024702
vt -0.03917933 0.1722356
vt -0.03874979 0.1738908
vt -0.04216214 0.1759496
vt -0.04263407 0.1743059
vt -0.09282786 0.1475784
vt -0.09274907 0.1492866
vt -0.09655344 0.1501611
vt -0.09671471 0.1484586
vt -0.109421 0.08744721
vt -0.1090598 0.08911868
vt -0.112808 0.08986006
vt -0.1132497 0.08820803
vt 0.1364755 0.08749715
vt 0.1351373 0.08856189
vt 0.1334278 0.08851736
vt 0.1321469 0.08738439
vt 0.1318939 0.08569311
vt 0.1327872 0.08423489
vt 0.1344088 0.08369204
vt 0.136 0.08431858
vt 0.1368162 0.08582133
vt -0.1409054 0.1064241
vt -0.140416 0.1055223
vt -0.1394613 0.1051461
vt -0.1384882 0.1054716
vt -0.137952 0.1063464
vt -0.1381035 0.1073612
vt -0.1388719 0.1080412
vt -0.1398976 0.1080682
vt -0.1407007 0.1074295
vt -0.1136179 0.1383865
vt -0.1135383 0.1366788
vt -0.1089479 0.1364479
vt -0.1092006 0.1377917
vt -0.1015371 0.1425581
vt -0.1012177 0.1408781
vt -0.09660678 0.1406168
vt -0.09698355 0.1419319
vt 0.1135741 -0.05845784
vt 0.1128913 -0.05688993
vt 0.1084316 -0.05752389
vt 0.1089672 -0.05878279
vt 0.1025108 0.03456416
vt 0.1020434 0.03620905
vt 0.09777725 0.03565316
vt 0.09801369 0.03430578
vt 0.09395508 0.1195491
vt 0.09374696 0.1212463
vt 0.0897185 0.1204224
vt 0.08968142 0.1190551
vt 0.07088751 0.1664139
vt 0.07073639 0.1681173
vt 0.06701353 0.1665686
vt 0.06695832 0.1652016
vt -0.1260685 0.1043925
vt -0.1277716 0.104547
vt -0.1265193 0.1006467
vt -0.1251636 0.1004632
vt -0.1355356 0.0314893
vt -0.1364798 0.03006363
vt -0.1323721 0.0289207
vt -0.1316814 0.03010153
vt -0.1227052 0.09075997
vt -0.1230958 0.08909577
vt -0.1186687 0.08858015
vt -0.1185214 0.08993943
vt -0.08347556 0.1474897
vt -0.0833642 0.1461262
vt -0.07958025 0.1475421
vt -0.07975343 0.1485534
vt -0.131001 0.1084637
vt -0.1302107 0.107347
vt -0.1273059 0.1103419
vt -0.1279644 0.1111287
vt -0.06308988 -0.07499729
vt -0.06211179 -0.07404077
vt -0.06515907 -0.07113727
vt -0.06586502 -0.07188185
vt 0.01177221 0.01369928
vt 0.01199947 0.01504834
vt 0.008024786 0.01618497
vt 0.007831206 0.01517735
vt 0.03728264 0.1212062
vt 0.03724055 0.1225737
vt 0.03331519 0.1232241
vt 0.03326961 0.122199
vt 0.05904114 0.1679916
vt 0.05903473 0.1693597
vt 0.05527115 0.1699789
vt 0.0551811 0.1689568
vt 0.1454477 -0.004906673
vt 0.1467538 -0.004499381
vt 0.1457675 -0.000912709
vt 0.1447701 -0.001153175
vt -0.03556885 -0.04695467
vt -0.03539745 -0.04831197
vt -0.03178503 -0.04733136
vt -0.03190493 -0.04631232
vt -0.05985437 0.07341685
vt -0.05986764 0.07204884
vt -0.05611955 0.07301711
vt -0.05616383 0.07404222
vt -0.04813756 0.1567869
vt -0.04807796 0.1557625
vt -0.0444271 0.1558739
vt -0.04452182 0.1568955
vt -0.05544455 0.1640106
vt -0.0553586 0.1629881
vt -0.05169117 0.1632574
vt -0.05180177 0.1642775
vt 0.03456918 -0.1023322
vt 0.03466905 -0.101311
vt 0.03100269 -0.1009938
vt 0.03090557 -0.1020152
vt 0.04376625 0.01433325
vt 0.04382735 0.01535749
vt 0.04016966 0.0154736
vt 0.04008806 0.01445079
vt 0.0466649 0.1217175
vt 0.04672509 0.1227417
vt 0.04310107 0.1228389
vt 0.04300673 0.1218171
vt 0.05022821 0.1704301
vt 0.05029016 0.1714543
vt 0.04669952 0.1715959
vt 0.04660575 0.1705742
vt 0.1267651 0.07508345
vt 0.127454 0.07584383
vt 0.1248022 0.07824714
vt 0.1241025 0.07749666
vt -0.04166013 -0.04507178
vt -0.04159536 -0.04609579
vt -0.03801026 -0.04594559
vt -0.03808447 -0.04492223
vt -0.04544095 0.07360684
vt -0.04538041 0.07258257
vt -0.04176435 0.07268004
vt -0.04185397 0.07370218
vt -0.07323291 0.1490908
vt -0.07303666 0.1480836
vt -0.07088304 0.1488445
vt -0.07108136 0.1498512
vt -0.1213982 0.1192378
vt -0.1207561 0.1184376
vt -0.1189667 0.119882
vt -0.1196209 0.1206724
vt -0.05778908 -0.08047493
vt -0.05714254 -0.07967821
vt -0.05872307 -0.07797793
vt -0.05935235 -0.07878835
vt 0.02606023 0.01418158
vt 0.02619522 0.01519873
vt 0.02399697 0.01599854
vt 0.02388011 0.01497915
vt 0.05734887 0.1198552
vt 0.0574585 0.1208754
vt 0.05521786 0.1215663
vt 0.05511381 0.1205455
vt 0.09058991 0.1522944
vt 0.09094165 0.1532583
vt 0.08881687 0.1542273
vt 0.0884563 0.1532667
vt 0.141679 0.0054283
vt 0.1426999 0.005531467
vt 0.1422996 0.007812057
vt 0.1412769 0.007728754
vt 0.001140534 -0.04372895
vt 0.001428618 -0.04471374
vt 0.003465874 -0.04365835
vt 0.003198487 -0.04266775
vt -0.04356414 0.07365511
vt -0.04347707 0.07263276
vt -0.04130299 0.07332624
vt -0.04137738 0.0743496
vt 0.1429701 0.1351418
vt 0.1454276 0.135756
vt 0.1399846 0.161915
vt -0.1329115 0.1396355
vt -0.1242381 0.146401
vt -0.1253218 0.1473806
vt 0.1415356 0.1377798
vt 0.1442838 0.1271287
vt 0.1439883 0.1384127
vt -0.1325896 0.1437521
vt -0.1350859 0.1441958
vt -0.1367684 0.1334349
vt 0.06012181 0.07972959
vt 0.04540429 0.07469026
vt 0.05528272 0.06985117
vt -0.07389544 0.0784985
vt -0.05970072 0.07355433
vt -0.06380557 0.08291683
vt 0.1552173 0.1148964
vt 0.1585927 0.116906
vt 0.1558418 0.126167
vt -0.1541876 0.1234104
vt -0.1555621 0.1132804
vt -0.1543151 0.1125195
vt -0.1280863 0.1443951
vt -0.1383991 0.1391538
vt -0.1355106 0.1364914
vt -0.08264504 0.05212288
vt -0.07944305 0.04300804
vt -0.06854977 0.04690194
vt -0.0737638 0.07814257
vt -0.06367488 0.08256312
vt -0.07322355 0.1074854
vt 0.06636957 0.06019365
vt 0.05670503 0.06492816
vt 0.05171331 0.05497885
vt -0.1367472 0.1398561
vt -0.1342476 0.1394315
vt -0.1279898 0.1631667
vt 0.09421203 0.077893
vt 0.1047202 0.07381783
vt 0.1008945 0.1015122
vt 0.1428007 0.1599331
vt 0.1342739 0.1655681
vt 0.1321917 0.163307
vt -0.1047202 0.07381783
vt -0.09421203 0.077893
vt -0.1008945 0.1015122
vt 0.06432399 0.08408208
vt 0.07405978 0.07949585
vt 0.07242448 0.1072533
vt 0.1273256 0.1673255
vt 0.1295203 0.1697528
vt 0.1176382 0.1720131
vt -0.09127461 0.1109317
vt -0.1000218 0.1056453
vt -0.09277531 0.0816223
vt 0.1166821 0.0792657
vt 0.1227003 0.1036255
vt 0.1120405 0.1068351
vt -0.147911 0.1487689
vt -0.1500072 0.1510168
vt -0.1540474 0.1246354
vt 0.08459918 0.08170222
vt 0.0923114 0.1050589
vt 0.08247563 0.1094266
vt -0.1032717 0.1025682
vt -0.1151746 0.1004207
vt -0.1072685 0.07489796
vt 0.1605927 0.140986
vt 0.1583439 0.1386086
vt 0.1598424 0.1140573
vt 0.102443 0.1600487
vt 0.1037086 0.1639919
vt 0.09236097 0.1644479
vt 0.0272336 -0.01325934
vt 0.01669165 -0.01011807
vt 0.006344994 -0.03606425
vt 0.1542555 0.1077588
vt 0.1610822 0.09913355
vt 0.1624444 0.1007773
vt -0.1535711 0.1078604
vt -0.1550322 0.1095495
vt -0.1617811 0.1009036
vt -0.1604241 0.09925603
vt 0.02506546 -0.01977795
vt 0.01458437 -0.01643924
vt 0.01124566 -0.02692031
vt 0.02172675 -0.03025903
vt -0.03530636 0.01674367
vt -0.03291099 0.006527224
vt -0.02232013 0.009499411
vt 0.1019672 0.1593397
vt 0.09142625 0.1617688
vt 0.09061564 0.1596874
vt -0.04831565 -0.0282871
vt -0.05009489 -0.01746429
vt -0.0606242 -0.01994318
vt 0.1578029 0.09990645
vt 0.1528635 0.1091648
vt 0.1494987 0.1067505
vt -0.1563503 0.104152
vt -0.1576665 0.1058322
vt -0.1752753 0.07996362
vt -0.1722268 0.08116961
vt -0.01601545 -0.0124435
vt -0.02654827 -0.01561523
vt -0.01521249 -0.04213171
vt 0.1566309 0.1073421
vt 0.1553161 0.1056603
vt 0.1703735 0.08510189
vt 0.173423 0.08389758
vt 0.02402146 -0.1412213
vt 0.01303479 -0.1406796
vt 0.0120299 -0.1438005
vt 0.02301656 -0.1443422
vt 0.01895696 -0.04526941
vt 0.02995433 -0.04551092
vt 0.03893559 -0.02166323
vt -0.02921896 -0.04127207
vt -0.01822147 -0.04103645
vt -0.02877419 -0.01157632
vt 0 0
vt 0 0
vt 0 0
vt 0 0
vt 0 0
vt 0 0
vt 0 0
vt 0 0
vt 0 0
vt 0 0
vt 0 0
vt 0 0
vt 0 0
vt 0 0
vt 0 0
vt 0 0
vt 0 0
vt 0 0
vt 0 0
vt 0 0
vt 0 0
vt 0 0
vt 0 0
vt 0 0
vt 0 0
vt 0 0
vt 0 0
vt 0 0
vt 0 0
vt 0 0
vt 0 0
vt 0 0
vt 0 0
vt 0 0
vt 0 0
vt 0 0
vt 0.1467182 0.05884596
vt 0.1468943 0.05886383
vt 0.1469376 0.05920842
vt 0.1466066 0.05917484
vt 0.1141854 0.05149675
vt 0.1143439 0.05141791
vt 0.1145643 0.05168629
vt 0.1142664 0.05183446
vt 0.08426824 0.07503349
vt 0.08436792 0.07488716
vt 0.08469146 0.07501338
vt 0.08450414 0.07528837
vt 0.06924199 0.1152585
vt 0.06926648 0.1150832
vt 0.06961246 0.115053
vt 0.06956641 0.1153825
vt 0.07313704 0.1512903
vt 0.07308172 0.1511221
vt 0.07337892 0.1509424
vt 0.07348288 0.1512585
vt 0.09748464 0.1665686
vt 0.0973532 0.16645
vt 0.09752212 0.1661466
vt 0.09776916 0.1663695
vt 0.1353509 0.152323
vt 0.135175 0.1523025
vt 0.1351369 0.1519573
vt 0.1354674 0.1519958
vt 0.1634597 0.1235227
vt 0.1633065 0.1236115
vt 0.1630695 0.1233577
vt 0.1633573 0.1231909
vt 0.1728598 0.1088463
vt 0.1727762 0.1090024
vt 0.1724411 0.1089113
vt 0.1725981 0.1086179
vt 0.1742691 0.1079192
vt 0.1742656 0.1080962
vt 0.1739256 0.1081672
vt 0.1739323 0.1078346
vt 0.1731791 0.1034918
vt 0.1732531 0.1036527
vt 0.1729781 0.1038648
vt 0.1728391 0.1035625
vt 0.1665524 0.08461234
vt 0.1666933 0.08471955
vt 0.1665503 0.08503604
vt 0.1662855 0.08483457
vt 0.151048 0.01582115
vt 0.1513779 0.01586383
vt 0.1513913 0.01621087
vt 0.1509468 0.01615337
vt 0.08587753 -0.01234012
vt 0.086159 -0.01251757
vt 0.0863905 -0.01225869
vt 0.08601128 -0.01201962
vt 0.03333883 0.03532437
vt 0.03350067 0.03503365
vt 0.03382799 0.03514973
vt 0.03360995 0.03554142
vt 0.01051134 0.1073707
vt 0.01056044 0.1070416
vt 0.01090768 0.107035
vt 0.01084152 0.1074784
vt 0.01199086 0.1673499
vt 0.01192872 0.167023
vt 0.01225436 0.1669023
vt 0.01233809 0.1673427
vt 0.04537755 0.1949007
vt 0.0451809 0.1946323
vt 0.045423 0.1943833
vt 0.04568795 0.1947449
vt 0.1269179 0.1591794
vt 0.12659 0.1591227
vt 0.1265914 0.1587755
vt 0.1270331 0.1588518
vt 0.1742541 0.07963927
vt 0.1740026 0.07985713
vt 0.1737347 0.07963613
vt 0.1740735 0.0793426
vt 0.1710577 0.0725176
vt 0.1709518 0.07283303
vt 0.1706087 0.07277884
vt 0.1707514 0.07235385
vt 0.1684148 0.09898935
vt 0.1684255 0.09932191
vt 0.168085 0.09939058
vt 0.1680707 0.09894252
vt 0.171582 0.1117551
vt 0.1717025 0.1120652
vt 0.1714042 0.1122431
vt 0.1712418 0.1118253
vt 0.1744309 0.08344511
vt 0.1746712 0.0836752
vt 0.1744761 0.08396253
vt 0.1741523 0.08365253
vt 0.1587506 -0.01726537
vt 0.1591892 -0.01717287
vt 0.1591479 -0.01682804
vt 0.1586491 -0.01693323
vt 0.03479634 -0.0768312
vt 0.03511076 -0.07715073
vt 0.0353789 -0.07693001
vt 0.03502135 -0.07656665
vt -0.02696816 0.005720017
vt -0.02681289 0.005299477
vt -0.02647772 0.005390453
vt -0.02665428 0.005868672
vt -0.0481623 0.09895156
vt -0.04809976 0.09850765
vt -0.04775293 0.09852546
vt -0.04782403 0.09903025
vt -0.05262439 0.1684664
vt -0.05263869 0.1680183
vt -0.05229391 0.1679766
vt -0.05227765 0.1684861
vt -0.03641269 0.2012586
vt -0.03653303 0.2008268
vt -0.03620805 0.2007043
vt -0.0360712 0.2011954
vt 0.09427097 0.1686239
vt 0.09385767 0.1684503
vt 0.0939633 0.1681195
vt 0.09443329 0.1683169
vt 0.1600178 -0.01408671
vt 0.1598306 -0.01367937
vt 0.1595035 -0.01379589
vt 0.1597163 -0.01425909
vt 0.1431233 0.0287599
vt 0.1430783 0.02920592
vt 0.142731 0.02920181
vt 0.1427822 0.02869461
vt 0.1425137 0.09330917
vt 0.1425491 0.09375606
vt 0.1422066 0.09381398
vt 0.1421665 0.09330579
vt 0.1505024 0.1312612
vt 0.1506204 0.1316937
vt 0.1502947 0.1318144
vt 0.1501605 0.1313226
vt 0.1673169 0.1097788
vt 0.1675632 0.1101534
vt 0.167291 0.1103692
vt 0.1670109 0.1099432
vt 0.1743087 0.02492684
vt 0.1747069 0.02524504
vt 0.1744902 0.02551637
vt 0.1740919 0.02519817
vt -0.06487009 -0.1001712
vt -0.06473357 -0.1006624
vt -0.06439896 -0.1005694
vt -0.06453548 -0.1000782
vt -0.09051313 0.002010392
vt -0.09044134 0.001505699
vt -0.0900975 0.001554609
vt -0.0901693 0.002059304
vt -0.1008533 0.09368572
vt -0.1007943 0.09317937
vt -0.1004494 0.09321959
vt -0.1005084 0.09372593
vt -0.1097334 0.1540716
vt -0.1096688 0.1535659
vt -0.1093243 0.15361
vt -0.1093889 0.1541156
vt -0.1238209 0.1629427
vt -0.1237206 0.1624429
vt -0.1233801 0.1625113
vt -0.1234804 0.163011
vt -0.174707 0.02524441
vt -0.1743087 0.0249262
vt -0.174092 0.02519754
vt -0.1744902 0.02551574
vt 0.06473348 -0.1006624
vt 0.06487001 -0.1001712
vt 0.06453539 -0.1000782
vt 0.06439887 -0.1005694
vt 0.09044124 0.001505667
vt 0.09051304 0.002010362
vt 0.09016921 0.002059272
vt 0.09009741 0.001554578
vt 0.1007943 0.09317939
vt 0.1008533 0.09368573
vt 0.1005083 0.09372593
vt 0.1004493 0.09321959
vt 0.1096688 0.153566
vt 0.1097334 0.1540717
vt 0.1093889 0.1541156
vt 0.1093243 0.15361
vt 0.1237205 0.162443
vt 0.1238209 0.1629428
vt 0.1234804 0.1630111
vt 0.12338 0.1625113
vt -0.09384571 0.1683992
vt -0.09431571 0.1685966
vt -0.09442134 0.1682658
vt -0.09400804 0.1680922
vt -0.1597791 -0.01366922
vt -0.159992 -0.01413242
vt -0.1596648 -0.01424894
vt -0.1594776 -0.0138416
vt -0.1430329 0.02923221
vt -0.143084 0.02872501
vt -0.1427367 0.0287209
vt -0.1426918 0.02916692
vt -0.142509 0.09379007
vt -0.1424688 0.09328189
vt -0.1421264 0.0933398
vt -0.1421618 0.0937867
vt -0.1505874 0.1317345
vt -0.1504532 0.1312427
vt -0.1501275 0.1313635
vt -0.1502456 0.1317959
vt -0.1675445 0.1102025
vt -0.1672644 0.1097766
vt -0.1669922 0.1099923
vt -0.1672385 0.1103669
vt -0.1592105 -0.01712494
vt -0.1587117 -0.01723013
vt -0.1586704 -0.01688529
vt -0.1591091 -0.01679279
vt -0.03516262 -0.07714278
vt -0.03480507 -0.07677941
vt -0.03507321 -0.07655869
vt -0.03538763 -0.07687823
vt 0.02676232 0.005285348
vt 0.02693889 0.005763567
vt 0.02660371 0.005854543
vt 0.02644844 0.005434004
vt 0.04805335 0.09848315
vt 0.04812445 0.09898794
vt 0.04777761 0.09900574
vt 0.04771508 0.09856184
vt 0.05259714 0.1679862
vt 0.05258089 0.1684958
vt 0.05223611 0.168454
vt 0.0522504 0.1680059
vt 0.03650033 0.2007858
vt 0.03636348 0.2012768
vt 0.0360385 0.2011543
vt 0.03615884 0.2007225
vt -0.1265443 0.159048
vt -0.126986 0.1591243
vt -0.1269874 0.158777
vt -0.1266595 0.1587204
vt -0.1739158 0.07984518
vt -0.1742546 0.07955165
vt -0.1739867 0.07933065
vt -0.1737352 0.07954851
vt -0.1708709 0.07286684
vt -0.1710136 0.07244186
vt -0.1706705 0.07238766
vt -0.1705647 0.07270309
vt -0.1683615 0.09938176
vt -0.1683472 0.0989337
vt -0.1680067 0.09900238
vt -0.1680173 0.09933494
vt -0.171662 0.1121429
vt -0.1714996 0.1117251
vt -0.1712013 0.111903
vt -0.1713218 0.1122131
vt -0.1746674 0.08376277
vt -0.1743436 0.08345277
vt -0.1741485 0.0837401
vt -0.1743889 0.08397019
vt -0.1514268 0.01593656
vt -0.1509822 0.01587907
vt -0.1509956 0.01622611
vt -0.1513256 0.01626878
vt -0.086243 -0.01249262
vt -0.08586378 -0.01225355
vt -0.08609529 -0.01199467
vt -0.08637676 -0.01217211
vt -0.03358637 0.03501518
vt -0.03336833 0.03540687
vt -0.03369565 0.03552296
vt -0.03385748 0.03523223
vt -0.01063417 0.1069942
vt -0.01056801 0.1074376
vt -0.01091525 0.107431
vt -0.01096435 0.1071019
vt -0.01198263 0.1669539
vt -0.01206636 0.1673943
vt -0.012392 0.1672736
vt -0.01232986 0.1669467
vt -0.04519994 0.1945468
vt -0.04546488 0.1949084
vt -0.04570698 0.1946594
vt -0.04551033 0.194391
vt -0.1351044 0.1522353
vt -0.135435 0.1522738
vt -0.1353968 0.1519286
vt -0.135221 0.1519081
vt -0.1632098 0.1235998
vt -0.1634977 0.123433
vt -0.1632606 0.1231792
vt -0.1631074 0.123268
vt -0.1726878 0.1090433
vt -0.1728448 0.10875
vt -0.1725097 0.1086589
vt -0.1724261 0.108815
vt -0.1742054 0.1081729
vt -0.1742121 0.1078402
vt -0.1738722 0.1079112
vt -0.1738686 0.1080882
vt -0.1732323 0.1037479
vt -0.1730933 0.1034456
vt -0.1728183 0.1036578
vt -0.1728923 0.1038186
vt -0.1667197 0.08481334
vt -0.1664549 0.08461187
vt -0.1663119 0.08492836
vt -0.1664528 0.08503557
vt -0.1469658 0.05893
vt -0.1466348 0.05889641
vt -0.1466781 0.059241
vt -0.1468542 0.05925887
vt -0.1144397 0.05143574
vt -0.1141418 0.05158392
vt -0.1143622 0.05185229
vt -0.1145207 0.05177345
vt -0.08446019 0.07485582
vt -0.08427288 0.07513081
vt -0.08459642 0.07525702
vt -0.0846961 0.0751107
vt -0.0693353 0.1150142
vt -0.06928925 0.1153437
vt -0.06963523 0.1153135
vt -0.06965972 0.1151382
vt -0.07311307 0.1510299
vt -0.07321702 0.1513459
vt -0.07351422 0.1511662
vt -0.0734589 0.150998
vt -0.09733468 0.1663543
vt -0.09758173 0.1665772
vt -0.09775065 0.1662738
vt -0.09761921 0.1661552
vt 0 0
vt 0 0
vt 0 0
vt 0 0
vt 0 0
vt 0 0
vt 0 0
vt 0 0
vt 0 0
vt 0 0
vt 0 0
vt 0 0
vt 0 0
vt 0 0
vt 0 0
vt 0 0
vt 0 0
vt 0 0
vt 0 0
vt 0 0
vt 0 0
vt 0 0
vt 0 0
vt 0 0
vt 0 0
vt 0 0
vt 0 0
vt 0 0
vt 0 0
vt 0 0
vt 0 0
vt 0 0
vt 0 0
vt 0 0
vt 0 0
vt 0 0
vt 0 0
vt 0 0
vt 0 0
vt 0 0
vt 0 0
vt 0 0
vt 0 0
vt 0 0
vt 0 0
vt 0 0
vt 0 0
vt 0 0
vt 0 0
vt 0 0
vt 0 0
vt 0 0
vt 0 0
vt 0 0
vt 0 0
vt 0 0
vt 0 0
vt 0 0
vt 0 0
vt 0 0
vt 0 0
vt 0 0
vt 0 0
vt 0 0
vt 0 0
vt 0 0
vt 0 0
vt 0 0
vt 0 0
vt 0 0
vt 0 0
vt 0 0
vt 0.1230827 0.07441995
vt 0.1232571 0.07445044
vt 0.1232755 0.07479725
vt 0.1229477 0.07473993
vt 0.08419324 0.07406098
vt 0.08436183 0.07400695
vt 0.08453925 0.0743055
vt 0.08422239 0.07440705
vt 0.0461516 0.09681765
vt 0.04627858 0.09669428
vt 0.04657026 0.0968828
vt 0.04633161 0.09711464
vt 0.02007976 0.1333259
vt 0.02014359 0.1331608
vt 0.02048736 0.1332102
vt 0.02036738 0.1335206
vt 0.01241318 0.16806
vt 0.01240135 0.1678834
vt 0.01273385 0.1677831
vt 0.0127561 0.1681151
vt 0.03133858 0.1887167
vt 0.03124109 0.1885689
vt 0.03148073 0.1883176
vt 0.03166397 0.1885953
vt 0.08607953 0.1809748
vt 0.08590988 0.1809241
vt 0.08593208 0.1805775
vt 0.08625092 0.1806727
vt 0.1446103 0.1401422
vt 0.1444558 0.1402286
vt 0.1442226 0.1399713
vt 0.144513 0.1398088
vt 0.1669616 0.1123105
vt 0.1668892 0.112472
vt 0.1665485 0.1124046
vt 0.1666846 0.112101
vt 0.1703782 0.1066649
vt 0.1703891 0.1068416
vt 0.170056 0.1069401
vt 0.1700356 0.106608
vt 0.1655661 0.1024619
vt 0.1656494 0.1026181
vt 0.1653875 0.1028461
vt 0.1652308 0.1025526
vt 0.1510866 0.08954124
vt 0.1512282 0.08964739
vt 0.1510876 0.08996493
vt 0.1508213 0.08976544
vt 0.1313882 0.02625488
vt 0.1317147 0.02631867
vt 0.1317058 0.02666586
vt 0.1312658 0.02657991
vt 0.06521364 0.01175263
vt 0.06552711 0.01164106
vt 0.06569637 0.01194431
vt 0.06527404 0.01209463
vt 0.002190682 0.05041752
vt 0.002423791 0.0501801
vt 0.002708634 0.05037879
vt 0.002394565 0.05069868
vt -0.03852092 0.1112649
vt -0.03838224 0.1109624
vt -0.03804687 0.1110526
vt -0.03823371 0.1114601
vt -0.05869899 0.1622716
vt -0.05865515 0.1619417
vt -0.05830806 0.1619296
vt -0.05836714 0.162374
vt -0.05482234 0.1911461
vt -0.05489398 0.1908211
vt -0.054572 0.190691
vt -0.05447548 0.1911288
vt 0.03234211 0.1963294
vt 0.03206338 0.1961477
vt 0.03220201 0.1958293
vt 0.03257754 0.1960741
vt 0.1764241 0.06571046
vt 0.1762178 0.06597151
vt 0.1759133 0.06580452
vt 0.1761912 0.0654528
vt 0.1786985 0.05252414
vt 0.1786648 0.05285515
vt 0.1783182 0.05287786
vt 0.1783637 0.05243189
vt 0.1790196 0.08025265
vt 0.1790912 0.0805776
vt 0.1787692 0.08070765
vt 0.1786728 0.08026986
vt 0.1786247 0.09152596
vt 0.1787902 0.09181459
vt 0.1785219 0.09203507
vt 0.1782989 0.0916462
vt 0.1682735 0.06927281
vt 0.1685327 0.06948142
vt 0.168363 0.06978444
vt 0.1680138 0.06950338
vt 0.1421005 -0.01533863
vt 0.1425349 -0.01522806
vt 0.1424794 -0.01488523
vt 0.1419854 -0.01501097
vt 0.03845021 -0.05386258
vt 0.03885748 -0.0540499
vt 0.03902996 -0.05374847
vt 0.03856683 -0.05353545
vt -0.04568183 0.007163445
vt -0.04539765 0.006816738
vt -0.04511061 0.007012256
vt -0.04543377 0.007406514
vt -0.09025381 0.08694436
vt -0.09006152 0.08653941
vt -0.08973584 0.08666002
vt -0.0899545 0.08712052
vt -0.1167905 0.1401691
vt -0.1166566 0.1397413
vt -0.1163173 0.1398152
vt -0.1164695 0.1403017
vt -0.1374977 0.1473419
vt -0.1373951 0.1469055
vt -0.1370513 0.1469548
vt -0.137168 0.147451
vt -0.1699218 0.07382874
vt -0.1697466 0.07341612
vt -0.1694162 0.07352304
vt -0.1696155 0.07399226
vt 0.1238018 -0.09450166
vt 0.1239218 -0.09406976
vt 0.1235968 -0.09394749
vt 0.1234602 -0.09443862
vt 0.1505515 -0.00235602
vt 0.1506597 -0.001920984
vt 0.1503314 -0.001807659
vt 0.1502083 -0.002302362
vt 0.1642871 0.06634329
vt 0.1644349 0.06676651
vt 0.1641184 0.0669096
vt 0.1639503 0.06642833
vt 0.1751912 0.09608485
vt 0.1754057 0.09647848
vt 0.1751167 0.09667101
vt 0.1748727 0.09622338
vt 0.1782743 0.06813433
vt 0.1785922 0.06845038
vt 0.1783701 0.06871739
vt 0.1780086 0.068358
vt 0.1602417 -0.03302477
vt 0.1607095 -0.03282207
vt 0.1605714 -0.03250341
vt 0.1601036 -0.03270612
vt -0.01183533 -0.1095244
vt -0.01143131 -0.1098353
vt -0.01121953 -0.10956
vt -0.01162355 -0.1092492
vt -0.09882905 -0.01627942
vt -0.09857786 -0.01672302
vt -0.09827565 -0.0165519
vt -0.09852683 -0.0161083
vt -0.1331051 0.06984569
vt -0.1329011 0.06937853
vt -0.1325828 0.06951754
vt -0.1327868 0.0699847
vt -0.1554046 0.1146401
vt -0.1551937 0.114176
vt -0.1548775 0.1143197
vt -0.1550885 0.1147838
vt -0.1746987 0.09448199
vt -0.1744185 0.09405611
vt -0.1741284 0.09424698
vt -0.1744086 0.09467287
vt -0.1607094 -0.03282217
vt -0.1602416 -0.03302488
vt -0.1601035 -0.03270622
vt -0.1605713 -0.03250351
vt 0.01143128 -0.1098352
vt 0.0118353 -0.1095244
vt 0.01162352 -0.1092491
vt 0.0112195 -0.10956
vt 0.09857778 -0.01672302
vt 0.09882896 -0.01627943
vt 0.09852675 -0.0161083
vt 0.09827556 -0.0165519
vt 0.132901 0.06937854
vt 0.1331051 0.06984569
vt 0.1327868 0.0699847
vt 0.1325828 0.06951755
vt 0.1551936 0.114176
vt 0.1554046 0.1146401
vt 0.1550885 0.1147838
vt 0.1548775 0.1143198
vt 0.1744185 0.09405614
vt 0.1746987 0.09448202
vt 0.1744086 0.0946729
vt 0.1741284 0.09424701
vt 0.1696954 0.07340454
vt 0.1698947 0.07387375
vt 0.1695642 0.07398067
vt 0.169389 0.07356805
vt -0.1238891 -0.09402873
vt -0.1237525 -0.09451988
vt -0.1234275 -0.0943976
vt -0.1235475 -0.09396569
vt -0.1506257 -0.0018809
vt -0.1505027 -0.002375604
vt -0.1501744 -0.002262279
vt -0.1502826 -0.001827242
vt -0.1644048 0.06680956
vt -0.1642367 0.0663283
vt -0.1639203 0.06647139
vt -0.1640681 0.06689461
vt -0.175383 0.09652585
vt -0.1751391 0.09607822
vt -0.1748501 0.09627075
vt -0.1750646 0.09666438
vt -0.178584 0.06850225
vt -0.1782224 0.06814286
vt -0.1780004 0.06840988
vt -0.1783183 0.06872592
vt -0.1425542 -0.01517927
vt -0.1420602 -0.01530501
vt -0.1420046 -0.01496218
vt -0.1424391 -0.01485161
vt -0.03890315 -0.05402408
vt -0.03844003 -0.05381106
vt -0.0386125 -0.05350962
vt -0.03901977 -0.05369694
vt 0.04534524 0.006819914
vt 0.0456684 0.007214171
vt 0.04538136 0.007409689
vt 0.04509718 0.007062983
vt 0.09000989 0.0865299
vt 0.09022855 0.08699039
vt 0.08990287 0.087111
vt 0.08971059 0.08670606
vt 0.1166069 0.1397246
vt 0.1167591 0.1402112
vt 0.1164197 0.1402851
vt 0.1162859 0.1398573
vt 0.1373466 0.1468852
vt 0.1374634 0.1473815
vt 0.1371196 0.1474308
vt 0.1370169 0.1469944
vt -0.03205092 0.196061
vt -0.03242644 0.1963058
vt -0.03256508 0.1959874
vt -0.03228635 0.1958057
vt -0.1761303 0.06597602
vt -0.1764082 0.0656243
vt -0.1761037 0.0654573
vt -0.1758974 0.06571836
vt -0.1785934 0.05290596
vt -0.1786389 0.05245999
vt -0.1782923 0.0524827
vt -0.1782585 0.05281371
vt -0.1790393 0.0806482
vt -0.1789429 0.0802104
vt -0.1786209 0.08034045
vt -0.1786924 0.08066539
vt -0.1787618 0.09189747
vt -0.1785388 0.0915086
vt -0.1782705 0.09172909
vt -0.178436 0.09201773
vt -0.1685365 0.06956898
vt -0.1681872 0.06928794
vt -0.1680175 0.06959096
vt -0.1682767 0.06979956
vt -0.1317588 0.02639442
vt -0.1313188 0.02630847
vt -0.1313099 0.02665566
vt -0.1316364 0.02671945
vt -0.06560359 0.01168377
vt -0.06518126 0.01183409
vt -0.06535052 0.01213735
vt -0.06566399 0.01202578
vt -0.002511319 0.05018501
vt -0.00219725 0.05050489
vt -0.002482093 0.05070359
vt -0.002715202 0.05046616
vt 0.03829824 0.1109374
vt 0.03848508 0.1113449
vt 0.03814971 0.1114351
vt 0.03801102 0.1111326
vt 0.05858224 0.1618931
vt 0.05864131 0.1623375
vt 0.05829423 0.1623254
vt 0.05825039 0.1619955
vt 0.05484206 0.1907505
vt 0.05474554 0.1911883
vt 0.05442355 0.1910581
vt 0.0544952 0.1907332
vt -0.08585201 0.1808457
vt -0.08617084 0.1809409
vt -0.08619304 0.1805943
vt -0.08602339 0.1805436
vt -0.1443593 0.1402155
vt -0.1446496 0.140053
vt -0.1444164 0.1397956
vt -0.1442619 0.1398821
vt -0.1668039 0.1125191
vt -0.16694 0.1122154
vt -0.1665993 0.112148
vt -0.1665269 0.1123096
vt -0.1703354 0.1069229
vt -0.1703149 0.1065908
vt -0.1699819 0.1066893
vt -0.1699928 0.106866
vt -0.1656343 0.1027144
vt -0.1654777 0.1024209
vt -0.1652158 0.1026489
vt -0.1652991 0.1028051
vt -0.1512554 0.08974098
vt -0.1509891 0.08954149
vt -0.1508485 0.08985903
vt -0.1509902 0.08996518
vt -0.1233236 0.07452159
vt -0.1229959 0.07446428
vt -0.1230142 0.07481108
vt -0.1231887 0.07484157
vt -0.08445385 0.07403903
vt -0.08413699 0.07414057
vt -0.08431441 0.07443912
vt -0.08448301 0.0743851
vt -0.04637528 0.09668207
vt -0.04613664 0.09691393
vt -0.04642832 0.09710244
vt -0.04655529 0.09697907
vt -0.02022633 0.1331093
vt -0.02010635 0.1334197
vt -0.02045012 0.1334691
vt -0.02051396 0.133304
vt -0.0124546 0.1678018
vt -0.01247685 0.1681338
vt -0.01280935 0.1680335
vt -0.01279751 0.1678568
vt -0.03124717 0.1884717
vt -0.0314304 0.1887494
vt -0.03167005 0.188498
vt -0.03157256 0.1883502
vt 0 0
vt 0 0
vt 0 0
vt 0 0
vt 0 0
vt 0 0
vt 0 0
vt 0 0
vt 0 0
vt 0 0
vt 0 0
vt 0 0
vt 0 0
vt 0 0
vt 0 0
vt 0 0
vt 0 0
vt 0 0
vt 0 0
vt 0 0
vt 0 0
vt 0 0
vt 0 0
vt 0 0
vt 0 0
vt 0 0
vt 0 0
vt 0 0
vt 0 0
vt 0 0
vt 0 0
vt 0 0
vt 0 0
vt 0 0
vt 0 0
vt 0 0
vt 0.140054 0.1173563
vt 0.140073 0.1180506
vt 0.1397283 0.1179698
vt 0.1286164 0.1206831
vt 0.128961 0.1212862
vt 0.128619 0.1213777
vt 0.1175769 0.1280547
vt 0.1181657 0.1284231
vt 0.1179076 0.1286655
vt 0.1102195 0.1379412
vt 0.1109128 0.1379835
vt 0.1108019 0.1383197
vt 0.1093177 0.1467734
vt 0.1099426 0.1464701
vt 0.1100109 0.1468175
vt 0.1159813 0.1505857
vt 0.1163621 0.1500048
vt 0.116599 0.150268
vt 0.1283818 0.1472706
vt 0.1283912 0.1465761
vt 0.1287323 0.146671
vt 0.1416981 0.1386184
vt 0.1413259 0.1380319
vt 0.1416634 0.1379247
vt 0.1512438 0.1294014
vt 0.1506154 0.1291054
vt 0.1508429 0.1288341
vt 0.1553862 0.122966
vt 0.1546948 0.123033
vt 0.1547516 0.1226835
vt 0.1545109 0.1193035
vt 0.1539409 0.1197004
vt 0.1538193 0.1193679
vt 0.1491863 0.1173615
vt 0.1488748 0.1179824
vt 0.1486092 0.1177481
vt 0.1483463 0.08246601
vt 0.1486915 0.08254471
vt 0.1486928 0.0832393
vt 0.148044 0.08309138
vt 0.1166424 0.07957111
vt 0.1169851 0.07948205
vt 0.117306 0.08009805
vt 0.116662 0.08026542
vt 0.08177689 0.09758432
vt 0.08204442 0.09735236
vt 0.0826055 0.0977618
vt 0.08210271 0.09819774
vt 0.05534369 0.1312642
vt 0.05549009 0.1309418
vt 0.05617081 0.1310799
vt 0.05589567 0.1316858
vt 0.04514939 0.1651105
vt 0.04514801 0.1647564
vt 0.04582432 0.1645981
vt 0.04582692 0.1652635
vt 0.0594331 0.1839148
vt 0.05926164 0.183605
vt 0.05977851 0.183141
vt 0.06010076 0.1837232
vt 0.1071292 0.1707652
vt 0.1068009 0.1706325
vt 0.1069103 0.1699466
vt 0.1075272 0.170196
vt 0.1590349 0.1215011
vt 0.1587136 0.12165
vt 0.1582878 0.1211012
vt 0.1588916 0.1208215
vt 0.1758001 0.0912087
vt 0.1756399 0.09152446
vt 0.1749658 0.09135699
vt 0.1752669 0.09076355
vt 0.1777085 0.09196549
vt 0.1777172 0.09231947
vt 0.1770443 0.09249166
vt 0.177028 0.09182639
vt 0.1758046 0.09786244
vt 0.1759596 0.09818082
vt 0.175419 0.09861706
vt 0.1751278 0.0980187
vt 0.1678299 0.09389998
vt 0.1681038 0.09412433
vt 0.1677954 0.09474669
vt 0.1672806 0.09432507
vt 0.1560615 0.04697355
vt 0.1567067 0.04713633
vt 0.1566512 0.0478287
vt 0.1557819 0.04760938
vt 0.1030869 0.02303651
vt 0.1037265 0.02285284
vt 0.1040266 0.02347925
vt 0.1031649 0.02372671
vt 0.04271437 0.05031902
vt 0.0432064 0.04987096
vt 0.04375298 0.05029957
vt 0.04309008 0.05090323
vt -0.0008547296 0.1086476
vt -0.0005477695 0.1080572
vt 0.0001132262 0.1082706
vt -0.0003003404 0.1090661
vt -0.02504908 0.1636175
vt -0.02492765 0.1629632
vt -0.02423315 0.1629746
vt -0.02439675 0.1638561
vt -0.02672168 0.1957301
vt -0.02681742 0.1950716
vt -0.02615626 0.1948587
vt -0.02602727 0.195746
vt 0.04136948 0.1950199
vt 0.04088366 0.1945652
vt 0.04126736 0.1939862
vt 0.04192191 0.1945989
vt 0.1789277 0.0381956
vt 0.1784761 0.03868432
vt 0.1778946 0.03830433
vt 0.1785032 0.03764588
vt 0.1712708 0.02221592
vt 0.1711914 0.02287663
vt 0.1704976 0.02290969
vt 0.1706045 0.02201951
vt 0.1722001 0.06286706
vt 0.1723336 0.06351899
vt 0.1716858 0.06376958
vt 0.1715059 0.06289122
vt 0.1771959 0.09103804
vt 0.1775146 0.09162225
vt 0.1769687 0.09205168
vt 0.1765393 0.09126459
vt 0.1771971 0.08431585
vt 0.1777005 0.08475114
vt 0.1773399 0.08534479
vt 0.1766617 0.08475833
vt 0.1648495 0.01908164
vt 0.1657023 0.01935824
vt 0.1655474 0.02003533
vt 0.1645776 0.01972079
vt 0.08345998 -0.04134589
vt 0.08430126 -0.0416559
vt 0.08459818 -0.04102796
vt 0.08364151 -0.04067544
vt -0.002988306 0.0005371504
vt -0.002383179 -0.0001244162
vt -0.001831161 0.0002971771
vt -0.002519286 0.001049482
vt -0.0542935 0.08096641
vt -0.053878 0.08017192
vt -0.05323642 0.08043806
vt -0.0537089 0.08134152
vt -0.08651179 0.1451537
vt -0.08621629 0.1443072
vt -0.08554281 0.1444772
vt -0.08587885 0.1454398
vt -0.1127645 0.1662573
vt -0.11253 0.165392
vt -0.1118461 0.1655136
vt -0.1121128 0.1664976
vt -0.1537104 0.1117349
vt -0.1533544 0.1109121
vt -0.152695 0.1111304
vt -0.1530999 0.1120661
vt 0.07701722 -0.1306991
vt 0.07734492 -0.1298646
vt 0.07672341 -0.1295545
vt 0.07635075 -0.1305035
vt 0.1234525 -0.03212822
vt 0.1236886 -0.0312633
vt 0.1230373 -0.03102178
vt 0.1227688 -0.03200534
vt 0.1441713 0.05048128
vt 0.1444727 0.05132567
vt 0.1438418 0.05161617
vt 0.143499 0.05065597
vt 0.1622229 0.09964436
vt 0.1626481 0.1004337
vt 0.1620682 0.100816
vt 0.1615846 0.09991835
vt 0.1769801 0.09234103
vt 0.1775999 0.09298888
vt 0.1771425 0.09351159
vt 0.1764377 0.09277488
vt 0.1757018 0.01652716
vt 0.1766002 0.01700925
vt 0.1762717 0.01762128
vt 0.1753733 0.0171392
vt 0.04353016 -0.1066046
vt 0.04440156 -0.1071339
vt 0.04476215 -0.1065402
vt 0.04389074 -0.1060109
vt -0.05930356 -0.03440534
vt -0.05876043 -0.03526818
vt -0.0581726 -0.03489816
vt -0.05871573 -0.03403532
vt -0.1030811 0.05892302
vt -0.1026502 0.05799901
vt -0.1020207 0.05829259
vt -0.1024516 0.05921659
vt -0.1325089 0.1206869
vt -0.1320748 0.1197644
vt -0.1314463 0.1200601
vt -0.1318804 0.1209827
vt -0.1610679 0.1219082
vt -0.1605119 0.1210536
vt -0.1599296 0.1214324
vt -0.1604857 0.122287
vt -0.1766001 0.01700912
vt -0.1757018 0.01652704
vt -0.1753733 0.01713908
vt -0.1762717 0.01762116
vt -0.04440155 -0.1071338
vt -0.04353015 -0.1066045
vt -0.04389074 -0.1060109
vt -0.04476214 -0.1065401
vt 0.05876033 -0.03526816
vt 0.05930346 -0.03440532
vt 0.05871562 -0.0340353
vt 0.05817249 -0.03489814
vt 0.1026501 0.05799903
vt 0.103081 0.05892303
vt 0.1024515 0.05921661
vt 0.1020206 0.0582926
vt 0.1320747 0.1197644
vt 0.1325088 0.1206869
vt 0.1318803 0.1209827
vt 0.1314463 0.1200602
vt 0.1605118 0.1210537
vt 0.1610679 0.1219082
vt 0.1604857 0.122287
vt 0.1599296 0.1214325
vt 0.1532518 0.1108895
vt 0.1536567 0.1118252
vt 0.1529973 0.1120435
vt 0.1526412 0.1112207
vt -0.07728815 -0.1297762
vt -0.07691549 -0.1307252
vt -0.07629398 -0.1304151
vt -0.07662168 -0.1295806
vt -0.1236226 -0.03118158
vt -0.1233541 -0.03216514
vt -0.1227029 -0.03192363
vt -0.122939 -0.0310587
vt -0.1444131 0.05141221
vt -0.1440704 0.050452
vt -0.1434395 0.05074251
vt -0.1437409 0.0515869
vt -0.1626023 0.1005282
vt -0.1621188 0.09963061
vt -0.1615388 0.1000129
vt -0.161964 0.1008022
vt -0.1775809 0.0930922
vt -0.1768761 0.09235549
vt -0.1764187 0.0928782
vt -0.1770385 0.09352605
vt -0.1657345 0.01945816
vt -0.1647647 0.01914362
vt -0.1646098 0.01982071
vt -0.1654626 0.02009731
vt -0.08438834 -0.04159728
vt -0.08343168 -0.04124475
vt -0.0837286 -0.04061682
vt -0.08456987 -0.04092683
vt 0.002278861 -0.0001123545
vt 0.002966986 0.0006399507
vt 0.002414967 0.001061544
vt 0.00180984 0.0003999774
vt 0.05377408 0.08015688
vt 0.05424656 0.08106034
vt 0.05360498 0.08132648
vt 0.05318948 0.080532
vt 0.08611564 0.1442772
vt 0.08645169 0.1452398
vt 0.08577821 0.1454098
vt 0.0854827 0.1445633
vt 0.1124318 0.1653548
vt 0.1126985 0.1663389
vt 0.1120146 0.1664605
vt 0.1117801 0.1655951
vt -0.04088933 0.19439
vt -0.04154387 0.1950027
vt -0.04192757 0.1944238
vt -0.04144175 0.193969
vt -0.1783009 0.03867977
vt -0.1789094 0.03802133
vt -0.1783279 0.03764134
vt -0.1778763 0.03813005
vt -0.1710468 0.02297566
vt -0.1711538 0.02208548
vt -0.1704599 0.02211853
vt -0.1703806 0.02277924
vt -0.1722277 0.06365865
vt -0.1720478 0.06278029
vt -0.1714 0.06303087
vt -0.1715335 0.06368281
vt -0.1774543 0.09178679
vt -0.1770249 0.0909997
vt -0.176479 0.09142913
vt -0.1767977 0.09201333
vt -0.1777017 0.0849264
vt -0.1770235 0.08433993
vt -0.1766629 0.08493359
vt -0.1771663 0.08536888
vt -0.1567865 0.04729237
vt -0.1559172 0.04707304
vt -0.1558617 0.04776542
vt -0.1565069 0.0479282
vt -0.1038739 0.02294761
vt -0.1030121 0.02319507
vt -0.1033123 0.02382148
vt -0.1039519 0.02363781
vt -0.04338059 0.04989057
vt -0.04271769 0.05049424
vt -0.04326428 0.05092283
vt -0.0437563 0.05047479
vt 0.0003775083 0.1080154
vt 0.0007910749 0.1088109
vt 0.0001300792 0.1090243
vt -0.0001768823 0.1084339
vt 0.02477701 0.1628736
vt 0.02494061 0.1637551
vt 0.02424611 0.1637665
vt 0.02412468 0.1631122
vt 0.02670362 0.1949383
vt 0.02657462 0.1958255
vt 0.02591346 0.1956127
vt 0.02600921 0.1949541
vt -0.1067005 0.1704655
vt -0.1073174 0.1707149
vt -0.1074268 0.170029
vt -0.1070985 0.1698963
vt -0.158523 0.121609
vt -0.1591268 0.1213293
vt -0.158701 0.1207805
vt -0.1583798 0.1209294
vt -0.1754649 0.09161024
vt -0.175766 0.0910168
vt -0.1750919 0.09084933
vt -0.1749317 0.0911651
vt -0.1776038 0.09247796
vt -0.1775875 0.0918127
vt -0.1769146 0.09198489
vt -0.1769232 0.09233887
vt -0.1759223 0.09837212
vt -0.175631 0.09777377
vt -0.1750905 0.09821
vt -0.1752455 0.09852838
vt -0.16815 0.09431369
vt -0.1676352 0.09389206
vt -0.1673267 0.09451442
vt -0.1676007 0.09473877
vt -0.1488172 0.08269363
vt -0.1481684 0.08254571
vt -0.1481697 0.08324029
vt -0.148515 0.083319
vt -0.1171653 0.07955638
vt -0.1165212 0.07972375
vt -0.1168421 0.08033974
vt -0.1171848 0.0802507
vt -0.08223887 0.09733894
vt -0.08173608 0.09777488
vt -0.08229716 0.09818433
vt -0.08256469 0.09795237
vt -0.0556612 0.1308485
vt -0.05538606 0.1314544
vt -0.05606678 0.1315925
vt -0.05621318 0.1312701
vt -0.04526461 0.1646003
vt -0.0452672 0.1652657
vt -0.04594351 0.1651074
vt -0.04594213 0.1647533
vt -0.05928885 0.183412
vt -0.05961109 0.1839942
vt -0.06012797 0.1835302
vt -0.0599565 0.1832204
vt -0.1282237 0.1471782
vt -0.1285649 0.1472731
vt -0.1285743 0.1465786
vt -0.1415152 0.1386276
vt -0.1418527 0.1385203
vt -0.1414805 0.1379338
vt -0.1510943 0.129507
vt -0.1513218 0.1292357
vt -0.1506934 0.1289397
vt -0.1553117 0.1231332
vt -0.1553685 0.1227837
vt -0.1546771 0.1228508
vt -0.1545279 0.1194858
vt -0.1544063 0.1191533
vt -0.1538363 0.1195502
vt -0.1492882 0.1175137
vt -0.1490227 0.1172794
vt -0.1487111 0.1179003
vt -0.1402157 0.1174421
vt -0.139871 0.1173613
vt -0.13989 0.1180557
vt -0.1287995 0.1206825
vt -0.1284574 0.120774
vt -0.128802 0.1213771
vt -0.1177379 0.1279676
vt -0.1174798 0.12821
vt -0.1180687 0.1285783
vt -0.1103194 0.1377876
vt -0.1102084 0.1381239
vt -0.1109017 0.1381662
vt -0.1093294 0.1465907
vt -0.1093977 0.1469381
vt -0.1100226 0.1466348
vt -0.1158976 0.1504229
vt -0.1161345 0.1506861
vt -0.1165153 0.1501051
vt 0.1659123 0.02944627
vt 0.1661716 0.03009064
vt 0.1658202 0.03013474
vt 0.1576648 0.01942808
vt 0.1582453 0.0198095
vt 0.1579819 0.02004609
vt 0.1521031 0.02261482
vt 0.1527975 0.02262772
vt 0.1527009 0.02296838
vt 0.1519171 0.03495762
vt 0.1525273 0.03462569
vt 0.1526116 0.03496959
vt 0.1562463 0.05002768
vt 0.1566305 0.04944903
vt 0.1568658 0.04971362
vt 0.1626007 0.06322142
vt 0.1626803 0.0625314
vt 0.1630101 0.06266028
vt 0.1684935 0.07266776
vt 0.1682544 0.07201563
vt 0.1686069 0.07198249
vt 0.1724264 0.07828914
vt 0.1719191 0.0778147
vt 0.1722188 0.07762627
vt 0.174253 0.08004972
vt 0.1735847 0.07986043
vt 0.1737649 0.07955559
vt 0.1747259 0.07668779
vt 0.1740481 0.07683973
vt 0.1740613 0.07648589
vt 0.1743257 0.0661428
vt 0.1738195 0.06661849
vt 0.1736508 0.06630719
vt 0.1719876 0.04838485
vt 0.1718266 0.04906053
vt 0.1715145 0.04889338
vt 0.1580074 -0.0303565
vt 0.1583522 -0.03043667
vt 0.1586571 -0.02981258
vt 0.158009 -0.02966191
vt 0.1065873 -0.06327634
vt 0.106745 -0.06359331
vt 0.1074204 -0.06343104
vt 0.1071239 -0.0628353
vt 0.0944702 -0.02503273
vt 0.09444985 -0.02538623
vt 0.0951167 -0.02558058
vt 0.09515496 -0.02491621
vt 0.106604 0.02574367
vt 0.1064471 0.02542624
vt 0.106985 0.02498673
vt 0.1072798 0.02558331
vt 0.1291685 0.06761422
vt 0.1289043 0.06737848
vt 0.1292389 0.06676974
vt 0.1297354 0.06721281
vt 0.1532018 0.09165047
vt 0.1528668 0.09153572
vt 0.1529389 0.09084488
vt 0.1535684 0.09106055
vt 0.1701041 0.1003434
vt 0.1697512 0.100373
vt 0.1695395 0.09971146
vt 0.1702027 0.09965589
vt 0.174962 0.1049126
vt 0.1746501 0.1050802
vt 0.1741926 0.1045575
vt 0.1747789 0.1042426
vt 0.1701314 0.1138545
vt 0.1699067 0.1141283
vt 0.1692847 0.1138192
vt 0.1697068 0.1133048
vt 0.1625099 0.124124
vt 0.1624042 0.1244619
vt 0.1617117 0.1244084
vt 0.1619103 0.1237733
vt 0.1603145 0.1216362
vt 0.1603596 0.1219874
vt 0.159708 0.1222279
vt 0.1596233 0.1215678
vt 0.1711869 0.07810934
vt 0.1714299 0.07836692
vt 0.1710443 0.07894465
vt 0.1705877 0.07846056
vt -0.008885713 -0.1646796
vt -0.008769922 -0.1653349
vt -0.008075353 -0.1653295
vt -0.008231351 -0.1644467
vt -0.009906295 -0.1037773
vt -0.0100161 -0.1044337
vt -0.009359638 -0.1046607
vt -0.009211706 -0.1037764
vt 0.01942221 -0.02827121
vt 0.0191831 -0.02889222
vt 0.01978075 -0.02924617
vt 0.0201029 -0.02840947
vt 0.05590334 0.04724398
vt 0.05553006 0.04669306
vt 0.05603226 0.04621321
vt 0.05653518 0.04695546
vt 0.09897146 0.1024361
vt 0.0984586 0.1020121
vt 0.09880598 0.1014106
vt 0.09949695 0.1019819
vt 0.1428667 0.1221528
vt 0.1422373 0.1219367
vt 0.1423505 0.1212513
vt 0.1431984 0.1215425
vt 0.171381 0.1115781
vt 0.1707179 0.1116346
vt 0.1705446 0.1109619
vt 0.171438 0.1108858
vt 0.1720509 0.1020601
vt 0.1714621 0.1023703
vt 0.1710407 0.1018182
vt 0.1718339 0.1014003
vt 0.1529216 0.1168666
vt 0.1524646 0.1173504
vt 0.1518874 0.116964
vt 0.1525031 0.1163123
vt 0.1272734 0.1487652
vt 0.1269553 0.1493497
vt 0.1262985 0.1491237
vt 0.1267271 0.1483362
vt 0.1016521 0.1766322
vt 0.1014648 0.1772707
vt 0.1007751 0.1771889
vt 0.1010274 0.1763285
vt 0.07993519 0.1810113
vt 0.07988258 0.1816746
vt 0.07919068 0.1817357
vt 0.07926156 0.1808419
vt -0.1743144 0.03322997
vt -0.1751826 0.03300622
vt -0.1750695 0.03232091
vt -0.1740822 0.03257535
vt -0.1055265 -0.04867182
vt -0.1060859 -0.04937252
vt -0.1055835 -0.04985221
vt -0.1049474 -0.04905541
vt -0.04491118 0.006530595
vt -0.04540505 0.005782305
vt -0.04486148 0.005349877
vt -0.04429987 0.006200796
vt 0.007332441 0.08369064
vt 0.006782332 0.08298267
vt 0.007290938 0.08250961
vt 0.007916499 0.08331469
vt 0.06490676 0.1414078
vt 0.06422926 0.1408206
vt 0.06463595 0.1402575
vt 0.06540637 0.1409253
vt 0.1293544 0.1496564
vt 0.1285192 0.1493305
vt 0.1287134 0.1486636
vt 0.1296632 0.1490342
vt 0.1726028 0.1057974
vt 0.1717106 0.1058852
vt 0.1715816 0.1052027
vt 0.1725962 0.1051028
vt 0.1640307 0.07295636
vt 0.1632567 0.07340895
vt 0.1628544 0.07284273
vt 0.1637345 0.07232808
vt 0.1273485 0.09368947
vt 0.1267293 0.09433792
vt 0.1261865 0.09390459
vt 0.1268906 0.09316721
vt 0.08416185 0.1448328
vt 0.08364432 0.1455649
vt 0.08304387 0.1452158
vt 0.08363236 0.1443832
vt 0.03243988 0.1913043
vt 0.03194025 0.1920487
vt 0.0313315 0.1917142
vt 0.03189966 0.1908676
vt -0.05513825 0.1958759
vt -0.05579339 0.1964879
vt -0.05631064 0.1960243
vt -0.05556563 0.1953283
vt -0.1729798 0.08250194
vt -0.1739903 0.08236609
vt -0.1738978 0.08167769
vt -0.1728873 0.08181354
vt -0.145969 0.02135994
vt -0.1467837 0.02074706
vt -0.1463662 0.02019198
vt -0.1455514 0.02080485
vt -0.09213355 0.05354701
vt -0.0927965 0.05277243
vt -0.09226879 0.05232077
vt -0.09160585 0.05309536
vt -0.03871571 0.1203253
vt -0.03934599 0.1195239
vt -0.03880001 0.1190945
vt -0.03816975 0.1198959
vt 0.02318775 0.1747427
vt 0.02247895 0.1740099
vt 0.02297824 0.173527
vt 0.02368703 0.1742599
vt 0.1069701 0.1736593
vt 0.1060653 0.1731894
vt 0.1063854 0.172573
vt 0.1072902 0.1730429
vt 0.1739903 0.08236598
vt 0.1729799 0.08250183
vt 0.1728873 0.08181344
vt 0.1738978 0.08167759
vt 0.1467837 0.02074702
vt 0.145969 0.02135989
vt 0.1455514 0.0208048
vt 0.1463662 0.02019193
vt 0.09279644 0.05277234
vt 0.09213349 0.05354692
vt 0.09160579 0.05309527
vt 0.09226874 0.0523207
vt 0.03934593 0.1195238
vt 0.03871566 0.1203252
vt 0.03816969 0.1198959
vt 0.03879996 0.1190945
vt -0.02247899 0.1740098
vt -0.02318779 0.1747427
vt -0.02368707 0.1742598
vt -0.02297827 0.173527
vt -0.1060653 0.1731894
vt -0.1069701 0.1736593
vt -0.1072903 0.1730429
vt -0.1063855 0.172573
vt -0.171641 0.1058065
vt -0.1726557 0.1057066
vt -0.1725267 0.1050241
vt -0.1716344 0.105112
vt -0.1631607 0.07336648
vt -0.1640408 0.07285182
vt -0.1636384 0.07228561
vt -0.1628645 0.07273819
vt -0.1266252 0.09432356
vt -0.1273293 0.09358618
vt -0.1267865 0.09315286
vt -0.1261673 0.0938013
vt -0.08353927 0.145566
vt -0.08412778 0.1447334
vt -0.08352732 0.1443843
vt -0.08300979 0.1451164
vt -0.03183528 0.1920523
vt -0.03240344 0.1912058
vt -0.0317947 0.1908713
vt -0.03129507 0.1916157
vt 0.05589645 0.1964677
vt 0.05515144 0.1957717
vt 0.05566869 0.1953081
vt 0.05632383 0.1959201
vt 0.1752209 0.0329084
vt 0.1742336 0.03316284
vt 0.1741205 0.03247752
vt 0.1749887 0.03225377
vt 0.1060577 -0.04947368
vt 0.1054216 -0.04867687
vt 0.1049192 -0.04915657
vt 0.1054786 -0.04985726
vt 0.0453679 0.005684092
vt 0.04480628 0.00653501
vt 0.04426271 0.006102582
vt 0.04475659 0.005354293
vt -0.006811828 0.0828819
vt -0.007437388 0.08368698
vt -0.007945993 0.08321393
vt -0.007395885 0.08250595
vt -0.06423853 0.140716
vt -0.06500896 0.1413838
vt -0.06541566 0.1408207
vt -0.06473815 0.1402335
vt -0.1284929 0.1492289
vt -0.1294427 0.1495995
vt -0.1296369 0.1489326
vt -0.1288016 0.1486067
vt -0.1705916 0.1115131
vt -0.171485 0.111437
vt -0.1713116 0.1107643
vt -0.1706486 0.1108208
vt -0.1712985 0.1023076
vt -0.1720917 0.1018897
vt -0.1716703 0.1013376
vt -0.1710815 0.1016477
vt -0.1522895 0.1173439
vt -0.1529052 0.1166921
vt -0.152328 0.1163058
vt -0.151871 0.1167895
vt -0.1267843 0.1493881
vt -0.127213 0.1486007
vt -0.1265562 0.1483747
vt -0.126238 0.1489592
vt -0.1013059 0.1773445
vt -0.1015582 0.1764842
vt -0.1008685 0.1764023
vt -0.1006812 0.1770409
vt -0.0797422 0.1817794
vt -0.07981307 0.1808856
vt -0.07912116 0.1809467
vt -0.07906856 0.18161
vt 0.008619827 -0.1654258
vt 0.008775828 -0.1645429
vt 0.00808126 -0.1645375
vt 0.007965464 -0.1651928
vt 0.009905159 -0.1045694
vt 0.009757224 -0.1036851
vt 0.009100767 -0.103912
vt 0.009210571 -0.1045684
vt -0.01926453 -0.02904745
vt -0.01958669 -0.02821075
vt -0.02018434 -0.02856469
vt -0.01994522 -0.02918571
vt -0.05557439 0.04652348
vt -0.0560773 0.04726572
vt -0.05657949 0.04678587
vt -0.05620622 0.04623496
vt -0.0984535 0.1018369
vt -0.09914447 0.1024082
vt -0.09949185 0.1018067
vt -0.09897899 0.1013826
vt -0.1421708 0.1217745
vt -0.1430188 0.1220656
vt -0.1431319 0.1213803
vt -0.1425025 0.1211642
vt -0.1695863 0.1002692
vt -0.1702494 0.1002136
vt -0.1700377 0.09955205
vt -0.1696849 0.09958161
vt -0.1744575 0.1050505
vt -0.1750437 0.1047357
vt -0.1745863 0.104213
vt -0.1742743 0.1043805
vt -0.1697173 0.1141742
vt -0.1701395 0.1136598
vt -0.1695174 0.1133507
vt -0.1692928 0.1136245
vt -0.1622458 0.1245755
vt -0.1624445 0.1239404
vt -0.1617519 0.1238869
vt -0.1616462 0.1242249
vt -0.1602631 0.1221567
vt -0.1601785 0.1214966
vt -0.1595268 0.1217372
vt -0.1595719 0.1220884
vt -0.1714514 0.07856067
vt -0.1709948 0.07807657
vt -0.1706092 0.0786543
vt -0.1708522 0.07891189
vt -0.1585304 -0.0303578
vt -0.1578822 -0.03020713
vt -0.1581871 -0.02958304
vt -0.158532 -0.02966321
vt -0.1069194 -0.06368045
vt -0.1066229 -0.06308471
vt -0.1072982 -0.06292243
vt -0.107456 -0.06323941
vt -0.09455796 -0.02554841
vt -0.09459621 -0.02488405
vt -0.09526306 -0.0250784
vt -0.09524271 -0.0254319
vt -0.1064832 0.02523472
vt -0.1067781 0.0258313
vt -0.107316 0.02539179
vt -0.1071591 0.02507436
vt -0.1288662 0.06718732
vt -0.1293627 0.0676304
vt -0.1296973 0.06702166
vt -0.1294331 0.06678592
vt -0.1527575 0.09137435
vt -0.1533871 0.09159
vt -0.1534592 0.09089916
vt -0.1531242 0.09078442
vt -0.1683129 0.07263783
vt -0.1686654 0.0726047
vt -0.1684263 0.07195257
vt -0.1722516 0.07834382
vt -0.1725514 0.07815539
vt -0.1720441 0.07768096
vt -0.1741228 0.08017843
vt -0.1743029 0.0798736
vt -0.1736346 0.07968431
vt -0.1746727 0.07686294
vt -0.1746859 0.0765091
vt -0.1740081 0.07666104
vt -0.174369 0.06632067
vt -0.1742003 0.06600937
vt -0.1736941 0.06648506
vt -0.1721216 0.04850961
vt -0.1718095 0.04834245
vt -0.1716485 0.04901813
vt -0.1660938 0.0294706
vt -0.1657424 0.0295147
vt -0.1660017 0.03015907
vt -0.1578277 0.01934449
vt -0.1575643 0.01958108
vt -0.1581448 0.01996249
vt -0.1521964 0.02245734
vt -0.1520998 0.02279799
vt -0.1527942 0.02281089
vt -0.1519203 0.03477459
vt -0.1520047 0.03511849
vt -0.1526148 0.03478656
vt -0.1561636 0.04986439
vt -0.1563989 0.05012897
vt -0.1567831 0.04955032
vt -0.1624528 0.06311348
vt -0.1627826 0.06324236
vt -0.1628622 0.06255234
vt -0.09040071 0.176023
vt -0.09953268 0.1693228
vt -0.09510739 0.170569
vt 0.09800164 0.172843
vt 0.1024269 0.1715967
vt 0.09329497 0.1782969
vt -0.1229851 0.02470341
vt -0.1247658 0.03454361
vt -0.1278487 0.03412833
vt -0.126068 0.02428814
vt 0.05126758 0.02886923
vt 0.05579156 0.02805071
vt 0.05966426 0.03727039
vt 0.05514029 0.0380889
vt 0.00220721 0.05057485
vt 0.01048223 0.04672367
vt 0.01496047 0.0556649
vt 0.00668545 0.05951609
vt 0.01042862 0.05775259
vt 0.005795616 0.06661462
vt -0.004711244 0.06238479
vt -7.824559E-05 0.05352276
vt -0.1569244 0.1112032
vt -0.15205 0.1189199
vt -0.1550674 0.1181638
vt 0.1555189 0.1181087
vt 0.1525014 0.1188648
vt 0.1573759 0.1111481
vt -0.1368453 0.142836
vt -0.1459914 0.1393603
vt -0.1458306 0.1362557
vt 0.07677995 -0.09770159
vt 0.06966865 -0.1062728
vt 0.07324754 -0.1065208
vt -0.1660087 0.1068791
vt -0.1628838 0.1163783
vt -0.1678109 0.1170888
vt 0.1019796 0.105875
vt 0.1045643 0.1076026
vt 0.09755505 0.1148429
vt 0.04130166 0.03736554
vt 0.05176549 0.03355182
vt 0.05533664 0.04289243
vt 0.0448728 0.04670615
vt 0.004512084 0.05936963
vt -0.003641687 0.05484293
vt -0.0005874133 0.04756617
vt -0.1487814 0.1242049
vt -0.1522616 0.1273788
vt -0.1575241 0.119812
vt -0.1725896 0.1115774
vt -0.1749465 0.1028998
vt -0.1704721 0.1014285
vt -0.01177203 0.05286179
vt -0.003196572 0.05623984
vt -0.00651635 0.06459654
vt 0.1786196 0.03293596
vt 0.178126 0.04224893
vt 0.1733511 0.04084154
vt 0.08683977 0.09166487
vt 0.08336627 0.09875111
vt 0.07978035 0.09885632
vt -0.1731341 0.09741521
vt -0.175607 0.09580304
vt -0.174491 0.09479352
vt -0.172561 0.09138114
vt -0.1755039 0.09114911
vt -0.1750072 0.08972861
vt -0.1724322 0.08582858
vt -0.1751109 0.08706906
vt -0.1753743 0.08558743
vt -0.1730084 0.08448704
vt -0.174677 0.08692224
vt -0.1756606 0.08578332
vt -0.1730973 0.08998598
vt -0.1732079 0.09293592
vt -0.1746476 0.09249808
vt -0.1712671 0.1003502
vt -0.1697537 0.1028848
vt -0.1711997 0.1033015
vt -0.1681369 0.1097865
vt -0.1655032 0.11112
vt -0.1665027 0.1122449
vt -0.1660191 0.1140173
vt -0.163074 0.1138155
vt -0.1633572 0.1152935
vt -0.1663497 0.1130744
vt -0.1638825 0.1114535
vt -0.1634041 0.1128803
vt -0.168676 0.1095503
vt -0.1672861 0.106946
vt -0.1661829 0.1079696
vt -0.1713987 0.1057512
vt -0.1714118 0.1027992
vt -0.1699549 0.1031763
vt -0.1730168 0.1020599
vt -0.174428 0.09946708
vt -0.1729665 0.09910835
vt -0.1680327 0.1002347
vt -0.1691807 0.1012077
vt -0.1715455 0.09944074
vt -0.1693879 0.09761217
vt -0.1593146 0.08333505
vt -0.1599457 0.08470117
vt -0.1628349 0.08409525
vt -0.1616487 0.08152778
vt -0.1551712 0.05338395
vt -0.155173 0.05488881
vt -0.1580507 0.05554709
vt -0.1580474 0.05271887
vt -0.1612096 0.03049815
vt -0.1604935 0.03182171
vt -0.1627089 0.03377267
vt -0.1640547 0.03128519
vt -0.1735907 0.04764481
vt -0.1722108 0.04824505
vt -0.1727515 0.05114713
vt -0.175345 0.05001903
vt -0.1646179 0.1073956
vt -0.1632264 0.1068226
vt -0.1615191 0.1092308
vt -0.1641342 0.1103077
vt -0.1405467 0.1442201
vt -0.1398115 0.142907
vt -0.1383597 0.1462029
vt -0.1311587 0.1426297
vt -0.1311432 0.1411249
vt -0.1282596 0.1404929
vt -0.1372036 0.1219573
vt -0.1378199 0.1205844
vt -0.1354662 0.1188026
vt -0.134308 0.1213828
vt -0.1520749 0.1014823
vt -0.1532117 0.1004962
vt -0.14969 0.09974256
vt -0.1671123 0.09474623
vt -0.168571 0.0943761
vt -0.1685047 0.09142482
vt -0.1730308 0.0998999
vt -0.1744939 0.1002521
vt -0.1758105 0.09760995
vt -0.1730608 0.09694804
vt -0.1538885 0.1165598
vt -0.1559877 0.1184551
vt -0.1583029 0.1166236
vt -0.1554746 0.1140701
vt -0.1302537 0.09241308
vt -0.1315491 0.09492723
vt -0.1343616 0.09403061
vt -0.1326164 0.09064331
vt -0.114364 0.03353343
vt -0.1148557 0.03631858
vt -0.1178076 0.03629614
vt -0.1171451 0.03254373
vt -0.1142393 -0.03312005
vt -0.1137977 -0.03032652
vt -0.1165962 -0.02938693
vt -0.1171911 -0.03315064
vt -0.1542127 -0.04252497
vt -0.1521688 -0.04057022
vt -0.1538257 -0.03812709
vt -0.1565796 -0.04076071
vt -0.1305159 0.1445971
vt -0.1284166 0.1427019
vt -0.1289299 0.1470869
vt -0.1427502 0.1376008
vt -0.1415344 0.1346453
vt -0.1409334 0.1390191
vt -0.1678835 0.1054808
vt -0.1672944 0.1028002
vt -0.1639003 0.100686
vt -0.1614522 0.1117567
vt -0.1623356 0.10907
vt -0.158146 0.1095074
vt -0.03328935 0.1028318
vt -0.03566314 0.102176
vt -0.03446169 0.09932487
vt -0.1672756 0.1009648
vt -0.1714605 0.09906416
vt -0.1701594 0.0976219
vt -0.1718051 0.09642561
vt -0.1745364 0.09715964
vt -0.1757661 0.09447597
vt -0.1283443 0.1425882
vt -0.130903 0.1454117
vt -0.1332573 0.1436308
vt -0.1303477 0.14042
vt -0.08999554 0.1128254
vt -0.09171738 0.1162246
vt -0.09445857 0.115129
vt -0.09250057 0.1112636
vt -0.06083599 0.03523866
vt -0.06202129 0.03886006
vt -0.06489713 0.03819375
vt -0.06354927 0.03407564
vt -0.03437082 -0.06052139
vt -0.03524342 -0.0568122
vt -0.03816556 -0.05723119
vt -0.03717328 -0.06144912
vt 0.01186049 -0.1441113
vt 0.01075242 -0.1404655
vt 0.007863073 -0.1410706
vt 0.009123115 -0.1452164
vt 0.03841782 0.2011214
vt 0.03919794 0.1956378
vt 0.04135526 0.2008284
vt 0.09009007 0.1727702
vt 0.08724344 0.1700971
vt 0.09199711 0.1700384
vt -0.1444571 0.1324424
vt -0.143046 0.1266126
vt -0.1423724 0.1302144
vt -0.1494322 0.1213939
vt -0.1502791 0.1158445
vt -0.1438061 0.1216102
vt -0.1583186 0.1036804
vt -0.1630702 0.1044163
vt -0.162955 0.09997679
vt -0.1691454 0.08938424
vt -0.1713642 0.08487864
vt -0.1658422 0.08475359
vt -0.1718217 0.0971479
vt -0.1730393 0.09445871
vt -0.1689493 0.09302783
vt -0.08394785 0.1731143
vt -0.0861889 0.1768228
vt -0.08871543 0.175296
vt -0.0864744 0.1715875
vt -0.04064393 0.1362251
vt -0.04238971 0.1401909
vt -0.04509153 0.1390016
vt -0.04334576 0.1350357
vt -0.004753548 0.05486447
vt -0.006494097 0.0588326
vt -0.009197483 0.05764681
vt -0.007456937 0.05367867
vt 0.04146432 -0.03500747
vt 0.03924519 -0.03128578
vt 0.03670968 -0.03279762
vt 0.03892883 -0.03651932
vt 0.1294449 -0.06004661
vt 0.1257704 -0.05775011
vt 0.1242059 -0.06025343
vt 0.1278803 -0.06254993
vt 0.1581638 0.1146161
vt 0.155948 0.1098642
vt 0.1596725 0.1120787
vt 0.02139718 0.1877257
vt 0.0232655 0.1835957
vt 0.02544535 0.1884683
vt 0.08264766 0.1682683
vt 0.08714838 0.1636961
vt 0.08909155 0.1666515
vt 0.1142032 0.03152712
vt 0.1216448 0.02573236
vt 0.1211026 0.03077167
vt 0.05893669 -0.05776813
vt 0.06365324 -0.05777751
vt 0.06407525 -0.05346503
vt -0.1294449 -0.0600467
vt -0.1278803 -0.06255002
vt -0.1242058 -0.06025351
vt -0.1544392 0.1124017
vt -0.1581637 0.1146162
vt -0.1596724 0.1120788
vt -0.1559479 0.1098643
vt -0.01162924 0.1940329
vt -0.01261633 0.198252
vt -0.01541992 0.1973277
vt -0.01455188 0.1936175
vt 0.01628397 0.1535519
vt 0.01494827 0.157674
vt 0.01223158 0.156519
vt 0.01340618 0.1528941
vt 0.04855055 0.08260586
vt 0.04661181 0.08648102
vt 0.04409905 0.08493169
vt 0.04580395 0.08152393
vt 0.09449746 0.01541006
vt 0.0916171 0.0186472
vt 0.08959408 0.01649737
vt 0.09212704 0.01365067
vt 0.1550164 0.01119489
vt 0.1509504 0.01269252
vt 0.1501793 0.009842983
vt 0.1537549 0.008525988
vt 0.1721878 0.0968926
vt 0.1680978 0.09546172
vt 0.1693155 0.09277254
vt 0.1729122 0.09403083
vt 0.1313466 0.1453623
vt 0.1307912 0.1403707
vt 0.13335 0.1431942
vt 0.06905999 0.1267314
vt 0.07091095 0.1227091
vt 0.07256161 0.1261434
vt 0.06109859 0.03487777
vt 0.06397443 0.03421146
vt 0.06515972 0.03783286
vt 0.03565548 -0.05664069
vt 0.0346632 -0.06085862
vt 0.03758533 -0.06127761
vt 0.03845792 -0.05756842
vt -0.01033032 -0.1403207
vt -0.01159037 -0.1444665
vt -0.008701025 -0.1450716
vt -0.007592955 -0.1414258
vt -0.05849994 0.180977
vt -0.05980155 0.18511
vt -0.06252769 0.1839775
vt -0.06138308 0.180343
vt 0.07599281 0.1817335
vt 0.07662658 0.1854909
vt 0.07367456 0.1854907
vt 0.07320414 0.1827019
vt 0.0766295 0.156245
vt 0.07599546 0.1600023
vt 0.07320687 0.1590337
vt 0.07367747 0.1562449
vt 0.09678055 0.1075899
vt 0.09506295 0.1109913
vt 0.09268594 0.1092408
vt 0.0939608 0.1067162
vt 0.1295552 0.06520894
vt 0.1267539 0.06779195
vt 0.1251417 0.06531903
vt 0.1272209 0.06340185
vt 0.1643061 0.06151153
vt 0.1606398 0.06254966
vt 0.1603193 0.05961508
vt 0.1630405 0.05884456
vt 0.175156 0.09674626
vt 0.1714761 0.09575729
vt 0.1727059 0.09307362
vt 0.1754372 0.09380765
vt 0.1567275 0.1183685
vt 0.1538992 0.115815
vt 0.1562144 0.1139835
vt 0.1583137 0.1158788
vt 0.1322719 0.09510727
vt 0.1305267 0.09171998
vt 0.1333392 0.09082337
vt 0.1346345 0.09333752
vt 0.1154926 0.03670487
vt 0.1148301 0.03295245
vt 0.117782 0.03293002
vt 0.1182737 0.03571516
vt 0.1142742 -0.02975398
vt 0.1148691 -0.0335177
vt 0.1176676 -0.0325781
vt 0.117226 -0.02978457
vt 0.152201 -0.039826
vt 0.1549548 -0.04245963
vt 0.1566117 -0.04001649
vt 0.1545678 -0.03806173
vt 0.1276768 0.1427885
vt 0.1305053 0.1453418
vt 0.1281902 0.1471734
vt 0.1260908 0.1452783
vt 0.1390536 0.1425731
vt 0.1404352 0.1450409
vt 0.1376017 0.1458689
vt 0.1368665 0.1445558
vt 0.1306382 0.1404684
vt 0.1306673 0.1432965
vt 0.1277837 0.1426645
vt 0.1277682 0.1411597
vt 0.1376363 0.1197767
vt 0.136478 0.1223569
vt 0.1341244 0.120575
vt 0.1347407 0.1192022
vt 0.1533851 0.09968625
vt 0.1512486 0.1015394
vt 0.1498633 0.09893259
vt 0.1510001 0.09794654
vt 0.1690898 0.0937304
vt 0.1663484 0.09442602
vt 0.1662822 0.09147475
vt 0.1677408 0.09110461
vt 0.1752538 0.09992249
vt 0.1725041 0.09926058
vt 0.1738207 0.09661843
vt 0.1752838 0.09697063
vt 0.1700076 0.1012553
vt 0.16785 0.09942676
vt 0.1702149 0.09765983
vt 0.1713629 0.09863279
vt 0.1606756 0.08509283
vt 0.1594894 0.08252538
vt 0.1623786 0.08191945
vt 0.1630097 0.08328557
vt 0.1556721 0.05554991
vt 0.1556688 0.0527217
vt 0.1585464 0.05337997
vt 0.1585482 0.05488483
vt 0.1606168 0.03264082
vt 0.1619627 0.03015335
vt 0.1641781 0.03210431
vt 0.163462 0.03342787
vt 0.1718028 0.04896596
vt 0.1743963 0.04783786
vt 0.174937 0.05073993
vt 0.1735571 0.05134018
vt 0.1624248 0.1070314
vt 0.16504 0.1081084
vt 0.1633327 0.1105166
vt 0.1619412 0.1099436
vt 0.1674888 0.1093558
vt 0.1684883 0.1104808
vt 0.1658546 0.1118142
vt 0.1656827 0.1133157
vt 0.1659659 0.1147936
vt 0.1630208 0.1145918
vt 0.1664009 0.112298
vt 0.1659224 0.1137247
vt 0.1634553 0.1121038
vt 0.1690927 0.1088931
vt 0.1679896 0.1099167
vt 0.1665996 0.1073124
vt 0.1720774 0.1053706
vt 0.1706206 0.1057477
vt 0.1706336 0.1027958
vt 0.1737948 0.1020467
vt 0.1723334 0.1016879
vt 0.1737446 0.09909508
vt 0.1738252 0.09777285
vt 0.1727092 0.09676334
vt 0.1751821 0.09515117
vt 0.1729966 0.09202596
vt 0.1724999 0.09060545
vt 0.1754428 0.09037343
vt 0.1724957 0.0866041
vt 0.1727591 0.08512248
vt 0.1754379 0.08636297
vt 0.1726667 0.08518613
vt 0.1736503 0.0840472
vt 0.1753189 0.08648239
vt 0.1724351 0.09039463
vt 0.1738748 0.08995679
vt 0.1739855 0.09290673
vt 0.1704892 0.1003325
vt 0.1719352 0.1007492
vt 0.1704217 0.1032837
vt -0.06160162 0.02375397
vt -0.05748753 0.02461147
vt -0.05465412 0.02893816
vt -0.02995182 -0.08261314
vt -0.02824099 -0.07576746
vt -0.03221702 -0.07712843
vt 0.09020649 -0.009025302
vt 0.09001808 -0.01419376
vt 0.09694189 -0.01562768
vt 0.0850332 -0.06089932
vt 0.07821347 -0.0590321
vt 0.08039895 -0.06574135
vt -0.1491165 0.1211696
vt -0.14349 0.1213723
vt -0.1485828 0.1247949
vt 0.1353043 0.1382689
vt 0.1313478 0.1335789
vt 0.1382118 0.1325499
vt 0.0876414 0.1755417
vt 0.08652963 0.1727002
vt 0.09239496 0.1754741
vt 0.0951568 0.1734596
vt 0.08925337 0.1707678
vt 0.09564433 0.168953
vt -0.1314255 0.1464817
vt -0.1292408 0.1470789
vt -0.130458 0.1507893
vt -0.1139351 0.1466949
vt -0.1144963 0.1526667
vt -0.1167258 0.1522688
vt -0.1683173 0.09224142
vt -0.1658848 0.09338182
vt -0.1679464 0.09582372
vt -0.150142 0.1117794
vt -0.150622 0.1144816
vt -0.1531911 0.113696
vt -0.1672028 0.07647903
vt -0.1659376 0.0784056
vt -0.1696626 0.08014521
vt 0.1616391 0.1197383
vt 0.1576757 0.1186463
vt 0.1582424 0.1153633
vt -0.167224 0.08378513
vt -0.1624611 0.08312605
vt -0.1672127 0.08748281
vt -0.1691194 0.07825579
vt -0.165995 0.07875933
vt -0.1665023 0.08181135
vt -0.1640628 0.06369704
vt -0.1652176 0.06798525
vt -0.1683368 0.06745032
vt -0.1124566 0.1622761
vt -0.111268 0.1594084
vt -0.109198 0.1607426
vt -0.1686601 0.09348729
vt -0.1644723 0.09538134
vt -0.1672359 0.09679517
vt -0.1718404 0.1019344
vt -0.1665269 0.1022537
vt -0.1678022 0.1037188
vt -0.170546 0.08860604
vt -0.1682407 0.09306803
vt -0.1735461 0.09263401
vt -0.1638154 0.103908
vt -0.1598748 0.09880592
vt -0.1596336 0.1044145
vt -0.07444774 0.154321
vt -0.06974212 0.1546422
vt -0.07274308 0.1592793
vt 0.1362235 0.1300013
vt 0.1337484 0.1274748
vt 0.1374734 0.1257537
vt 0.08709874 0.01238305
vt 0.08343998 0.01424098
vt 0.0832328 0.00917683
vt -0.0004149945 0.2049288
vt -0.001454008 0.1994046
vt 0.002494187 0.2005668
vt 0.08187972 0.1657192
vt 0.07877496 0.1613771
vt 0.08226264 0.1607113
vt 0.01664722 -0.03958895
vt -0.001652088 -0.04585841
vt 0.001412677 -0.05208742
vt 0.1196886 0.1254062
vt 0.1288892 0.106588
vt 0.133455 0.1118174
vt 0.01863969 0.1731798
vt 0.0425765 0.1571475
vt 0.04429488 0.1638736
vt -0.04451469 0.06385352
vt -0.02154578 0.05040803
vt -0.01842302 0.05660816
vt -0.1285 0.0008882955
vt -0.1205323 -0.02383516
vt -0.1140162 -0.02144046
vt -0.08821169 0.1698522
vt -0.1094172 0.1554734
vt -0.1059744 0.1494451
vt -0.04707392 0.1092327
vt -0.06422735 0.1026624
vt -0.06212886 0.09604502
vt 0.1540369 0.1143278
vt 0.1510332 0.1127073
vt 0.155516 0.1100209
vt -0.06349051 -0.04737885
vt -0.07029419 -0.03945845
vt -0.07128984 -0.04206773
vt -0.03263422 -0.05925148
vt -0.03463107 -0.05260273
vt -0.05774109 -0.06298755
vt 0.1547332 0.07531722
vt 0.1485911 0.07208198
vt 0.1626935 0.05256968
vt 0.09693948 0.1429166
vt 0.09416721 0.136552
vt 0.1188277 0.132891
vt 0.06046913 0.0284267
vt 0.05878195 0.0216927
vt 0.08321732 0.0228333
vt -0.03295156 -0.1168161
vt -0.0369583 -0.1224853
vt -0.01784154 -0.136904
vt -0.08296936 0.1631931
vt -0.08554506 0.1696397
vt -0.1063039 0.1578221
vt -0.06986854 0.09369247
vt -0.07195029 0.1003151
vt -0.09468491 0.08862158
vt 0.09290306 0.1022716
vt 0.09268555 0.1080819
vt 0.08811805 0.1116797
vt -0.06236903 -0.03587628
vt -0.05947801 -0.04092095
vt -0.03718692 -0.03268638
vt -0.07464615 0.105756
vt -0.09767318 0.09988599
vt -0.09738909 0.09407859
vt 0.1592409 0.1042583
vt 0.1667653 0.107066
vt 0.1634383 0.117083
vt -0.1219378 0.1400208
vt -0.1447946 0.1291058
vt -0.1391178 0.1234246
vt 0.1558692 0.1082308
vt 0.1597647 0.1211504
vt 0.1516706 0.1161067
vt 0.1368457 0.1330198
vt 0.143084 0.1402335
vt 0.1196787 0.1499345
vt 0.09896249 -0.01150609
vt 0.09921548 -0.007036584
vt 0.07463078 -0.005197247
vt 0.1092827 0.1409036
vt 0.1311723 0.1325603
vt 0.1335147 0.1350424
vt 0.1626751 0.08556312
vt 0.1634124 0.08106945
vt 0.1654331 0.07707477
vt 0.06635915 -0.0721269
vt 0.09082133 -0.07519156
vt 0.09072553 -0.06996639
vt -0.03636553 0.01927498
vt -0.03410565 0.01523363
vt -0.01643991 0.002610547
vt -0.1507638 0.08397109
vt -0.1418754 0.1037806
vt -0.1439271 0.1101478
vt -0.1501772 0.05793009
vt -0.145312 0.05333879
vt -0.1445874 0.05791202
vt -0.008699878 0.1451783
vt -0.01025982 0.1424599
vt 0.01615902 0.1306166
vt -0.08669609 0.08320689
vt -0.08515961 0.08803843
vt -0.08669376 0.09077151
vt -0.1500842 0.1146551
vt -0.1444945 0.1146415
vt -0.1429704 0.122051
vt 0.1349591 -0.02759885
vt 0.1342732 -0.01974466
vt 0.1222305 -0.04423486
vt -0.02662999 -0.02465601
vt -0.02781745 -0.01446313
vt -0.03479047 -0.01814224
vt -0.02141174 0.04488808
vt -0.04752951 0.05738129
vt -0.04745319 0.0523119
vt -0.02728776 0.05301975
vt -0.003891893 0.06346278
vt -0.01273371 0.06675821
vt 0.02493768 -0.06846334
vt 0.03928766 -0.05699656
vt 0.0386219 -0.0542843
o group609062969
g mesh609062969
usemtl mat23
f 123/435/105 122/434/105 121/433/105
f 126/438/106 125/437/106 124/436/106
f 122/441/107 124/440/107 121/439/107
f 125/444/108 128/443/108 127/442/108
f 128/450/110 126/449/110 122/448/110
f 122/453/111 129/452/111 124/451/111
f 125/456/112 126/455/112 128/454/112
f 124/459/113 129/458/113 126/457/113
f 126/462/114 129/461/114 122/460/114
f 130/465/115 128/464/115 122/463/115
f 131/471/117 127/470/117 128/469/117
f 131/477/119 130/476/119 132/475/119
f 131/486/122 123/485/122 133/484/122
f 122/489/123 132/488/123 130/487/123
f 131/492/124 132/491/124 122/490/124
f 128/495/125 130/494/125 131/493/125
f 131/498/126 133/497/126 121/496/126
f 122/501/127 123/500/127 131/499/127
f 121/504/128 133/503/128 123/502/128
usemtl mat21
f 124/447/109 125/446/109 121/445/109
f 125/468/116 127/467/116 121/466/116
f 131/474/118 122/473/118 127/472/118
f 131/480/120 127/479/120 122/478/120
f 131/483/121 121/482/121 127/481/121
o group1692059423
g mesh1692059423
usemtl mat23
f 136/507/129 135/506/129 134/505/129
f 140/513/131 137/512/131 134/511/131
f 138/517/132 142/516/132 141/515/132 136/514/132
f 142/524/134 140/523/134 135/522/134
f 136/527/135 141/526/135 135/525/135
f 135/530/136 141/529/136 142/528/136
f 134/533/137 135/532/137 140/531/137
f 139/537/138 143/536/138 142/535/138 138/534/138
f 144/540/139 140/539/139 142/538/139
f 144/544/140 145/543/140 137/542/140 140/541/140
f 144/548/141 143/547/141 139/546/141 145/545/141
f 137/551/142 145/550/142 139/549/142
f 142/554/143 143/553/143 144/552/143
usemtl mat21
f 139/510/130 138/509/130 137/508/130
f 137/521/133 138/520/133 136/519/133 134/518/133
o group1365416221
g mesh1365416221
usemtl mat23
f 148/557/144 147/556/144 146/555/144
f 147/560/145 149/559/145 146/558/145
f 149/563/146 150/562/146 146/561/146
f 150/566/147 151/565/147 146/564/147
f 151/569/148 152/568/148 146/567/148
f 152/572/149 153/571/149 146/570/149
f 153/575/150 154/574/150 146/573/150
f 154/578/151 155/577/151 146/576/151
f 155/581/152 156/580/152 146/579/152
f 156/584/153 157/583/153 146/582/153
f 157/587/154 158/586/154 146/585/154
f 158/590/155 148/589/155 146/588/155
f 160/594/156 159/593/156 147/592/156 148/591/156
f 159/598/157 161/597/157 149/596/157 147/595/157
f 161/602/158 162/601/158 150/600/158 149/599/158
f 162/606/159 163/605/159 151/604/159 150/603/159
f 163/610/160 164/609/160 152/608/160 151/607/160
f 164/614/161 165/613/161 153/612/161 152/611/161
f 165/618/162 166/617/162 154/616/162 153/615/162
f 166/622/163 167/621/163 155/620/163 154/619/163
f 167/626/164 168/625/164 156/624/164 155/623/164
f 168/630/165 169/629/165 157/628/165 156/627/165
f 169/634/166 170/633/166 158/632/166 157/631/166
f 170/638/167 160/637/167 148/636/167 158/635/167
f 172/642/168 171/641/168 159/640/168 160/639/168
f 171/646/169 173/645/169 161/644/169 159/643/169
f 173/650/170 174/649/170 162/648/170 161/647/170
f 174/654/171 175/653/171 163/652/171 162/651/171
f 175/658/172 176/657/172 164/656/172 163/655/172
f 176/662/173 177/661/173 165/660/173 164/659/173
f 177/666/174 178/665/174 166/664/174 165/663/174
f 178/670/175 179/669/175 167/668/175 166/667/175
f 179/674/176 180/673/176 168/672/176 167/671/176
f 180/678/177 181/677/177 169/676/177 168/675/177
f 181/682/178 182/681/178 170/680/178 169/679/178
f 182/686/179 172/685/179 160/684/179 170/683/179
f 184/690/180 183/689/180 171/688/180 172/687/180
f 183/694/181 185/693/181 173/692/181 171/691/181
f 185/698/182 186/697/182 174/696/182 173/695/182
f 186/702/183 187/701/183 175/700/183 174/699/183
f 187/706/184 188/705/184 176/704/184 175/703/184
f 188/710/185 189/709/185 177/708/185 176/707/185
f 189/714/186 190/713/186 178/712/186 177/711/186
f 190/718/187 191/717/187 179/716/187 178/715/187
f 191/722/188 192/721/188 180/720/188 179/719/188
f 192/726/189 193/725/189 181/724/189 180/723/189
f 193/730/190 194/729/190 182/728/190 181/727/190
f 194/734/191 184/733/191 172/732/191 182/731/191
f 196/738/192 195/737/192 183/736/192 184/735/192
f 195/742/193 197/741/193 185/740/193 183/739/193
f 197/746/194 198/745/194 186/744/194 185/743/194
f 198/750/195 199/749/195 187/748/195 186/747/195
f 199/754/196 200/753/196 188/752/196 187/751/196
f 200/758/197 201/757/197 189/756/197 188/755/197
f 201/762/198 202/761/198 190/760/198 189/759/198
f 202/766/199 203/765/199 191/764/199 190/763/199
f 203/770/200 204/769/200 192/768/200 191/767/200
f 204/774/201 205/773/201 193/772/201 192/771/201
f 205/778/202 206/777/202 194/776/202 193/775/202
f 206/782/203 196/781/203 184/780/203 194/779/203
f 208/786/204 207/785/204 195/784/204 196/783/204
f 207/790/205 209/789/205 197/788/205 195/787/205
f 209/794/206 210/793/206 198/792/206 197/791/206
f 210/798/207 211/797/207 199/796/207 198/795/207
f 211/802/208 212/801/208 200/800/208 199/799/208
f 212/806/209 213/805/209 201/804/209 200/803/209
f 213/810/210 214/809/210 202/808/210 201/807/210
f 214/814/211 215/813/211 203/812/211 202/811/211
f 215/818/212 216/817/212 204/816/212 203/815/212
f 216/822/213 217/821/213 205/820/213 204/819/213
f 217/826/214 218/825/214 206/824/214 205/823/214
f 218/830/215 208/829/215 196/828/215 206/827/215
f 220/834/216 219/833/216 207/832/216 208/831/216
f 219/838/217 221/837/217 209/836/217 207/835/217
f 221/842/218 222/841/218 210/840/218 209/839/218
f 222/846/219 223/845/219 211/844/219 210/843/219
f 223/850/220 224/849/220 212/848/220 211/847/220
f 224/854/221 225/853/221 213/852/221 212/851/221
f 225/858/222 226/857/222 214/856/222 213/855/222
f 226/862/223 227/861/223 215/860/223 214/859/223
f 227/866/224 228/865/224 216/864/224 215/863/224
f 228/870/225 229/869/225 217/868/225 216/867/225
f 229/874/226 230/873/226 218/872/226 217/871/226
f 230/878/227 220/877/227 208/876/227 218/875/227
f 232/882/228 231/881/228 219/880/228 220/879/228
f 231/886/229 233/885/229 221/884/229 219/883/229
f 233/890/230 234/889/230 222/888/230 221/887/230
f 234/894/231 235/893/231 223/892/231 222/891/231
f 235/898/232 236/897/232 224/896/232 223/895/232
f 236/902/233 237/901/233 225/900/233 224/899/233
f 237/906/234 238/905/234 226/904/234 225/903/234
f 238/910/235 239/909/235 227/908/235 226/907/235
f 239/914/236 240/913/236 228/912/236 227/911/236
f 240/918/237 241/917/237 229/916/237 228/915/237
f 241/922/238 242/921/238 230/920/238 229/919/238
f 242/926/239 232/925/239 220/924/239 230/923/239
f 243/929/240 231/928/240 232/927/240
f 243/932/241 233/931/241 231/930/241
f 243/935/242 234/934/242 233/933/242
f 243/938/243 235/937/243 234/936/243
f 243/941/244 236/940/244 235/939/244
f 243/944/245 237/943/245 236/942/245
f 243/947/246 238/946/246 237/945/246
f 243/950/247 239/949/247 238/948/247
f 243/953/248 240/952/248 239/951/248
f 243/956/249 241/955/249 240/954/249
f 243/959/250 242/958/250 241/957/250
f 243/962/251 232/961/251 242/960/251
o group1388244201
g mesh1388244201
usemtl mat23
f 246/965/252 245/964/252 244/963/252
f 245/968/253 247/967/253 244/966/253
f 247/971/254 248/970/254 244/969/254
f 248/974/255 249/973/255 244/972/255
f 249/977/256 250/976/256 244/975/256
f 250/980/257 251/979/257 244/978/257
f 251/983/258 252/982/258 244/981/258
f 252/986/259 253/985/259 244/984/259
f 253/989/260 254/988/260 244/987/260
f 254/992/261 255/991/261 244/990/261
f 255/995/262 256/994/262 244/993/262
f 256/998/263 246/997/263 244/996/263
f 258/1002/264 257/1001/264 245/1000/264 246/999/264
f 257/1006/265 259/1005/265 247/1004/265 245/1003/265
f 259/1010/266 260/1009/266 248/1008/266 247/1007/266
f 260/1014/267 261/1013/267 249/1012/267 248/1011/267
f 261/1018/268 262/1017/268 250/1016/268 249/1015/268
f 262/1022/269 263/1021/269 251/1020/269 250/1019/269
f 263/1026/270 264/1025/270 252/1024/270 251/1023/270
f 264/1030/271 265/1029/271 253/1028/271 252/1027/271
f 265/1034/272 266/1033/272 254/1032/272 253/1031/272
f 266/1038/273 267/1037/273 255/1036/273 254/1035/273
f 267/1042/274 268/1041/274 256/1040/274 255/1039/274
f 268/1046/275 258/1045/275 246/1044/275 256/1043/275
f 270/1050/276 269/1049/276 257/1048/276 258/1047/276
f 269/1054/277 271/1053/277 259/1052/277 257/1051/277
f 271/1058/278 272/1057/278 260/1056/278 259/1055/278
f 272/1062/279 273/1061/279 261/1060/279 260/1059/279
f 273/1066/280 274/1065/280 262/1064/280 261/1063/280
f 274/1070/281 275/1069/281 263/1068/281 262/1067/281
f 275/1074/282 276/1073/282 264/1072/282 263/1071/282
f 276/1078/283 277/1077/283 265/1076/283 264/1075/283
f 277/1082/284 278/1081/284 266/1080/284 265/1079/284
f 278/1086/285 279/1085/285 267/1084/285 266/1083/285
f 279/1090/286 280/1089/286 268/1088/286 267/1087/286
f 280/1094/287 270/1093/287 258/1092/287 268/1091/287
f 282/1098/288 281/1097/288 269/1096/288 270/1095/288
f 281/1102/289 283/1101/289 271/1100/289 269/1099/289
f 283/1106/290 284/1105/290 272/1104/290 271/1103/290
f 284/1110/291 285/1109/291 273/1108/291 272/1107/291
f 285/1114/292 286/1113/292 274/1112/292 273/1111/292
f 286/1118/293 287/1117/293 275/1116/293 274/1115/293
f 287/1122/294 288/1121/294 276/1120/294 275/1119/294
f 288/1126/295 289/1125/295 277/1124/295 276/1123/295
f 289/1130/296 290/1129/296 278/1128/296 277/1127/296
f 290/1134/297 291/1133/297 279/1132/297 278/1131/297
f 291/1138/298 292/1137/298 280/1136/298 279/1135/298
f 292/1142/299 282/1141/299 270/1140/299 280/1139/299
f 294/1146/300 293/1145/300 281/1144/300 282/1143/300
f 293/1150/301 295/1149/301 283/1148/301 281/1147/301
f 295/1154/302 296/1153/302 284/1152/302 283/1151/302
f 296/1158/303 297/1157/303 285/1156/303 284/1155/303
f 297/1162/304 298/1161/304 286/1160/304 285/1159/304
f 298/1166/305 299/1165/305 287/1164/305 286/1163/305
f 299/1170/306 300/1169/306 288/1168/306 287/1167/306
f 300/1174/307 301/1173/307 289/1172/307 288/1171/307
f 301/1178/308 302/1177/308 290/1176/308 289/1175/308
f 302/1182/309 303/1181/309 291/1180/309 290/1179/309
f 303/1186/310 304/1185/310 292/1184/310 291/1183/310
f 304/1190/311 294/1189/311 282/1188/311 292/1187/311
f 306/1194/312 305/1193/312 293/1192/312 294/1191/312
f 305/1198/313 307/1197/313 295/1196/313 293/1195/313
f 307/1202/314 308/1201/314 296/1200/314 295/1199/314
f 308/1206/315 309/1205/315 297/1204/315 296/1203/315
f 309/1210/316 310/1209/316 298/1208/316 297/1207/316
f 310/1214/317 311/1213/317 299/1212/317 298/1211/317
f 311/1218/318 312/1217/318 300/1216/318 299/1215/318
f 312/1222/319 313/1221/319 301/1220/319 300/1219/319
f 313/1226/320 314/1225/320 302/1224/320 301/1223/320
f 314/1230/321 315/1229/321 303/1228/321 302/1227/321
f 315/1234/322 316/1233/322 304/1232/322 303/1231/322
f 316/1238/323 306/1237/323 294/1236/323 304/1235/323
f 318/1242/324 317/1241/324 305/1240/324 306/1239/324
f 317/1246/325 319/1245/325 307/1244/325 305/1243/325
f 319/1250/326 320/1249/326 308/1248/326 307/1247/326
f 320/1254/327 321/1253/327 309/1252/327 308/1251/327
f 321/1258/328 322/1257/328 310/1256/328 309/1255/328
f 322/1262/329 323/1261/329 311/1260/329 310/1259/329
f 323/1266/330 324/1265/330 312/1264/330 311/1263/330
f 324/1270/331 325/1269/331 313/1268/331 312/1267/331
f 325/1274/332 326/1273/332 314/1272/332 313/1271/332
f 326/1278/333 327/1277/333 315/1276/333 314/1275/333
f 327/1282/334 328/1281/334 316/1280/334 315/1279/334
f 328/1286/335 318/1285/335 306/1284/335 316/1283/335
f 330/1290/336 329/1289/336 317/1288/336 318/1287/336
f 329/1294/337 331/1293/337 319/1292/337 317/1291/337
f 331/1298/338 332/1297/338 320/1296/338 319/1295/338
f 332/1302/339 333/1301/339 321/1300/339 320/1299/339
f 333/1306/340 334/1305/340 322/1304/340 321/1303/340
f 334/1310/341 335/1309/341 323/1308/341 322/1307/341
f 335/1314/342 336/1313/342 324/1312/342 323/1311/342
f 336/1318/343 337/1317/343 325/1316/343 324/1315/343
f 337/1322/344 338/1321/344 326/1320/344 325/1319/344
f 338/1326/345 339/1325/345 327/1324/345 326/1323/345
f 339/1330/346 340/1329/346 328/1328/346 327/1327/346
f 340/1334/347 330/1333/347 318/1332/347 328/1331/347
f 341/1337/348 329/1336/348 330/1335/348
f 341/1340/349 331/1339/349 329/1338/349
f 341/1343/350 332/1342/350 331/1341/350
f 341/1346/351 333/1345/351 332/1344/351
f 341/1349/352 334/1348/352 333/1347/352
f 341/1352/353 335/1351/353 334/1350/353
f 341/1355/354 336/1354/354 335/1353/354
f 341/1358/355 337/1357/355 336/1356/355
f 341/1361/356 338/1360/356 337/1359/356
f 341/1364/357 339/1363/357 338/1362/357
f 341/1367/358 340/1366/358 339/1365/358
f 341/1370/359 330/1369/359 340/1368/359
o group361199585
g mesh361199585
usemtl mat13
f 540/2189/576 539/2188/576 538/2187/576
f 543/2192/577 542/2191/577 541/2190/577
f 538/2196/578 543/2195/578 545/2194/578 544/2193/578
f 541/2200/579 542/2199/579 539/2198/579 540/2197/579
f 545/2204/580 541/2203/580 540/2202/580 544/2201/580
f 539/2208/581 542/2207/581 543/2206/581 538/2205/581
f 538/2211/582 544/2210/582 540/2209/582
f 541/2214/583 545/2213/583 543/2212/583
o group670811835
g mesh670811835
usemtl mat13
f 548/2217/584 547/2216/584 546/2215/584
f 551/2220/585 550/2219/585 549/2218/585
f 552/2223/586 549/2222/586 546/2221/586
f 550/2226/587 547/2225/587 548/2224/587
f 549/2230/588 550/2229/588 548/2228/588 546/2227/588
f 547/2233/589 551/2232/589 552/2231/589
f 547/2236/590 553/2235/590 546/2234/590
f 546/2239/591 553/2238/591 552/2237/591
f 552/2242/592 553/2241/592 547/2240/592
f 549/2245/593 552/2244/593 551/2243/593
f 550/2248/594 551/2247/594 547/2246/594
o group1322903102
g mesh1322903102
usemtl mat13
f 4/4/1 3/3/1 2/2/1 1/1/1
f 3/8/2 6/7/2 5/6/2 2/5/2
f 6/12/3 4/11/3 1/10/3 5/9/3
f 6/15/4 3/14/4 4/13/4
f 1/18/5 2/17/5 5/16/5
f 16/40/11 15/39/11 14/38/11 13/37/11
f 15/44/12 18/43/12 17/42/12 14/41/12
f 18/48/13 20/47/13 19/46/13 17/45/13
f 20/52/14 22/51/14 21/50/14 19/49/14
f 22/56/15 24/55/15 23/54/15 21/53/15
f 24/60/16 26/59/16 25/58/16 23/57/16
f 26/64/17 28/63/17 27/62/17 25/61/17
f 28/68/18 30/67/18 29/66/18 27/65/18
f 30/72/19 16/71/19 13/70/19 29/69/19
f 30/81/20 28/80/20 26/79/20 24/78/20 22/77/20 20/76/20 18/75/20 15/74/20 16/73/20
f 39/90/21 38/89/21 37/88/21 36/87/21 35/86/21 34/85/21 33/84/21 32/83/21 31/82/21
f 41/94/22 40/93/22 27/92/22 29/91/22
f 40/98/23 42/97/23 25/96/23 27/95/23
f 42/102/24 43/101/24 23/100/24 25/99/24
f 43/106/25 44/105/25 21/104/25 23/103/25
f 44/110/26 45/109/26 19/108/26 21/107/26
f 45/114/27 46/113/27 17/112/27 19/111/27
f 46/118/28 47/117/28 14/116/28 17/115/28
f 47/122/29 48/121/29 13/120/29 14/119/29
f 48/126/30 41/125/30 29/124/30 13/123/30
f 50/130/31 49/129/31 40/128/31 41/127/31
f 49/134/32 51/133/32 42/132/32 40/131/32
f 51/138/33 52/137/33 43/136/33 42/135/33
f 52/142/34 53/141/34 44/140/34 43/139/34
f 53/146/35 54/145/35 45/144/35 44/143/35
f 54/150/36 55/149/36 46/148/36 45/147/36
f 55/154/37 56/153/37 47/152/37 46/151/37
f 56/158/38 57/157/38 48/156/38 47/155/38
f 57/162/39 50/161/39 41/160/39 48/159/39
f 59/166/40 58/165/40 49/164/40 50/163/40
f 58/170/41 60/169/41 51/168/41 49/167/41
f 60/174/42 61/173/42 52/172/42 51/171/42
f 61/178/43 62/177/43 53/176/43 52/175/43
f 62/182/44 63/181/44 54/180/44 53/179/44
f 63/186/45 64/185/45 55/184/45 54/183/45
f 64/190/46 65/189/46 56/188/46 55/187/46
f 65/194/47 66/193/47 57/192/47 56/191/47
f 66/198/48 59/197/48 50/196/48 57/195/48
f 31/202/49 32/201/49 58/200/49 59/199/49
f 32/206/50 33/205/50 60/204/50 58/203/50
f 33/210/51 34/209/51 61/208/51 60/207/51
f 34/214/52 35/213/52 62/212/52 61/211/52
f 35/218/53 36/217/53 63/216/53 62/215/53
f 36/222/54 37/221/54 64/220/54 63/219/54
f 37/226/55 38/225/55 65/224/55 64/223/55
f 38/230/56 39/229/56 66/228/56 65/227/56
f 39/234/57 31/233/57 59/232/57 66/231/57
o group1484828750
g mesh1484828750
usemtl mat13
f 10/22/6 9/21/6 8/20/6 7/19/6
f 9/26/7 12/25/7 11/24/7 8/23/7
f 12/30/8 10/29/8 7/28/8 11/27/8
f 12/33/9 9/32/9 10/31/9
f 7/36/10 8/35/10 11/34/10
f 70/238/58 69/237/58 68/236/58 67/235/58
f 69/242/59 72/241/59 71/240/59 68/239/59
f 72/246/60 74/245/60 73/244/60 71/243/60
f 74/250/61 76/249/61 75/248/61 73/247/61
f 76/254/62 78/253/62 77/252/62 75/251/62
f 78/258/63 80/257/63 79/256/63 77/255/63
f 80/262/64 82/261/64 81/260/64 79/259/64
f 82/266/65 84/265/65 83/264/65 81/263/65
f 84/270/66 70/269/66 67/268/66 83/267/66
f 84/279/67 82/278/67 80/277/67 78/276/67 76/275/67 74/274/67 72/273/67 69/272/67 70/271/67
f 93/288/68 92/287/68 91/286/68 90/285/68 89/284/68 88/283/68 87/282/68 86/281/68 85/280/68
f 95/292/69 94/291/69 81/290/69 83/289/69
f 94/296/70 96/295/70 79/294/70 81/293/70
f 96/300/71 97/299/71 77/298/71 79/297/71
f 97/304/72 98/303/72 75/302/72 77/301/72
f 98/308/73 99/307/73 73/306/73 75/305/73
f 99/312/74 100/311/74 71/310/74 73/309/74
f 100/316/75 101/315/75 68/314/75 71/313/75
f 101/320/76 102/319/76 67/318/76 68/317/76
f 102/324/77 95/323/77 83/322/77 67/321/77
f 104/328/78 103/327/78 94/326/78 95/325/78
f 103/332/79 105/331/79 96/330/79 94/329/79
f 105/336/80 106/335/80 97/334/80 96/333/80
f 106/340/81 107/339/81 98/338/81 97/337/81
f 107/344/82 108/343/82 99/342/82 98/341/82
f 108/348/83 109/347/83 100/346/83 99/345/83
f 109/352/84 110/351/84 101/350/84 100/349/84
f 110/356/85 111/355/85 102/354/85 101/353/85
f 111/360/86 104/359/86 95/358/86 102/357/86
f 113/364/87 112/363/87 103/362/87 104/361/87
f 112/368/88 114/367/88 105/366/88 103/365/88
f 114/372/89 115/371/89 106/370/89 105/369/89
f 115/376/90 116/375/90 107/374/90 106/373/90
f 116/380/91 117/379/91 108/378/91 107/377/91
f 117/384/92 118/383/92 109/382/92 108/381/92
f 118/388/93 119/387/93 110/386/93 109/385/93
f 119/392/94 120/391/94 111/390/94 110/389/94
f 120/396/95 113/395/95 104/394/95 111/393/95
f 85/400/96 86/399/96 112/398/96 113/397/96
f 86/404/97 87/403/97 114/402/97 112/401/97
f 87/408/98 88/407/98 115/406/98 114/405/98
f 88/412/99 89/411/99 116/410/99 115/409/99
f 89/416/100 90/415/100 117/414/100 116/413/100
f 90/420/101 91/419/101 118/418/101 117/417/101
f 91/424/102 92/423/102 119/422/102 118/421/102
f 92/428/103 93/427/103 120/426/103 119/425/103
f 93/432/104 85/431/104 113/430/104 120/429/104
o group1099839163
g mesh1099839163
usemtl mat21
f 344/1373/360 343/1372/360 342/1371/360
f 343/1376/361 345/1375/361 342/1374/361
f 345/1379/362 346/1378/362 342/1377/362
f 346/1382/363 347/1381/363 342/1380/363
f 347/1385/364 348/1384/364 342/1383/364
f 348/1388/365 349/1387/365 342/1386/365
f 349/1391/366 350/1390/366 342/1389/366
f 350/1394/367 351/1393/367 342/1392/367
f 351/1397/368 352/1396/368 342/1395/368
f 352/1400/369 353/1399/369 342/1398/369
f 353/1403/370 354/1402/370 342/1401/370
f 354/1406/371 344/1405/371 342/1404/371
f 356/1410/372 355/1409/372 343/1408/372 344/1407/372
f 355/1414/373 357/1413/373 345/1412/373 343/1411/373
f 357/1418/374 358/1417/374 346/1416/374 345/1415/374
f 358/1422/375 359/1421/375 347/1420/375 346/1419/375
f 359/1426/376 360/1425/376 348/1424/376 347/1423/376
f 360/1430/377 361/1429/377 349/1428/377 348/1427/377
f 361/1434/378 362/1433/378 350/1432/378 349/1431/378
f 362/1438/379 363/1437/379 351/1436/379 350/1435/379
f 363/1442/380 364/1441/380 352/1440/380 351/1439/380
f 364/1446/381 365/1445/381 353/1444/381 352/1443/381
f 365/1450/382 366/1449/382 354/1448/382 353/1447/382
f 366/1454/383 356/1453/383 344/1452/383 354/1451/383
f 368/1458/384 367/1457/384 355/1456/384 356/1455/384
f 367/1462/385 369/1461/385 357/1460/385 355/1459/385
f 369/1466/386 370/1465/386 358/1464/386 357/1463/386
f 370/1470/387 371/1469/387 359/1468/387 358/1467/387
f 371/1474/388 372/1473/388 360/1472/388 359/1471/388
f 372/1478/389 373/1477/389 361/1476/389 360/1475/389
f 373/1482/390 374/1481/390 362/1480/390 361/1479/390
f 374/1486/391 375/1485/391 363/1484/391 362/1483/391
f 375/1490/392 376/1489/392 364/1488/392 363/1487/392
f 376/1494/393 377/1493/393 365/1492/393 364/1491/393
f 377/1498/394 378/1497/394 366/1496/394 365/1495/394
f 378/1502/395 368/1501/395 356/1500/395 366/1499/395
f 380/1506/396 379/1505/396 367/1504/396 368/1503/396
f 379/1510/397 381/1509/397 369/1508/397 367/1507/397
f 381/1514/398 382/1513/398 370/1512/398 369/1511/398
f 382/1518/399 383/1517/399 371/1516/399 370/1515/399
f 383/1522/400 384/1521/400 372/1520/400 371/1519/400
f 384/1526/401 385/1525/401 373/1524/401 372/1523/401
f 385/1530/402 386/1529/402 374/1528/402 373/1527/402
f 386/1534/403 387/1533/403 375/1532/403 374/1531/403
f 387/1538/404 388/1537/404 376/1536/404 375/1535/404
f 388/1542/405 389/1541/405 377/1540/405 376/1539/405
f 389/1546/406 390/1545/406 378/1544/406 377/1543/406
f 390/1550/407 380/1549/407 368/1548/407 378/1547/407
f 392/1554/408 391/1553/408 379/1552/408 380/1551/408
f 391/1558/409 393/1557/409 381/1556/409 379/1555/409
f 393/1562/410 394/1561/410 382/1560/410 381/1559/410
f 394/1566/411 395/1565/411 383/1564/411 382/1563/411
f 395/1570/412 396/1569/412 384/1568/412 383/1567/412
f 396/1574/413 397/1573/413 385/1572/413 384/1571/413
f 397/1578/414 398/1577/414 386/1576/414 385/1575/414
f 398/1582/415 399/1581/415 387/1580/415 386/1579/415
f 399/1586/416 400/1585/416 388/1584/416 387/1583/416
f 400/1590/417 401/1589/417 389/1588/417 388/1587/417
f 401/1594/418 402/1593/418 390/1592/418 389/1591/418
f 402/1598/419 392/1597/419 380/1596/419 390/1595/419
f 404/1602/420 403/1601/420 391/1600/420 392/1599/420
f 403/1606/421 405/1605/421 393/1604/421 391/1603/421
f 405/1610/422 406/1609/422 394/1608/422 393/1607/422
f 406/1614/423 407/1613/423 395/1612/423 394/1611/423
f 407/1618/424 408/1617/424 396/1616/424 395/1615/424
f 408/1622/425 409/1621/425 397/1620/425 396/1619/425
f 409/1626/426 410/1625/426 398/1624/426 397/1623/426
f 410/1630/427 411/1629/427 399/1628/427 398/1627/427
f 411/1634/428 412/1633/428 400/1632/428 399/1631/428
f 412/1638/429 413/1637/429 401/1636/429 400/1635/429
f 413/1642/430 414/1641/430 402/1640/430 401/1639/430
f 414/1646/431 404/1645/431 392/1644/431 402/1643/431
f 416/1650/432 415/1649/432 403/1648/432 404/1647/432
f 415/1654/433 417/1653/433 405/1652/433 403/1651/433
f 417/1658/434 418/1657/434 406/1656/434 405/1655/434
f 418/1662/435 419/1661/435 407/1660/435 406/1659/435
f 419/1666/436 420/1665/436 408/1664/436 407/1663/436
f 420/1670/437 421/1669/437 409/1668/437 408/1667/437
f 421/1674/438 422/1673/438 410/1672/438 409/1671/438
f 422/1678/439 423/1677/439 411/1676/439 410/1675/439
f 423/1682/440 424/1681/440 412/1680/440 411/1679/440
f 424/1686/441 425/1685/441 413/1684/441 412/1683/441
f 425/1690/442 426/1689/442 414/1688/442 413/1687/442
f 426/1694/443 416/1693/443 404/1692/443 414/1691/443
f 428/1698/444 427/1697/444 415/1696/444 416/1695/444
f 427/1702/445 429/1701/445 417/1700/445 415/1699/445
f 429/1706/446 430/1705/446 418/1704/446 417/1703/446
f 430/1710/447 431/1709/447 419/1708/447 418/1707/447
f 431/1714/448 432/1713/448 420/1712/448 419/1711/448
f 432/1718/449 433/1717/449 421/1716/449 420/1715/449
f 433/1722/450 434/1721/450 422/1720/450 421/1719/450
f 434/1726/451 435/1725/451 423/1724/451 422/1723/451
f 435/1730/452 436/1729/452 424/1728/452 423/1727/452
f 436/1734/453 437/1733/453 425/1732/453 424/1731/453
f 437/1738/454 438/1737/454 426/1736/454 425/1735/454
f 438/1742/455 428/1741/455 416/1740/455 426/1739/455
f 439/1745/456 427/1744/456 428/1743/456
f 439/1748/457 429/1747/457 427/1746/457
f 439/1751/458 430/1750/458 429/1749/458
f 439/1754/459 431/1753/459 430/1752/459
f 439/1757/460 432/1756/460 431/1755/460
f 439/1760/461 433/1759/461 432/1758/461
f 439/1763/462 434/1762/462 433/1761/462
f 439/1766/463 435/1765/463 434/1764/463
f 439/1769/464 436/1768/464 435/1767/464
f 439/1772/465 437/1771/465 436/1770/465
f 439/1775/466 438/1774/466 437/1773/466
f 439/1778/467 428/1777/467 438/1776/467
f 442/1781/468 441/1780/468 440/1779/468
f 441/1784/469 443/1783/469 440/1782/469
f 443/1787/470 444/1786/470 440/1785/470
f 444/1790/471 445/1789/471 440/1788/471
f 445/1793/472 446/1792/472 440/1791/472
f 446/1796/473 447/1795/473 440/1794/473
f 447/1799/474 448/1798/474 440/1797/474
f 448/1802/475 449/1801/475 440/1800/475
f 449/1805/476 450/1804/476 440/1803/476
f 450/1808/477 451/1807/477 440/1806/477
f 451/1811/478 452/1810/478 440/1809/478
f 452/1814/479 442/1813/479 440/1812/479
f 454/1818/480 453/1817/480 441/1816/480 442/1815/480
f 453/1822/481 455/1821/481 443/1820/481 441/1819/481
f 455/1826/482 456/1825/482 444/1824/482 443/1823/482
f 456/1830/483 457/1829/483 445/1828/483 444/1827/483
f 457/1834/484 458/1833/484 446/1832/484 445/1831/484
f 458/1838/485 459/1837/485 447/1836/485 446/1835/485
f 459/1842/486 460/1841/486 448/1840/486 447/1839/486
f 460/1846/487 461/1845/487 449/1844/487 448/1843/487
f 461/1850/488 462/1849/488 450/1848/488 449/1847/488
f 462/1854/489 463/1853/489 451/1852/489 450/1851/489
f 463/1858/490 464/1857/490 452/1856/490 451/1855/490
f 464/1862/491 454/1861/491 442/1860/491 452/1859/491
f 466/1866/492 465/1865/492 453/1864/492 454/1863/492
f 465/1870/493 467/1869/493 455/1868/493 453/1867/493
f 467/1874/494 468/1873/494 456/1872/494 455/1871/494
f 468/1878/495 469/1877/495 457/1876/495 456/1875/495
f 469/1882/496 470/1881/496 458/1880/496 457/1879/496
f 470/1886/497 471/1885/497 459/1884/497 458/1883/497
f 471/1890/498 472/1889/498 460/1888/498 459/1887/498
f 472/1894/499 473/1893/499 461/1892/499 460/1891/499
f 473/1898/500 474/1897/500 462/1896/500 461/1895/500
f 474/1902/501 475/1901/501 463/1900/501 462/1899/501
f 475/1906/502 476/1905/502 464/1904/502 463/1903/502
f 476/1910/503 466/1909/503 454/1908/503 464/1907/503
f 478/1914/504 477/1913/504 465/1912/504 466/1911/504
f 477/1918/505 479/1917/505 467/1916/505 465/1915/505
f 479/1922/506 480/1921/506 468/1920/506 467/1919/506
f 480/1926/507 481/1925/507 469/1924/507 468/1923/507
f 481/1930/508 482/1929/508 470/1928/508 469/1927/508
f 482/1934/509 483/1933/509 471/1932/509 470/1931/509
f 483/1938/510 484/1937/510 472/1936/510 471/1935/510
f 484/1942/511 485/1941/511 473/1940/511 472/1939/511
f 485/1946/512 486/1945/512 474/1944/512 473/1943/512
f 486/1950/513 487/1949/513 475/1948/513 474/1947/513
f 487/1954/514 488/1953/514 476/1952/514 475/1951/514
f 488/1958/515 478/1957/515 466/1956/515 476/1955/515
f 490/1962/516 489/1961/516 477/1960/516 478/1959/516
f 489/1966/517 491/1965/517 479/1964/517 477/1963/517
f 491/1970/518 492/1969/518 480/1968/518 479/1967/518
f 492/1974/519 493/1973/519 481/1972/519 480/1971/519
f 493/1978/520 494/1977/520 482/1976/520 481/1975/520
f 494/1982/521 495/1981/521 483/1980/521 482/1979/521
f 495/1986/522 496/1985/522 484/1984/522 483/1983/522
f 496/1990/523 497/1989/523 485/1988/523 484/1987/523
f 497/1994/524 498/1993/524 486/1992/524 485/1991/524
f 498/1998/525 499/1997/525 487/1996/525 486/1995/525
f 499/2002/526 500/2001/526 488/2000/526 487/1999/526
f 500/2006/527 490/2005/527 478/2004/527 488/2003/527
f 502/2010/528 501/2009/528 489/2008/528 490/2007/528
f 501/2014/529 503/2013/529 491/2012/529 489/2011/529
f 503/2018/530 504/2017/530 492/2016/530 491/2015/530
f 504/2022/531 505/2021/531 493/2020/531 492/2019/531
f 505/2026/532 506/2025/532 494/2024/532 493/2023/532
f 506/2030/533 507/2029/533 495/2028/533 494/2027/533
f 507/2034/534 508/2033/534 496/2032/534 495/2031/534
f 508/2038/535 509/2037/535 497/2036/535 496/2035/535
f 509/2042/536 510/2041/536 498/2040/536 497/2039/536
f 510/2046/537 511/2045/537 499/2044/537 498/2043/537
f 511/2050/538 512/2049/538 500/2048/538 499/2047/538
f 512/2054/539 502/2053/539 490/2052/539 500/2051/539
f 514/2058/540 513/2057/540 501/2056/540 502/2055/540
f 513/2062/541 515/2061/541 503/2060/541 501/2059/541
f 515/2066/542 516/2065/542 504/2064/542 503/2063/542
f 516/2070/543 517/2069/543 505/2068/543 504/2067/543
f 517/2074/544 518/2073/544 506/2072/544 505/2071/544
f 518/2078/545 519/2077/545 507/2076/545 506/2075/545
f 519/2082/546 520/2081/546 508/2080/546 507/2079/546
f 520/2086/547 521/2085/547 509/2084/547 508/2083/547
f 521/2090/548 522/2089/548 510/2088/548 509/2087/548
f 522/2094/549 523/2093/549 511/2092/549 510/2091/549
f 523/2098/550 524/2097/550 512/2096/550 511/2095/550
f 524/2102/551 514/2101/551 502/2100/551 512/2099/551
f 526/2106/552 525/2105/552 513/2104/552 514/2103/552
f 525/2110/553 527/2109/553 515/2108/553 513/2107/553
f 527/2114/554 528/2113/554 516/2112/554 515/2111/554
f 528/2118/555 529/2117/555 517/2116/555 516/2115/555
f 529/2122/556 530/2121/556 518/2120/556 517/2119/556
f 530/2126/557 531/2125/557 519/2124/557 518/2123/557
f 531/2130/558 532/2129/558 520/2128/558 519/2127/558
f 532/2134/559 533/2133/559 521/2132/559 520/2131/559
f 533/2138/560 534/2137/560 522/2136/560 521/2135/560
f 534/2142/561 535/2141/561 523/2140/561 522/2139/561
f 535/2146/562 536/2145/562 524/2144/562 523/2143/562
f 536/2150/563 526/2149/563 514/2148/563 524/2147/563
f 537/2153/564 525/2152/564 526/2151/564
f 537/2156/565 527/2155/565 525/2154/565
f 537/2159/566 528/2158/566 527/2157/566
f 537/2162/567 529/2161/567 528/2160/567
f 537/2165/568 530/2164/568 529/2163/568
f 537/2168/569 531/2167/569 530/2166/569
f 537/2171/570 532/2170/570 531/2169/570
f 537/2174/571 533/2173/571 532/2172/571
f 537/2177/572 534/2176/572 533/2175/572
f 537/2180/573 535/2179/573 534/2178/573
f 537/2183/574 536/2182/574 535/2181/574
f 537/2186/575 526/2185/575 536/2184/575
f 653/2716/731 655/2715/731 652/2714/731
f 657/2722/733 659/2721/733 658/2720/733
f 660/2728/735 662/2727/735 661/2726/735
f 661/2797/758 671/2796/758 660/2795/758
f 655/2812/763 656/2811/763 652/2810/763
f 658/2818/765 672/2817/765 657/2816/765
usemtl mat2
f 556/2251/595 555/2250/595 554/2249/595
f 555/2254/596 557/2253/596 554/2252/596
f 557/2257/597 558/2256/597 554/2255/597
f 558/2260/598 559/2259/598 554/2258/598
f 559/2263/599 560/2262/599 554/2261/599
f 560/2266/600 561/2265/600 554/2264/600
f 561/2269/601 562/2268/601 554/2267/601
f 562/2272/602 563/2271/602 554/2270/602
f 563/2275/603 564/2274/603 554/2273/603
f 564/2278/604 565/2277/604 554/2276/604
f 565/2281/605 566/2280/605 554/2279/605
f 566/2284/606 556/2283/606 554/2282/606
f 568/2288/607 567/2287/607 555/2286/607 556/2285/607
f 567/2292/608 569/2291/608 557/2290/608 555/2289/608
f 569/2296/609 570/2295/609 558/2294/609 557/2293/609
f 570/2300/610 571/2299/610 559/2298/610 558/2297/610
f 571/2304/611 572/2303/611 560/2302/611 559/2301/611
f 572/2308/612 573/2307/612 561/2306/612 560/2305/612
f 573/2311/613 562/2310/613 561/2309/613
f 574/2314/614 563/2313/614 562/2312/614
f 574/2318/615 575/2317/615 564/2316/615 563/2315/615
f 575/2321/616 565/2320/616 564/2319/616
f 576/2324/617 566/2323/617 565/2322/617
f 576/2328/618 568/2327/618 556/2326/618 566/2325/618
f 578/2332/619 577/2331/619 567/2330/619 568/2329/619
f 577/2336/620 579/2335/620 569/2334/620 567/2333/620
f 579/2340/621 580/2339/621 570/2338/621 569/2337/621
f 580/2344/622 581/2343/622 571/2342/622 570/2341/622
f 581/2348/623 582/2347/623 572/2346/623 571/2345/623
f 582/2351/624 573/2350/624 572/2349/624
f 584/2354/625 583/2353/625 573/2352/625
f 585/2357/626 574/2356/626 583/2355/626
f 585/2360/627 575/2359/627 574/2358/627
f 587/2363/628 586/2362/628 575/2361/628
f 588/2366/629 576/2365/629 586/2364/629
f 578/2369/630 568/2368/630 576/2367/630
f 590/2373/631 589/2372/631 577/2371/631 578/2370/631
f 589/2377/632 591/2376/632 579/2375/632 577/2374/632
f 591/2381/633 592/2380/633 580/2379/633 579/2378/633
f 592/2385/634 593/2384/634 581/2383/634 580/2382/634
f 593/2389/635 594/2388/635 582/2387/635 581/2386/635
f 594/2392/636 595/2391/636 582/2390/636
f 595/2395/637 596/2394/637 584/2393/637
f 597/2398/638 585/2397/638 596/2396/638
f 599/2401/639 598/2400/639 585/2399/639
f 600/2404/640 587/2403/640 598/2402/640
f 600/2407/641 601/2406/641 588/2405/641
f 601/2410/642 590/2409/642 578/2408/642
f 603/2414/643 602/2413/643 589/2412/643 590/2411/643
f 602/2418/644 604/2417/644 591/2416/644 589/2415/644
f 604/2422/645 605/2421/645 592/2420/645 591/2419/645
f 605/2426/646 606/2425/646 593/2424/646 592/2423/646
f 606/2430/647 607/2429/647 594/2428/647 593/2427/647
f 607/2433/648 608/2432/648 594/2431/648
f 608/2436/649 609/2435/649 595/2434/649
f 609/2439/650 610/2438/650 597/2437/650
f 610/2442/651 611/2441/651 599/2440/651
f 611/2445/652 612/2444/652 600/2443/652
f 612/2448/653 613/2447/653 601/2446/653
f 613/2452/654 603/2451/654 590/2450/654 601/2449/654
f 615/2456/655 614/2455/655 602/2454/655 603/2453/655
f 614/2460/656 616/2459/656 604/2458/656 602/2457/656
f 616/2464/657 617/2463/657 605/2462/657 604/2461/657
f 617/2468/658 618/2467/658 606/2466/658 605/2465/658
f 618/2472/659 619/2471/659 607/2470/659 606/2469/659
f 619/2476/660 620/2475/660 608/2474/660 607/2473/660
f 620/2479/661 621/2478/661 608/2477/661
f 621/2482/662 622/2481/662 609/2480/662
f 622/2485/663 623/2484/663 611/2483/663
f 623/2489/664 624/2488/664 612/2487/664 611/2486/664
f 624/2493/665 625/2492/665 613/2491/665 612/2490/665
f 625/2497/666 615/2496/666 603/2495/666 613/2494/666
f 627/2501/667 626/2500/667 614/2499/667 615/2498/667
f 626/2505/668 628/2504/668 616/2503/668 614/2502/668
f 628/2509/669 629/2508/669 617/2507/669 616/2506/669
f 629/2513/670 630/2512/670 618/2511/670 617/2510/670
f 630/2517/671 631/2516/671 619/2515/671 618/2514/671
f 631/2521/672 632/2520/672 620/2519/672 619/2518/672
f 632/2525/673 633/2524/673 621/2523/673 620/2522/673
f 633/2529/674 634/2528/674 622/2527/674 621/2526/674
f 634/2533/675 635/2532/675 623/2531/675 622/2530/675
f 635/2537/676 636/2536/676 624/2535/676 623/2534/676
f 636/2541/677 637/2540/677 625/2539/677 624/2538/677
f 637/2545/678 627/2544/678 615/2543/678 625/2542/678
f 639/2549/679 638/2548/679 626/2547/679 627/2546/679
f 638/2553/680 640/2552/680 628/2551/680 626/2550/680
f 640/2557/681 641/2556/681 629/2555/681 628/2554/681
f 641/2561/682 642/2560/682 630/2559/682 629/2558/682
f 642/2565/683 643/2564/683 631/2563/683 630/2562/683
f 643/2569/684 644/2568/684 632/2567/684 631/2566/684
f 644/2573/685 645/2572/685 633/2571/685 632/2570/685
f 645/2577/686 646/2576/686 634/2575/686 633/2574/686
f 646/2581/687 647/2580/687 635/2579/687 634/2578/687
f 647/2585/688 648/2584/688 636/2583/688 635/2582/688
f 648/2589/689 649/2588/689 637/2587/689 636/2586/689
f 649/2593/690 639/2592/690 627/2591/690 637/2590/690
f 650/2596/691 638/2595/691 639/2594/691
f 650/2599/692 640/2598/692 638/2597/692
f 650/2602/693 641/2601/693 640/2600/693
f 650/2605/694 642/2604/694 641/2603/694
f 650/2608/695 643/2607/695 642/2606/695
f 650/2611/696 644/2610/696 643/2609/696
f 650/2614/697 645/2613/697 644/2612/697
f 650/2617/698 646/2616/698 645/2615/698
f 650/2620/699 647/2619/699 646/2618/699
f 650/2623/700 648/2622/700 647/2621/700
f 650/2626/701 649/2625/701 648/2624/701
f 650/2629/702 639/2628/702 649/2627/702
f 599/2632/703 651/2631/703 598/2630/703
f 598/2635/704 651/2634/704 600/2633/704
f 611/2638/705 651/2637/705 599/2636/705
f 600/2641/706 651/2640/706 611/2639/706
f 597/2644/707 599/2643/707 585/2642/707
f 610/2647/708 599/2646/708 597/2645/708
f 595/2650/709 597/2649/709 596/2648/709
f 609/2653/710 597/2652/710 595/2651/710
f 584/2656/711 596/2655/711 583/2654/711
f 583/2659/712 596/2658/712 585/2657/712
f 573/2662/713 583/2661/713 562/2660/713
f 562/2665/714 583/2664/714 574/2663/714
f 582/2668/715 584/2667/715 573/2666/715
f 595/2671/716 584/2670/716 582/2669/716
f 575/2674/717 598/2673/717 587/2672/717
f 586/2677/718 587/2676/718 588/2675/718
f 588/2680/719 587/2679/719 600/2678/719
f 575/2683/720 586/2682/720 565/2681/720
f 565/2686/721 586/2685/721 576/2684/721
f 576/2689/722 588/2688/722 578/2687/722
f 578/2692/723 588/2691/723 601/2690/723
f 585/2695/724 598/2694/724 575/2693/724
f 601/2698/725 600/2697/725 612/2696/725
f 622/2701/726 610/2700/726 609/2699/726
f 611/2704/727 610/2703/727 622/2702/727
f 608/2707/728 595/2706/728 594/2705/728
f 621/2710/729 609/2709/729 608/2708/729
usemtl mat23
f 654/2713/730 653/2712/730 652/2711/730
f 655/2719/732 657/2718/732 656/2717/732
f 659/2725/734 660/2724/734 658/2723/734
f 662/2731/736 654/2730/736 663/2729/736
f 666/2734/737 665/2733/737 664/2732/737
f 663/2737/738 652/2736/738 661/2735/738
f 667/2740/739 653/2739/739 654/2738/739
f 664/2743/740 655/2742/740 653/2741/740
f 664/2746/741 657/2745/741 655/2744/741
f 665/2749/742 659/2748/742 657/2747/742
f 668/2752/743 660/2751/743 659/2750/743
f 668/2755/744 662/2754/744 660/2753/744
f 669/2758/745 654/2757/745 662/2756/745
f 667/2761/746 670/2760/746 669/2759/746
f 654/2764/747 670/2763/747 667/2762/747
f 669/2767/748 670/2766/748 654/2765/748
f 667/2770/749 669/2769/749 668/2768/749
f 668/2773/750 669/2772/750 662/2771/750
f 664/2776/751 667/2775/751 668/2774/751
f 653/2779/752 667/2778/752 664/2777/752
f 659/2782/753 666/2781/753 668/2780/753
f 664/2785/754 665/2784/754 657/2783/754
f 668/2788/755 666/2787/755 664/2786/755
f 665/2791/756 666/2790/756 659/2789/756
f 660/2794/757 671/2793/757 658/2792/757
f 658/2800/759 671/2799/759 661/2798/759
f 657/2803/760 672/2802/760 656/2801/760
f 656/2806/761 672/2805/761 658/2804/761
f 656/2809/762 658/2808/762 661/2807/762
f 652/2815/764 656/2814/764 661/2813/764
f 663/2821/766 661/2820/766 662/2819/766
f 652/2824/767 663/2823/767 654/2822/767
