# Blender 4.4.3
# www.blender.org
mtllib ditadura.mtl
o Cube
v -22.060730 -0.082709 26.274206
v -22.060730 7.795514 26.274206
v -22.060730 -0.082709 18.084814
v -22.060730 7.795514 18.084814
v 21.157406 -0.082709 26.274206
v 21.157406 7.795514 26.274206
v 21.157406 -0.082709 18.084814
v 21.157406 7.795514 18.084814
v -22.060730 13.280506 26.274206
v -22.060730 13.280506 18.084814
v 21.157406 13.280506 18.084814
v 21.157406 13.280506 26.274206
vn -1.0000 -0.0000 -0.0000
vn -0.0000 -0.0000 -1.0000
vn 1.0000 -0.0000 -0.0000
vn -0.0000 -0.0000 1.0000
vn -0.0000 -1.0000 -0.0000
vn -0.0000 1.0000 -0.0000
vt 0.375000 0.000000
vt 0.625000 0.000000
vt 0.625000 0.250000
vt 0.375000 0.250000
vt 0.625000 0.500000
vt 0.375000 0.500000
vt 0.625000 0.750000
vt 0.375000 0.750000
vt 0.625000 1.000000
vt 0.375000 1.000000
vt 0.125000 0.500000
vt 0.125000 0.750000
vt 0.875000 0.500000
vt 0.875000 0.750000
s 0
usemtl Material.001
f 1/1/1 2/2/1 4/3/1 3/4/1
f 3/4/2 4/3/2 8/5/2 7/6/2
f 7/6/3 8/5/3 6/7/3 5/8/3
f 5/8/4 6/7/4 2/9/4 1/10/4
f 3/11/5 7/6/5 5/8/5 1/12/5
f 8/5/2 4/3/2 10/3/2 11/5/2
f 11/5/6 10/13/6 9/14/6 12/7/6
f 6/7/3 8/5/3 11/5/3 12/7/3
f 4/3/1 2/2/1 9/2/1 10/3/1
f 2/9/4 6/7/4 12/7/4 9/9/4
o Cube.001
v -22.060730 -0.082709 -18.821524
v -22.060730 7.795514 -18.821524
v -22.060730 -0.082709 -27.010916
v -22.060730 7.795514 -27.010916
v 21.157406 -0.082709 -18.821524
v 21.157406 7.795514 -18.821524
v 21.157406 -0.082709 -27.010916
v 21.157406 7.795514 -27.010916
v -22.060730 13.280506 -18.821524
v -22.060730 13.280506 -27.010916
v 21.157406 13.280506 -27.010916
v 21.157406 13.280506 -18.821524
vn -1.0000 -0.0000 -0.0000
vn -0.0000 -0.0000 -1.0000
vn 1.0000 -0.0000 -0.0000
vn -0.0000 -0.0000 1.0000
vn -0.0000 -1.0000 -0.0000
vn -0.0000 1.0000 -0.0000
vt 0.375000 0.000000
vt 0.625000 0.000000
vt 0.625000 0.250000
vt 0.375000 0.250000
vt 0.625000 0.500000
vt 0.375000 0.500000
vt 0.625000 0.750000
vt 0.375000 0.750000
vt 0.625000 1.000000
vt 0.375000 1.000000
vt 0.125000 0.500000
vt 0.125000 0.750000
vt 0.875000 0.500000
vt 0.875000 0.750000
s 0
f 13/15/7 14/16/7 16/17/7 15/18/7
f 15/18/8 16/17/8 20/19/8 19/20/8
f 19/20/9 20/19/9 18/21/9 17/22/9
f 17/22/10 18/21/10 14/23/10 13/24/10
f 15/25/11 19/20/11 17/22/11 13/26/11
f 18/21/9 20/19/9 23/19/9 24/21/9
f 23/19/12 22/27/12 21/28/12 24/21/12
f 16/17/7 14/16/7 21/16/7 22/17/7
f 14/23/10 18/21/10 24/21/10 21/23/10
f 20/19/8 16/17/8 22/17/8 23/19/8
o Cube.002
v 21.208654 -0.082709 26.274206
v 21.208654 7.795514 26.274206
v 21.208654 -0.082709 18.084814
v 21.208654 7.795514 18.084814
v 64.426788 -0.082709 26.274206
v 64.426788 7.795514 26.274206
v 64.426788 -0.082709 18.084814
v 64.426788 7.795514 18.084814
v 71.179428 7.795514 18.084814
v 71.179428 -0.082709 18.084814
v 71.179428 -0.082709 26.274206
v 71.179428 7.795514 26.274206
v 21.208654 13.280506 26.274206
v 21.208654 13.280506 18.084814
v 64.426788 13.280506 18.084814
v 64.426788 13.280506 26.274206
v 71.179428 13.280506 18.084814
v 71.179428 13.280506 26.274206
vn -1.0000 -0.0000 -0.0000
vn -0.0000 -0.0000 -1.0000
vn -0.0000 -0.0000 1.0000
vn -0.0000 -1.0000 -0.0000
vn 1.0000 -0.0000 -0.0000
vn -0.0000 1.0000 -0.0000
vt 0.375000 0.000000
vt 0.625000 0.000000
vt 0.625000 0.250000
vt 0.375000 0.250000
vt 0.625000 0.500000
vt 0.375000 0.500000
vt 0.625000 0.750000
vt 0.375000 0.750000
vt 0.625000 1.000000
vt 0.375000 1.000000
vt 0.125000 0.500000
vt 0.125000 0.750000
vt 0.875000 0.500000
vt 0.875000 0.750000
s 0
f 25/29/13 26/30/13 28/31/13 27/32/13
f 27/32/14 28/31/14 32/33/14 31/34/14
f 30/35/15 29/36/15 35/36/15 36/35/15
f 29/36/15 30/35/15 26/37/15 25/38/15
f 27/39/16 31/34/16 29/36/16 25/40/16
f 36/35/17 33/33/17 41/33/17 42/35/17
f 34/34/17 33/33/17 36/35/17 35/36/17
f 29/36/16 31/34/16 34/34/16 35/36/16
f 32/33/14 28/31/14 38/31/14 39/33/14
f 31/34/14 32/33/14 33/33/14 34/34/14
f 39/33/18 38/41/18 37/42/18 40/35/18
f 39/33/18 40/35/18 42/35/18 41/33/18
f 33/33/14 32/33/14 39/33/14 41/33/14
f 30/35/15 36/35/15 42/35/15 40/35/15
f 28/31/13 26/30/13 37/30/13 38/31/13
f 26/37/15 30/35/15 40/35/15 37/37/15
o Cube.003
v 21.228920 -0.082709 -18.862579
v 21.228920 7.795514 -18.862579
v 21.228920 -0.082709 -27.051971
v 21.228920 7.795514 -27.051971
v 64.953705 -0.082709 -18.862579
v 64.953705 7.795514 -18.862579
v 64.953705 -0.082709 -27.051971
v 64.953705 7.795514 -27.051971
v 71.471260 7.795514 -27.051971
v 71.471260 -0.082709 -27.051971
v 71.471260 -0.082709 -18.862579
v 71.471260 7.795514 -18.862579
v 21.228920 13.280508 -18.862579
v 21.228920 13.280508 -27.051971
v 64.953705 13.280508 -27.051971
v 64.953705 13.280508 -18.862579
v 71.471260 13.280508 -27.051971
v 71.471260 13.280508 -18.862579
vn -1.0000 -0.0000 -0.0000
vn -0.0000 -0.0000 -1.0000
vn -0.0000 -0.0000 1.0000
vn -0.0000 -1.0000 -0.0000
vn 1.0000 -0.0000 -0.0000
vn -0.0000 1.0000 -0.0000
vt 0.375000 0.000000
vt 0.625000 0.000000
vt 0.625000 0.250000
vt 0.375000 0.250000
vt 0.625000 0.500000
vt 0.375000 0.500000
vt 0.375000 0.750000
vt 0.625000 0.750000
vt 0.625000 1.000000
vt 0.375000 1.000000
vt 0.125000 0.500000
vt 0.125000 0.750000
vt 0.875000 0.500000
vt 0.875000 0.750000
s 0
f 43/43/19 44/44/19 46/45/19 45/46/19
f 45/46/20 46/45/20 50/47/20 49/48/20
f 49/48/20 50/47/20 51/47/20 52/48/20
f 47/49/21 48/50/21 44/51/21 43/52/21
f 45/53/22 49/48/22 47/49/22 43/54/22
f 50/47/20 46/45/20 56/45/20 57/47/20
f 52/48/23 51/47/23 54/50/23 53/49/23
f 48/50/21 47/49/21 53/49/21 54/50/21
f 47/49/22 49/48/22 52/48/22 53/49/22
f 51/47/20 50/47/20 57/47/20 59/47/20
f 57/47/24 56/55/24 55/56/24 58/50/24
f 57/47/24 58/50/24 60/50/24 59/47/24
f 54/50/23 51/47/23 59/47/23 60/50/23
f 48/50/21 54/50/21 60/50/21 58/50/21
f 46/45/19 44/44/19 55/44/19 56/45/19
f 44/51/21 48/50/21 58/50/21 55/51/21
o Cube.004
v 71.118011 -0.398006 17.458588
v 71.118011 11.709440 17.458588
v 71.118011 -0.398006 -18.250454
v 71.118011 11.709440 -18.250454
v 76.172104 -0.398006 17.458588
v 76.172104 11.709440 17.458588
v 76.172104 -0.398006 -18.250454
v 76.172104 11.709440 -18.250454
v 71.118011 41.215149 17.458588
v 71.118011 41.215149 -18.250454
v 76.172104 41.215149 -18.250454
v 76.172104 41.215149 17.458588
vn -1.0000 -0.0000 -0.0000
vn -0.0000 -0.0000 -1.0000
vn 1.0000 -0.0000 -0.0000
vn -0.0000 -0.0000 1.0000
vn -0.0000 -1.0000 -0.0000
vn -0.0000 1.0000 -0.0000
vt 0.375000 0.000000
vt 0.625000 0.000000
vt 0.625000 0.250000
vt 0.375000 0.250000
vt 0.625000 0.500000
vt 0.375000 0.500000
vt 0.625000 0.750000
vt 0.375000 0.750000
vt 0.625000 1.000000
vt 0.375000 1.000000
vt 0.125000 0.500000
vt 0.125000 0.750000
vt 0.875000 0.500000
vt 0.875000 0.750000
s 0
f 61/57/25 62/58/25 64/59/25 63/60/25
f 63/60/26 64/59/26 68/61/26 67/62/26
f 67/62/27 68/61/27 66/63/27 65/64/27
f 65/64/28 66/63/28 62/65/28 61/66/28
f 63/67/29 67/62/29 65/64/29 61/68/29
f 68/61/26 64/59/26 70/59/26 71/61/26
f 71/61/30 70/69/30 69/70/30 72/63/30
f 66/63/27 68/61/27 71/61/27 72/63/27
f 64/59/25 62/58/25 69/58/25 70/59/25
f 62/65/28 66/63/28 72/63/28 69/65/28
o Cube.005
v -93.021606 -0.086346 -34.545689
v -93.021606 9.290758 -34.545689
v -93.021606 -0.086346 -38.554180
v -93.021606 9.290758 -38.554180
v -80.765900 -0.086346 -34.545689
v -80.765900 9.290758 -34.545689
v -80.765900 -0.086346 -38.554180
v -80.765900 9.290758 -38.554180
vn -1.0000 -0.0000 -0.0000
vn -0.0000 -0.0000 -1.0000
vn 1.0000 -0.0000 -0.0000
vn -0.0000 -0.0000 1.0000
vn -0.0000 -1.0000 -0.0000
vn -0.0000 1.0000 -0.0000
vt 0.375000 0.000000
vt 0.625000 0.000000
vt 0.625000 0.250000
vt 0.375000 0.250000
vt 0.625000 0.500000
vt 0.375000 0.500000
vt 0.625000 0.750000
vt 0.375000 0.750000
vt 0.625000 1.000000
vt 0.375000 1.000000
vt 0.125000 0.500000
vt 0.125000 0.750000
vt 0.875000 0.500000
vt 0.875000 0.750000
s 0
f 73/71/31 74/72/31 76/73/31 75/74/31
f 75/74/32 76/73/32 80/75/32 79/76/32
f 79/76/33 80/75/33 78/77/33 77/78/33
f 77/78/34 78/77/34 74/79/34 73/80/34
f 75/81/35 79/76/35 77/78/35 73/82/35
f 80/75/36 76/83/36 74/84/36 78/77/36
o Cube.006
v -70.735893 -0.086346 -21.564058
v -70.735893 9.290758 -21.564058
v -70.735893 -0.086346 -34.220062
v -70.735893 9.290758 -34.220062
v -38.695908 -0.086346 -21.564058
v -38.695908 9.290758 -21.564058
v -38.695908 -0.086346 -34.220062
v -38.695908 9.290758 -34.220062
vn -1.0000 -0.0000 -0.0000
vn -0.0000 -0.0000 -1.0000
vn 1.0000 -0.0000 -0.0000
vn -0.0000 -0.0000 1.0000
vn -0.0000 -1.0000 -0.0000
vn -0.0000 1.0000 -0.0000
vt 0.375000 0.000000
vt 0.625000 0.000000
vt 0.625000 0.250000
vt 0.375000 0.250000
vt 0.625000 0.500000
vt 0.375000 0.500000
vt 0.625000 0.750000
vt 0.375000 0.750000
vt 0.625000 1.000000
vt 0.375000 1.000000
vt 0.125000 0.500000
vt 0.125000 0.750000
vt 0.875000 0.500000
vt 0.875000 0.750000
s 0
f 81/85/37 82/86/37 84/87/37 83/88/37
f 83/88/38 84/87/38 88/89/38 87/90/38
f 87/90/39 88/89/39 86/91/39 85/92/39
f 85/92/40 86/91/40 82/93/40 81/94/40
f 83/95/41 87/90/41 85/92/41 81/96/41
f 88/89/42 84/97/42 82/98/42 86/91/42
o Cube.007
v -93.556549 -0.086346 -72.505157
v -93.556549 9.290758 -72.505157
v -93.556549 -0.086346 -78.601883
v -93.556549 9.290758 -78.601883
v -38.372929 -0.086346 -72.505157
v -38.372929 9.290758 -72.505157
v -38.372929 -0.086346 -78.601883
v -38.372929 9.290758 -78.601883
vn -1.0000 -0.0000 -0.0000
vn -0.0000 -0.0000 -1.0000
vn 1.0000 -0.0000 -0.0000
vn -0.0000 -0.0000 1.0000
vn -0.0000 -1.0000 -0.0000
vn -0.0000 1.0000 -0.0000
vt 0.375000 0.000000
vt 0.625000 0.000000
vt 0.625000 0.250000
vt 0.375000 0.250000
vt 0.625000 0.500000
vt 0.375000 0.500000
vt 0.625000 0.750000
vt 0.375000 0.750000
vt 0.625000 1.000000
vt 0.375000 1.000000
vt 0.125000 0.500000
vt 0.125000 0.750000
vt 0.875000 0.500000
vt 0.875000 0.750000
s 0
f 89/99/43 90/100/43 92/101/43 91/102/43
f 91/102/44 92/101/44 96/103/44 95/104/44
f 95/104/45 96/103/45 94/105/45 93/106/45
f 93/106/46 94/105/46 90/107/46 89/108/46
f 91/109/47 95/104/47 93/106/47 89/110/47
f 96/103/48 92/111/48 90/112/48 94/105/48
o Cube.008
v -64.410545 0.256916 -47.027897
v -64.410545 7.651704 -47.027897
v -64.410545 0.256916 -55.038837
v -64.410545 7.651704 -55.038837
v -52.635818 0.256916 -47.027897
v -52.635818 7.651704 -47.027897
v -52.635818 0.256916 -55.038837
v -52.635818 7.651704 -55.038837
vn -1.0000 -0.0000 -0.0000
vn -0.0000 -0.0000 -1.0000
vn 1.0000 -0.0000 -0.0000
vn -0.0000 -0.0000 1.0000
vn -0.0000 -1.0000 -0.0000
vn -0.0000 1.0000 -0.0000
vt 0.375000 0.000000
vt 0.625000 0.000000
vt 0.625000 0.250000
vt 0.375000 0.250000
vt 0.625000 0.500000
vt 0.375000 0.500000
vt 0.625000 0.750000
vt 0.375000 0.750000
vt 0.625000 1.000000
vt 0.375000 1.000000
vt 0.125000 0.500000
vt 0.125000 0.750000
vt 0.875000 0.500000
vt 0.875000 0.750000
s 0
f 97/113/49 98/114/49 100/115/49 99/116/49
f 99/116/50 100/115/50 104/117/50 103/118/50
f 103/118/51 104/117/51 102/119/51 101/120/51
f 101/120/52 102/119/52 98/121/52 97/122/52
f 99/123/53 103/118/53 101/120/53 97/124/53
f 104/117/54 100/125/54 98/126/54 102/119/54
o Cube.009
v -92.921890 -0.086346 -21.564058
v -92.921890 9.290758 -21.564058
v -92.921890 -0.086346 -34.220062
v -92.921890 9.290758 -34.220062
v -73.402283 -0.086346 -21.564058
v -73.402283 9.290758 -21.564058
v -73.402283 -0.086346 -34.220062
v -73.402283 9.290758 -34.220062
vn -1.0000 -0.0000 -0.0000
vn -0.0000 -0.0000 -1.0000
vn 1.0000 -0.0000 -0.0000
vn -0.0000 -0.0000 1.0000
vn -0.0000 -1.0000 -0.0000
vn -0.0000 1.0000 -0.0000
vt 0.375000 0.000000
vt 0.625000 0.000000
vt 0.625000 0.250000
vt 0.375000 0.250000
vt 0.625000 0.500000
vt 0.375000 0.500000
vt 0.625000 0.750000
vt 0.375000 0.750000
vt 0.625000 1.000000
vt 0.375000 1.000000
vt 0.125000 0.500000
vt 0.125000 0.750000
vt 0.875000 0.500000
vt 0.875000 0.750000
s 0
f 105/127/55 106/128/55 108/129/55 107/130/55
f 107/130/56 108/129/56 112/131/56 111/132/56
f 111/132/57 112/131/57 110/133/57 109/134/57
f 109/134/58 110/133/58 106/135/58 105/136/58
f 107/137/59 111/132/59 109/134/59 105/138/59
f 112/131/60 108/139/60 106/140/60 110/133/60
o Cube.010
v -78.588181 0.164292 -47.027897
v -78.588181 7.559080 -47.027897
v -78.588181 0.164292 -55.038837
v -78.588181 7.559080 -55.038837
v -66.813446 0.164292 -47.027897
v -66.813446 7.559080 -47.027897
v -66.813446 0.164292 -55.038837
v -66.813446 7.559080 -55.038837
vn -1.0000 -0.0000 -0.0000
vn -0.0000 -0.0000 -1.0000
vn 1.0000 -0.0000 -0.0000
vn -0.0000 -0.0000 1.0000
vn -0.0000 -1.0000 -0.0000
vn -0.0000 1.0000 -0.0000
vt 0.375000 0.000000
vt 0.625000 0.000000
vt 0.625000 0.250000
vt 0.375000 0.250000
vt 0.625000 0.500000
vt 0.375000 0.500000
vt 0.625000 0.750000
vt 0.375000 0.750000
vt 0.625000 1.000000
vt 0.375000 1.000000
vt 0.125000 0.500000
vt 0.125000 0.750000
vt 0.875000 0.500000
vt 0.875000 0.750000
s 0
f 113/141/61 114/142/61 116/143/61 115/144/61
f 115/144/62 116/143/62 120/145/62 119/146/62
f 119/146/63 120/145/63 118/147/63 117/148/63
f 117/148/64 118/147/64 114/149/64 113/150/64
f 115/151/65 119/146/65 117/148/65 113/152/65
f 120/145/66 116/153/66 114/154/66 118/147/66
o Cube.011
v -50.195831 0.352920 -47.027897
v -50.195831 7.747708 -47.027897
v -50.195831 0.352920 -55.038837
v -50.195831 7.747708 -55.038837
v -38.421104 0.352920 -47.027897
v -38.421104 7.747708 -47.027897
v -38.421104 0.352920 -55.038837
v -38.421104 7.747708 -55.038837
vn -1.0000 -0.0000 -0.0000
vn -0.0000 -0.0000 -1.0000
vn 1.0000 -0.0000 -0.0000
vn -0.0000 -0.0000 1.0000
vn -0.0000 -1.0000 -0.0000
vn -0.0000 1.0000 -0.0000
vt 0.375000 0.000000
vt 0.625000 0.000000
vt 0.625000 0.250000
vt 0.375000 0.250000
vt 0.625000 0.500000
vt 0.375000 0.500000
vt 0.625000 0.750000
vt 0.375000 0.750000
vt 0.625000 1.000000
vt 0.375000 1.000000
vt 0.125000 0.500000
vt 0.125000 0.750000
vt 0.875000 0.500000
vt 0.875000 0.750000
s 0
f 121/155/67 122/156/67 124/157/67 123/158/67
f 123/158/68 124/157/68 128/159/68 127/160/68
f 127/160/69 128/159/69 126/161/69 125/162/69
f 125/162/70 126/161/70 122/163/70 121/164/70
f 123/165/71 127/160/71 125/162/71 121/166/71
f 128/159/72 124/167/72 122/168/72 126/161/72
o Cube.012
v -92.946358 0.161548 -47.027897
v -92.946358 7.556336 -47.027897
v -92.946358 0.161548 -55.038837
v -92.946358 7.556336 -55.038837
v -81.171623 0.161548 -47.027897
v -81.171623 7.556336 -47.027897
v -81.171623 0.161548 -55.038837
v -81.171623 7.556336 -55.038837
vn -1.0000 -0.0000 -0.0000
vn -0.0000 -0.0000 -1.0000
vn 1.0000 -0.0000 -0.0000
vn -0.0000 -0.0000 1.0000
vn -0.0000 -1.0000 -0.0000
vn -0.0000 1.0000 -0.0000
vt 0.375000 0.000000
vt 0.625000 0.000000
vt 0.625000 0.250000
vt 0.375000 0.250000
vt 0.625000 0.500000
vt 0.375000 0.500000
vt 0.625000 0.750000
vt 0.375000 0.750000
vt 0.625000 1.000000
vt 0.375000 1.000000
vt 0.125000 0.500000
vt 0.125000 0.750000
vt 0.875000 0.500000
vt 0.875000 0.750000
s 0
f 129/169/73 130/170/73 132/171/73 131/172/73
f 131/172/74 132/171/74 136/173/74 135/174/74
f 135/174/75 136/173/75 134/175/75 133/176/75
f 133/176/76 134/175/76 130/177/76 129/178/76
f 131/179/77 135/174/77 133/176/77 129/180/77
f 136/173/78 132/181/78 130/182/78 134/175/78
o Cube.013
v -50.195831 0.352920 -35.623505
v -50.195831 7.747708 -35.623505
v -50.195831 0.352920 -43.634445
v -50.195831 7.747708 -43.634445
v -38.421104 0.352920 -35.623505
v -38.421104 7.747708 -35.623505
v -38.421104 0.352920 -43.634445
v -38.421104 7.747708 -43.634445
vn -1.0000 -0.0000 -0.0000
vn -0.0000 -0.0000 -1.0000
vn 1.0000 -0.0000 -0.0000
vn -0.0000 -0.0000 1.0000
vn -0.0000 -1.0000 -0.0000
vn -0.0000 1.0000 -0.0000
vt 0.375000 0.000000
vt 0.625000 0.000000
vt 0.625000 0.250000
vt 0.375000 0.250000
vt 0.625000 0.500000
vt 0.375000 0.500000
vt 0.625000 0.750000
vt 0.375000 0.750000
vt 0.625000 1.000000
vt 0.375000 1.000000
vt 0.125000 0.500000
vt 0.125000 0.750000
vt 0.875000 0.500000
vt 0.875000 0.750000
s 0
f 137/183/79 138/184/79 140/185/79 139/186/79
f 139/186/80 140/185/80 144/187/80 143/188/80
f 143/188/81 144/187/81 142/189/81 141/190/81
f 141/190/82 142/189/82 138/191/82 137/192/82
f 139/193/83 143/188/83 141/190/83 137/194/83
f 144/187/84 140/195/84 138/196/84 142/189/84
o Cube.014
v -93.166901 0.352920 -38.771297
v -93.166901 7.747708 -38.771297
v -93.166901 0.352920 -46.579838
v -93.166901 7.747708 -46.579838
v -53.210983 0.352920 -38.771297
v -53.210983 7.747708 -38.771297
v -53.210983 0.352920 -46.579838
v -53.210983 7.747708 -46.579838
vn -1.0000 -0.0000 -0.0000
vn -0.0000 -0.0000 -1.0000
vn 1.0000 -0.0000 -0.0000
vn -0.0000 -0.0000 1.0000
vn -0.0000 -1.0000 -0.0000
vn -0.0000 1.0000 -0.0000
vt 0.375000 0.000000
vt 0.625000 0.000000
vt 0.625000 0.250000
vt 0.375000 0.250000
vt 0.625000 0.500000
vt 0.375000 0.500000
vt 0.625000 0.750000
vt 0.375000 0.750000
vt 0.625000 1.000000
vt 0.375000 1.000000
vt 0.125000 0.500000
vt 0.125000 0.750000
vt 0.875000 0.500000
vt 0.875000 0.750000
s 0
f 145/197/85 146/198/85 148/199/85 147/200/85
f 147/200/86 148/199/86 152/201/86 151/202/86
f 151/202/87 152/201/87 150/203/87 149/204/87
f 149/204/88 150/203/88 146/205/88 145/206/88
f 147/207/89 151/202/89 149/204/89 145/208/89
f 152/201/90 148/209/90 146/210/90 150/203/90
o Cylinder
v -67.843513 0.026260 -2.385606
v -66.352844 0.026260 -2.238788
v -64.919456 0.026260 -1.803975
v -63.598442 0.026260 -1.097878
v -62.440563 0.026260 -0.147630
v -61.490314 0.026260 1.010250
v -60.784218 0.026260 2.331265
v -60.349403 0.026260 3.764650
v -60.202587 0.026260 5.255322
v -60.349403 0.026260 6.745993
v -60.784218 0.026260 8.179379
v -61.490314 0.026260 9.500393
v -62.440563 0.026260 10.658274
v -63.598442 0.026260 11.608521
v -64.919456 0.026260 12.314618
v -66.352844 0.026260 12.749431
v -67.843513 0.026260 12.896250
v -69.334183 0.026260 12.749431
v -70.767570 0.026260 12.314618
v -72.088585 0.026260 11.608521
v -73.246468 0.026260 10.658274
v -74.196716 0.026260 9.500393
v -74.902809 0.026260 8.179379
v -75.337624 0.026260 6.745993
v -75.484444 0.026260 5.255322
v -75.337624 0.026260 3.764650
v -74.902809 0.026260 2.331265
v -74.196716 0.026260 1.010250
v -73.246468 0.026260 -0.147630
v -72.088585 0.026260 -1.097878
v -70.767570 0.026260 -1.803975
v -69.334183 0.026260 -2.238788
v -67.843513 15.308116 4.979290
v -67.843513 7.978684 -2.385606
v -67.789665 15.308116 4.984593
v -66.352844 7.978684 -2.238788
v -67.737877 15.308116 5.000301
v -64.919456 7.978684 -1.803975
v -67.690155 15.308116 5.025810
v -63.598442 7.978684 -1.097878
v -67.648331 15.308116 5.060137
v -62.440563 7.978684 -0.147630
v -67.613998 15.308116 5.101964
v -61.490314 7.978684 1.010250
v -67.588493 15.308116 5.149687
v -60.784218 7.978684 2.331265
v -67.572784 15.308116 5.201472
v -60.349403 7.978684 3.764650
v -67.567482 15.308116 5.255322
v -60.202587 7.978684 5.255322
v -67.572784 15.308116 5.309171
v -60.349403 7.978684 6.745993
v -67.588493 15.308116 5.360956
v -60.784218 7.978684 8.179379
v -67.613998 15.308116 5.408679
v -61.490314 7.978684 9.500393
v -67.648331 15.308116 5.450506
v -62.440563 7.978684 10.658274
v -67.690155 15.308116 5.484833
v -63.598442 7.978684 11.608521
v -67.737877 15.308116 5.510342
v -64.919456 7.978684 12.314618
v -67.789665 15.308116 5.526050
v -66.352844 7.978684 12.749431
v -67.843513 15.308116 5.531353
v -67.843513 7.978684 12.896250
v -67.897362 15.308116 5.526050
v -69.334183 7.978684 12.749431
v -67.949150 15.308116 5.510342
v -70.767570 7.978684 12.314618
v -67.996872 15.308116 5.484833
v -72.088585 7.978684 11.608521
v -68.038696 15.308116 5.450506
v -73.246468 7.978684 10.658274
v -68.073029 15.308116 5.408679
v -74.196716 7.978684 9.500393
v -68.098534 15.308116 5.360956
v -74.902809 7.978684 8.179379
v -68.114243 15.308116 5.309171
v -75.337624 7.978684 6.745993
v -68.119545 15.308116 5.255322
v -75.484444 7.978684 5.255322
v -68.114243 15.308116 5.201472
v -75.337624 7.978684 3.764650
v -68.098534 15.308116 5.149687
v -74.902809 7.978684 2.331265
v -68.073029 15.308116 5.101964
v -74.196716 7.978684 1.010250
v -68.038696 15.308116 5.060137
v -73.246468 7.978684 -0.147630
v -67.996872 15.308116 5.025810
v -72.088585 7.978684 -1.097878
v -67.949150 15.308116 5.000301
v -70.767570 7.978684 -1.803975
v -67.897362 15.308116 4.984593
v -69.334183 7.978684 -2.238788
vn -0.0980 -0.0000 -0.9952
vn 0.4714 -0.0000 -0.8819
vn 0.6344 -0.0000 -0.7730
vn 0.7730 -0.0000 -0.6344
vn 0.8819 -0.0000 -0.4714
vn 0.9569 -0.0000 -0.2903
vn 0.9952 -0.0000 -0.0980
vn 0.9952 -0.0000 0.0980
vn 0.9569 -0.0000 0.2903
vn 0.8819 -0.0000 0.4714
vn 0.7730 -0.0000 0.6344
vn 0.6344 -0.0000 0.7730
vn 0.4714 -0.0000 0.8819
vn 0.2903 -0.0000 0.9569
vn 0.0980 -0.0000 0.9952
vn -0.0980 -0.0000 0.9952
vn -0.2903 -0.0000 0.9569
vn -0.4714 -0.0000 0.8819
vn -0.6344 -0.0000 0.7730
vn -0.7730 -0.0000 0.6344
vn -0.8819 -0.0000 0.4714
vn -0.9569 -0.0000 0.2903
vn -0.9952 -0.0000 0.0980
vn -0.9952 -0.0000 -0.0980
vn -0.9569 -0.0000 -0.2903
vn -0.8819 -0.0000 -0.4714
vn -0.7730 -0.0000 -0.6344
vn -0.6344 -0.0000 -0.7730
vn -0.4714 -0.0000 -0.8819
vn -0.2903 -0.0000 -0.9569
vn 0.0980 -0.0000 -0.9952
vn 0.2903 -0.0000 -0.9569
vn -0.0000 -1.0000 -0.0000
vn 0.0693 0.7071 -0.7037
vn 0.2053 0.7071 -0.6767
vn 0.3333 0.7071 -0.6236
vn 0.4486 0.7071 -0.5466
vn 0.5466 0.7071 -0.4486
vn 0.6236 0.7071 -0.3333
vn 0.6767 0.7071 -0.2053
vn 0.7037 0.7071 -0.0693
vn 0.7037 0.7071 0.0693
vn 0.6767 0.7071 0.2053
vn 0.6236 0.7071 0.3333
vn 0.5466 0.7071 0.4486
vn 0.4486 0.7071 0.5466
vn 0.3333 0.7071 0.6236
vn 0.2053 0.7071 0.6767
vn 0.0693 0.7071 0.7037
vn -0.0693 0.7071 0.7037
vn -0.2053 0.7071 0.6767
vn -0.3333 0.7071 0.6236
vn -0.4486 0.7071 0.5466
vn -0.5466 0.7071 0.4486
vn -0.6236 0.7071 0.3333
vn -0.6767 0.7071 0.2053
vn -0.7037 0.7071 0.0693
vn -0.7037 0.7071 -0.0693
vn -0.6767 0.7071 -0.2053
vn -0.6236 0.7071 -0.3333
vn -0.5466 0.7071 -0.4486
vn -0.4486 0.7071 -0.5466
vn -0.3333 0.7071 -0.6236
vn -0.2053 0.7071 -0.6767
vn -0.0693 0.7071 -0.7037
vn -0.0000 1.0000 -0.0000
vt 0.031250 0.500000
vt 0.031250 0.760192
vt 0.000000 0.760192
vt 0.000000 0.500000
vt 0.937500 0.500000
vt 0.937500 0.760192
vt 0.906250 0.760192
vt 0.906250 0.500000
vt 0.875000 0.760192
vt 0.875000 0.500000
vt 0.843750 0.760192
vt 0.843750 0.500000
vt 0.812500 0.760192
vt 0.812500 0.500000
vt 0.781250 0.760192
vt 0.781250 0.500000
vt 0.750000 0.760192
vt 0.750000 0.500000
vt 0.718750 0.760192
vt 0.718750 0.500000
vt 0.687500 0.760192
vt 0.687500 0.500000
vt 0.656250 0.760192
vt 0.656250 0.500000
vt 0.625000 0.760192
vt 0.625000 0.500000
vt 0.593750 0.760192
vt 0.593750 0.500000
vt 0.562500 0.760192
vt 0.562500 0.500000
vt 0.531250 0.760192
vt 0.531250 0.500000
vt 0.500000 0.760192
vt 0.500000 0.500000
vt 0.468750 0.760192
vt 0.468750 0.500000
vt 0.437500 0.760192
vt 0.437500 0.500000
vt 0.406250 0.760192
vt 0.406250 0.500000
vt 0.375000 0.760192
vt 0.375000 0.500000
vt 0.343750 0.760192
vt 0.343750 0.500000
vt 0.312500 0.760192
vt 0.312500 0.500000
vt 0.281250 0.760192
vt 0.281250 0.500000
vt 0.250000 0.760192
vt 0.250000 0.500000
vt 0.218750 0.760192
vt 0.218750 0.500000
vt 0.187500 0.760192
vt 0.187500 0.500000
vt 0.156250 0.760192
vt 0.156250 0.500000
vt 0.125000 0.760192
vt 0.125000 0.500000
vt 0.093750 0.760192
vt 0.093750 0.500000
vt 0.062500 0.760192
vt 0.062500 0.500000
vt 1.000000 0.500000
vt 1.000000 0.760192
vt 0.968750 0.760192
vt 0.968750 0.500000
vt 0.750000 0.490000
vt 0.796822 0.485388
vt 0.841844 0.471731
vt 0.883337 0.449553
vt 0.919706 0.419706
vt 0.949553 0.383337
vt 0.971731 0.341844
vt 0.985388 0.296822
vt 0.990000 0.250000
vt 0.985388 0.203178
vt 0.971731 0.158156
vt 0.949553 0.116663
vt 0.919706 0.080294
vt 0.883337 0.050447
vt 0.841844 0.028269
vt 0.796822 0.014612
vt 0.750000 0.010000
vt 0.703178 0.014612
vt 0.658156 0.028269
vt 0.616663 0.050447
vt 0.580294 0.080294
vt 0.550447 0.116663
vt 0.528269 0.158156
vt 0.514612 0.203178
vt 0.510000 0.250000
vt 0.514612 0.296822
vt 0.528269 0.341844
vt 0.550447 0.383337
vt 0.580294 0.419706
vt 0.616663 0.449553
vt 0.658156 0.471731
vt 0.703178 0.485388
vt 0.296822 0.485388
vt 0.250000 0.490000
vt 0.250000 0.258670
vt 0.251691 0.258504
vt 0.341844 0.471731
vt 0.253318 0.258010
vt 0.383337 0.449553
vt 0.254817 0.257209
vt 0.419706 0.419706
vt 0.256131 0.256131
vt 0.449553 0.383337
vt 0.257209 0.254817
vt 0.471731 0.341844
vt 0.258010 0.253318
vt 0.485388 0.296822
vt 0.258504 0.251691
vt 0.490000 0.250000
vt 0.258670 0.250000
vt 0.485388 0.203178
vt 0.258504 0.248309
vt 0.471731 0.158156
vt 0.258010 0.246682
vt 0.449553 0.116663
vt 0.257209 0.245183
vt 0.419706 0.080294
vt 0.256131 0.243869
vt 0.383337 0.050447
vt 0.254817 0.242791
vt 0.341844 0.028269
vt 0.253318 0.241990
vt 0.296822 0.014612
vt 0.251691 0.241496
vt 0.250000 0.010000
vt 0.250000 0.241330
vt 0.203178 0.014612
vt 0.248309 0.241496
vt 0.158156 0.028269
vt 0.246682 0.241990
vt 0.116663 0.050447
vt 0.245183 0.242791
vt 0.080294 0.080294
vt 0.243869 0.243869
vt 0.050447 0.116663
vt 0.242791 0.245183
vt 0.028269 0.158156
vt 0.241990 0.246682
vt 0.014612 0.203178
vt 0.241496 0.248308
vt 0.010000 0.250000
vt 0.241330 0.250000
vt 0.014612 0.296822
vt 0.241496 0.251691
vt 0.028269 0.341844
vt 0.241990 0.253318
vt 0.050447 0.383337
vt 0.242791 0.254817
vt 0.080294 0.419706
vt 0.243869 0.256131
vt 0.116663 0.449553
vt 0.245183 0.257209
vt 0.158156 0.471731
vt 0.246682 0.258010
vt 0.203178 0.485388
vt 0.248309 0.258504
s 0
f 184/211/91 248/212/91 186/213/91 153/214/91
f 155/215/92 190/216/92 192/217/92 156/218/92
f 156/218/93 192/217/93 194/219/93 157/220/93
f 157/220/94 194/219/94 196/221/94 158/222/94
f 158/222/95 196/221/95 198/223/95 159/224/95
f 159/224/96 198/223/96 200/225/96 160/226/96
f 160/226/97 200/225/97 202/227/97 161/228/97
f 161/228/98 202/227/98 204/229/98 162/230/98
f 162/230/99 204/229/99 206/231/99 163/232/99
f 163/232/100 206/231/100 208/233/100 164/234/100
f 164/234/101 208/233/101 210/235/101 165/236/101
f 165/236/102 210/235/102 212/237/102 166/238/102
f 166/238/103 212/237/103 214/239/103 167/240/103
f 167/240/104 214/239/104 216/241/104 168/242/104
f 168/242/105 216/241/105 218/243/105 169/244/105
f 169/244/106 218/243/106 220/245/106 170/246/106
f 170/246/107 220/245/107 222/247/107 171/248/107
f 171/248/108 222/247/108 224/249/108 172/250/108
f 172/250/109 224/249/109 226/251/109 173/252/109
f 173/252/110 226/251/110 228/253/110 174/254/110
f 174/254/111 228/253/111 230/255/111 175/256/111
f 175/256/112 230/255/112 232/257/112 176/258/112
f 176/258/113 232/257/113 234/259/113 177/260/113
f 177/260/114 234/259/114 236/261/114 178/262/114
f 178/262/115 236/261/115 238/263/115 179/264/115
f 179/264/116 238/263/116 240/265/116 180/266/116
f 180/266/117 240/265/117 242/267/117 181/268/117
f 181/268/118 242/267/118 244/269/118 182/270/118
f 182/270/119 244/269/119 246/271/119 183/272/119
f 183/272/120 246/271/120 248/212/120 184/211/120
f 153/273/121 186/274/121 188/275/121 154/276/121
f 154/276/122 188/275/122 190/216/122 155/215/122
f 153/277/123 154/278/123 155/279/123 156/280/123 157/281/123 158/282/123 159/283/123 160/284/123 161/285/123 162/286/123 163/287/123 164/288/123 165/289/123 166/290/123 167/291/123 168/292/123 169/293/123 170/294/123 171/295/123 172/296/123 173/297/123 174/298/123 175/299/123 176/300/123 177/301/123 178/302/123 179/303/123 180/304/123 181/305/123 182/306/123 183/307/123 184/308/123
f 188/309/124 186/310/124 185/311/124 187/312/124
f 190/313/125 188/309/125 187/312/125 189/314/125
f 192/315/126 190/313/126 189/314/126 191/316/126
f 194/317/127 192/315/127 191/316/127 193/318/127
f 196/319/128 194/317/128 193/318/128 195/320/128
f 198/321/129 196/319/129 195/320/129 197/322/129
f 200/323/130 198/321/130 197/322/130 199/324/130
f 202/325/131 200/323/131 199/324/131 201/326/131
f 204/327/132 202/325/132 201/326/132 203/328/132
f 206/329/133 204/327/133 203/328/133 205/330/133
f 208/331/134 206/329/134 205/330/134 207/332/134
f 210/333/135 208/331/135 207/332/135 209/334/135
f 212/335/136 210/333/136 209/334/136 211/336/136
f 214/337/137 212/335/137 211/336/137 213/338/137
f 216/339/138 214/337/138 213/338/138 215/340/138
f 218/341/139 216/339/139 215/340/139 217/342/139
f 220/343/140 218/341/140 217/342/140 219/344/140
f 222/345/141 220/343/141 219/344/141 221/346/141
f 224/347/142 222/345/142 221/346/142 223/348/142
f 226/349/143 224/347/143 223/348/143 225/350/143
f 228/351/144 226/349/144 225/350/144 227/352/144
f 230/353/145 228/351/145 227/352/145 229/354/145
f 232/355/146 230/353/146 229/354/146 231/356/146
f 234/357/147 232/355/147 231/356/147 233/358/147
f 236/359/148 234/357/148 233/358/148 235/360/148
f 238/361/149 236/359/149 235/360/149 237/362/149
f 240/363/150 238/361/150 237/362/150 239/364/150
f 242/365/151 240/363/151 239/364/151 241/366/151
f 244/367/152 242/365/152 241/366/152 243/368/152
f 246/369/153 244/367/153 243/368/153 245/370/153
f 248/371/154 246/369/154 245/370/154 247/372/154
f 186/310/155 248/371/155 247/372/155 185/311/155
f 187/312/156 185/311/156 247/372/156 245/370/156 243/368/156 241/366/156 239/364/156 237/362/156 235/360/156 233/358/156 231/356/156 229/354/156 227/352/156 225/350/156 223/348/156 221/346/156 219/344/156 217/342/156 215/340/156 213/338/156 211/336/156 209/334/156 207/332/156 205/330/156 203/328/156 201/326/156 199/324/156 197/322/156 195/320/156 193/318/156 191/316/156 189/314/156
o Torus
v -49.722565 0.000000 -0.284660
v -50.205444 1.865717 -0.155272
v -50.205444 -1.865717 -0.155272
v -50.507027 0.000000 -2.595620
v -50.968887 1.865717 -2.404310
v -52.230728 3.231517 -1.881640
v -53.954422 3.731435 -1.167662
v -55.678123 3.231517 -0.453683
v -55.678123 -3.231517 -0.453683
v -53.954422 -3.731435 -1.167662
v -52.230728 -3.231517 -1.881640
v -50.968887 -1.865717 -2.404310
v -51.586426 0.000000 -4.784418
v -52.019363 1.865717 -4.534460
v -53.202183 3.231517 -3.851560
v -54.817940 3.731435 -2.918701
v -56.433701 3.231517 -1.985842
v -57.616516 1.865717 -1.302942
v -58.049458 0.000000 -1.052983
v -57.616516 -1.865717 -1.302942
v -56.433701 -3.231517 -1.985842
v -54.817940 -3.731435 -2.918701
v -53.202183 -3.231517 -3.851560
v -52.019363 -1.865717 -4.534460
v -52.942276 0.000000 -6.813596
v -53.338886 1.865717 -6.509265
v -54.422447 3.231517 -5.677819
v -55.902622 3.731435 -4.542042
v -57.382797 3.231517 -3.406266
v -58.466358 1.865717 -2.574819
v -58.862968 0.000000 -2.270489
v -58.466358 -1.865717 -2.574819
v -57.382797 -3.231517 -3.406266
v -55.902622 -3.731435 -4.542042
v -54.422447 -3.231517 -5.677819
v -53.338886 -1.865717 -6.509265
v -54.551395 0.000000 -8.648445
v -54.904892 1.865717 -8.294950
v -55.870659 3.231517 -7.329183
v -57.189919 3.731435 -6.009922
v -58.509178 3.231517 -4.690660
v -59.474945 1.865717 -3.724895
v -59.828442 0.000000 -3.371399
v -59.474945 -1.865717 -3.724895
v -58.509178 -3.231517 -4.690660
v -57.189919 -3.731435 -6.009922
v -55.870659 -3.231517 -7.329183
v -54.904892 -1.865717 -8.294950
v -56.386238 0.000000 -10.257558
v -56.690567 1.865717 -9.860948
v -57.522015 3.231517 -8.777386
v -58.657791 3.731435 -7.297213
v -59.793571 3.231517 -5.817040
v -60.625015 1.865717 -4.733478
v -60.929348 0.000000 -4.336867
v -60.625015 -1.865717 -4.733478
v -59.793571 -3.231517 -5.817040
v -58.657791 -3.731435 -7.297213
v -57.522015 -3.231517 -8.777386
v -56.690567 -1.865717 -9.860948
v -58.415421 0.000000 -11.613417
v -58.665382 1.865717 -11.180476
v -59.348282 3.231517 -9.997659
v -60.281139 3.731435 -8.381900
v -61.213997 3.231517 -6.766141
v -61.896896 1.865717 -5.583323
v -62.146858 0.000000 -5.150382
v -61.896896 -1.865717 -5.583323
v -61.213997 -3.231517 -6.766141
v -60.281139 -3.731435 -8.381900
v -59.348282 -3.231517 -9.997659
v -58.665382 -1.865717 -11.180476
v -60.604214 0.000000 -12.692808
v -60.795525 1.865717 -12.230946
v -61.318192 3.231517 -10.969110
v -62.032173 3.731435 -9.245414
v -62.746151 3.231517 -7.521715
v -63.268822 1.865717 -6.259880
v -63.460133 0.000000 -5.798018
v -63.268822 -1.865717 -6.259880
v -62.746151 -3.231517 -7.521715
v -62.032173 -3.731435 -9.245414
v -61.318192 -3.231517 -10.969110
v -60.795525 -1.865717 -12.230946
v -62.915176 0.000000 -13.477276
v -63.044563 1.865717 -12.994392
v -63.044563 -1.865717 -12.994392
v -72.572838 0.000000 -13.477278
v -72.443451 1.865717 -12.994394
v -72.443451 -1.865717 -12.994394
v -74.883804 0.000000 -12.692810
v -74.692490 1.865717 -12.230947
v -74.169823 3.231517 -10.969112
v -73.455841 3.731435 -9.245414
v -72.741867 3.231517 -7.521716
v -72.219193 1.865717 -6.259881
v -72.027885 0.000000 -5.798018
v -72.219193 -1.865717 -6.259881
v -72.741867 -3.231517 -7.521716
v -73.455841 -3.731435 -9.245414
v -74.169823 -3.231517 -10.969112
v -74.692490 -1.865717 -12.230947
v -77.072594 0.000000 -11.613419
v -76.822632 1.865717 -11.180477
v -76.139732 3.231517 -9.997660
v -75.206879 3.731435 -8.381901
v -74.274017 3.231517 -6.766142
v -73.591118 1.865717 -5.583323
v -73.341156 0.000000 -5.150383
v -73.591118 -1.865717 -5.583323
v -74.274017 -3.231517 -6.766142
v -75.206879 -3.731435 -8.381901
v -76.139732 -3.231517 -9.997660
v -76.822632 -1.865717 -11.180477
v -79.101776 0.000000 -10.257561
v -78.797447 1.865717 -9.860950
v -77.966003 3.231517 -8.777387
v -76.830223 3.731435 -7.297215
v -75.694443 3.231517 -5.817041
v -74.862999 1.865717 -4.733479
v -74.558670 0.000000 -4.336868
v -74.862999 -1.865717 -4.733479
v -75.694443 -3.231517 -5.817041
v -76.830223 -3.731435 -7.297215
v -77.966003 -3.231517 -8.777387
v -78.797447 -1.865717 -9.860950
v -80.936630 0.000000 -8.648440
v -80.583130 1.865717 -8.294946
v -79.617363 3.231517 -7.329180
v -78.298103 3.731435 -6.009918
v -76.978844 3.231517 -4.690658
v -76.013077 1.865717 -3.724891
v -75.659576 0.000000 -3.371396
v -76.013077 -1.865717 -3.724891
v -76.978844 -3.231517 -4.690658
v -78.298103 -3.731435 -6.009918
v -79.617363 -3.231517 -7.329180
v -80.583130 -1.865717 -8.294946
v -82.545738 0.000000 -6.813597
v -82.149132 1.865717 -6.509267
v -81.065567 3.231517 -5.677820
v -79.585396 3.731435 -4.542044
v -78.105225 3.231517 -3.406268
v -77.021660 1.865717 -2.574821
v -76.625046 0.000000 -2.270491
v -77.021660 -1.865717 -2.574821
v -78.105225 -3.231517 -3.406268
v -79.585396 -3.731435 -4.542044
v -81.065567 -3.231517 -5.677820
v -82.149132 -1.865717 -6.509267
v -83.901596 0.000000 -4.784421
v -83.468651 1.865717 -4.534463
v -82.285835 3.231517 -3.851562
v -80.670074 3.731435 -2.918703
v -79.054321 3.231517 -1.985844
v -77.871498 1.865717 -1.302943
v -77.438560 0.000000 -1.052985
v -77.871498 -1.865717 -1.302943
v -79.054321 -3.231517 -1.985844
v -80.670074 -3.731435 -2.918703
v -82.285835 -3.231517 -3.851562
v -83.468651 -1.865717 -4.534463
v -84.980988 0.000000 -2.595622
v -84.519127 1.865717 -2.404312
v -83.257294 3.231517 -1.881643
v -81.533592 3.731435 -1.167664
v -79.809898 3.231517 -0.453684
v -78.548058 1.865717 0.068985
v -78.086197 0.000000 0.260295
v -78.548058 -1.865717 0.068985
v -79.809898 -3.231517 -0.453684
v -81.533592 -3.731435 -1.167664
v -83.257294 -3.231517 -1.881643
v -84.519127 -1.865717 -2.404312
v -85.765457 0.000000 -0.284659
v -85.282578 1.865717 -0.155271
v -83.963310 3.231517 0.198224
v -82.161163 3.731435 0.681107
v -80.359024 3.231517 1.163990
v -80.359024 -3.231517 1.163990
v -82.161163 -3.731435 0.681107
v -83.963310 -3.231517 0.198224
v -85.282578 -1.865717 -0.155271
v -84.980995 0.000000 11.683954
v -84.519135 1.865717 11.492645
v -83.257294 3.231517 10.969976
v -81.533600 3.731435 10.255999
v -81.533600 -3.731435 10.255999
v -83.257294 -3.231517 10.969976
v -84.519135 -1.865717 11.492645
v -83.901596 0.000000 13.872754
v -83.468658 1.865717 13.622795
v -82.285835 3.231517 12.939896
v -80.670082 3.731435 12.007037
v -79.054321 3.231517 11.074179
v -77.871506 1.865717 10.391279
v -77.438560 0.000000 10.141321
v -77.871506 -1.865717 10.391279
v -79.054321 -3.231517 11.074179
v -80.670082 -3.731435 12.007037
v -82.285835 -3.231517 12.939896
v -83.468658 -1.865717 13.622795
v -82.545738 0.000000 15.901937
v -82.149132 1.865717 15.597608
v -81.065567 3.231517 14.766161
v -79.585396 3.731435 13.630384
v -78.105225 3.231517 12.494608
v -77.021660 1.865717 11.663162
v -76.625046 0.000000 11.358831
v -77.021660 -1.865717 11.663162
v -78.105225 -3.231517 12.494608
v -79.585396 -3.731435 13.630384
v -81.065567 -3.231517 14.766161
v -82.149132 -1.865717 15.597608
v -80.936630 0.000000 17.736782
v -80.583130 1.865717 17.383286
v -79.617363 3.231517 16.417521
v -78.298103 3.731435 15.098259
v -76.978844 3.231517 13.778998
v -76.013077 1.865717 12.813231
v -75.659576 0.000000 12.459737
v -76.013077 -1.865717 12.813231
v -76.978844 -3.231517 13.778998
v -78.298103 -3.731435 15.098259
v -79.617363 -3.231517 16.417521
v -80.583130 -1.865717 17.383286
v -79.101784 0.000000 19.345896
v -78.797455 1.865717 18.949284
v -77.966003 3.231517 17.865723
v -76.830231 3.731435 16.385551
v -75.694450 3.231517 14.905378
v -74.863007 1.865717 13.821816
v -74.558678 0.000000 13.425205
v -74.863007 -1.865717 13.821816
v -75.694450 -3.231517 14.905378
v -76.830231 -3.731435 16.385551
v -77.966003 -3.231517 17.865723
v -78.797455 -1.865717 18.949284
v -77.072594 0.000000 20.701759
v -76.822632 1.865717 20.268818
v -76.139732 3.231517 19.086000
v -75.206879 3.731435 17.470242
v -74.274017 3.231517 15.854483
v -73.591118 1.865717 14.671664
v -73.341156 0.000000 14.238724
v -73.591118 -1.865717 14.671664
v -74.274017 -3.231517 15.854483
v -75.206879 -3.731435 17.470242
v -76.139732 -3.231517 19.086000
v -76.822632 -1.865717 20.268818
v -74.883804 0.000000 21.781151
v -74.692490 1.865717 21.319288
v -74.169823 3.231517 20.057453
v -73.455841 3.731435 18.333755
v -72.741867 3.231517 16.610058
v -72.219193 1.865717 15.348222
v -72.219193 -1.865717 15.348222
v -72.741867 -3.231517 16.610058
v -73.455841 -3.731435 18.333755
v -74.169823 -3.231517 20.057453
v -74.692490 -1.865717 21.319288
v -72.572845 0.000000 22.565617
v -72.443459 1.865717 22.082731
v -72.089966 3.231517 20.763472
v -72.089966 -3.231517 20.763472
v -72.443459 -1.865717 22.082731
v -62.915184 0.000000 22.565620
v -63.044575 1.865717 22.082735
v -63.044575 -1.865717 22.082735
v -60.604214 0.000000 21.781149
v -60.795525 1.865717 21.319286
v -61.318192 3.231517 20.057451
v -62.032173 3.731435 18.333755
v -62.746151 3.231517 16.610056
v -62.746151 -3.231517 16.610056
v -62.032173 -3.731435 18.333755
v -61.318192 -3.231517 20.057451
v -60.795525 -1.865717 21.319286
v -58.415421 0.000000 20.701757
v -58.665382 1.865717 20.268818
v -59.348282 3.231517 19.085999
v -60.281139 3.731435 17.470242
v -61.213997 3.231517 15.854482
v -61.896896 1.865717 14.671664
v -62.146858 0.000000 14.238723
v -61.896896 -1.865717 14.671664
v -61.213997 -3.231517 15.854482
v -60.281139 -3.731435 17.470242
v -59.348282 -3.231517 19.085999
v -58.665382 -1.865717 20.268818
v -56.386246 0.000000 19.345905
v -56.690575 1.865717 18.949295
v -57.522022 3.231517 17.865730
v -58.657799 3.731435 16.385559
v -59.793575 3.231517 14.905384
v -60.625019 1.865717 13.821822
v -60.929352 0.000000 13.425211
v -60.625019 -1.865717 13.821822
v -59.793575 -3.231517 14.905384
v -58.657799 -3.731435 16.385559
v -57.522022 -3.231517 17.865730
v -56.690575 -1.865717 18.949295
v -54.551403 0.000000 17.736792
v -54.904896 1.865717 17.383297
v -55.870663 3.231517 16.417530
v -57.189922 3.731435 15.098268
v -58.509186 3.231517 13.779006
v -59.474949 1.865717 12.813238
v -59.828445 0.000000 12.459743
v -59.474949 -1.865717 12.813238
v -58.509186 -3.231517 13.779006
v -57.189922 -3.731435 15.098268
v -55.870663 -3.231517 16.417530
v -54.904896 -1.865717 17.383297
v -52.942276 0.000000 15.901937
v -53.338886 1.865717 15.597606
v -54.422447 3.231517 14.766160
v -55.902622 3.731435 13.630383
v -57.382797 3.231517 12.494606
v -58.466358 1.865717 11.663160
v -58.862968 0.000000 11.358829
v -58.466358 -1.865717 11.663160
v -57.382797 -3.231517 12.494606
v -55.902622 -3.731435 13.630383
v -54.422447 -3.231517 14.766160
v -53.338886 -1.865717 15.597606
v -51.586426 0.000000 13.872759
v -52.019363 1.865717 13.622801
v -53.202183 3.231517 12.939900
v -54.817940 3.731435 12.007042
v -56.433701 3.231517 11.074183
v -57.616516 1.865717 10.391283
v -58.049458 0.000000 10.141324
v -57.616516 -1.865717 10.391283
v -56.433701 -3.231517 11.074183
v -54.817940 -3.731435 12.007042
v -53.202183 -3.231517 12.939900
v -52.019363 -1.865717 13.622801
v -50.507027 0.000000 11.683969
v -50.968895 1.865717 11.492659
v -52.230728 3.231517 10.969989
v -53.954426 3.731435 10.256009
v -55.678123 3.231517 9.542029
v -56.939957 1.865717 9.019360
v -57.401821 0.000000 8.828050
v -56.939957 -1.865717 9.019360
v -55.678123 -3.231517 9.542029
v -53.954426 -3.731435 10.256009
v -52.230728 -3.231517 10.969989
v -50.968895 -1.865717 11.492659
v -49.722561 0.000000 9.372997
v -50.205444 1.865717 9.243609
v -51.524704 3.231517 8.890115
v -51.524704 -3.231517 8.890115
v -50.205444 -1.865717 9.243609
v -49.685791 0.000000 -0.099786
v -50.194408 1.865717 -0.099786
v -50.412525 2.080101 -0.099786
v -50.412525 -2.080101 -0.099786
v -50.194408 -1.865717 -0.099786
v -51.625866 3.231517 -0.099786
v -53.591927 3.731435 -0.099786
v -55.557991 3.231517 -0.099786
v -56.532505 2.306740 -0.099786
v -56.532505 -2.306740 -0.099786
v -55.557991 -3.231517 -0.099786
v -53.591927 -3.731435 -0.099786
v -51.625866 -3.231517 -0.099786
v -57.023186 1.865717 -0.099786
v -57.499214 0.268944 -0.099786
v -57.499214 0.000000 0.062798
v -57.499214 -0.268944 -0.099786
v -57.023186 -1.865717 -0.099786
v -52.068584 3.382390 8.744383
v -53.441299 3.731435 8.744383
v -55.407360 3.231517 8.744383
v -56.846615 1.865717 8.744383
v -57.373421 0.000000 8.744383
v -56.846615 -1.865717 8.744383
v -55.407360 -3.231517 8.744383
v -53.441299 -3.731435 8.744383
v -52.068584 -3.382390 8.744383
v -49.597523 0.000000 8.744383
v -50.106140 1.865717 8.744383
v -51.495720 3.231517 8.744383
v -51.495720 -3.231517 8.744383
v -50.106140 -1.865717 8.744383
v -72.071045 0.420903 14.990554
v -72.071045 0.000000 14.865074
v -72.071045 -0.420903 14.990554
v -72.071045 3.251104 20.692863
v -72.071045 3.731435 18.803833
v -72.071045 3.231517 16.837769
v -72.071045 1.865717 15.398513
v -72.071045 -1.865717 15.398513
v -72.071045 -3.231517 16.837769
v -72.071045 -3.731435 18.803833
v -72.071045 -3.251104 20.692863
v -72.071045 0.000000 22.665430
v -72.071045 1.865717 22.156811
v -72.071045 3.231517 20.767235
v -72.071045 -3.231517 20.767235
v -72.071045 -1.865717 22.156811
v -63.226875 0.000000 22.627619
v -63.226875 1.865717 22.118998
v -63.226875 2.570078 21.402376
v -63.226875 -2.570078 21.402376
v -63.226875 -1.865717 22.118998
v -63.226875 3.231517 20.705362
v -63.226875 3.731435 18.739300
v -63.226875 3.231517 16.773239
v -63.226875 1.975328 15.449489
v -63.226875 -1.975328 15.449489
v -63.226875 -3.231517 16.773239
v -63.226875 -3.731435 18.739300
v -63.226875 -3.231517 20.705362
v -63.226875 1.865717 15.327536
v -63.226875 0.000000 14.771329
v -63.226875 -1.865717 15.327536
v -79.816780 2.670145 1.309283
v -78.969086 1.865717 1.309283
v -78.442284 0.000000 1.309283
v -78.969086 -1.865717 1.309283
v -79.816780 -2.670145 1.309283
v -86.082512 0.000000 1.309283
v -85.573891 1.865717 1.309283
v -84.184311 3.231517 1.309283
v -82.286118 3.731435 1.309283
v -80.387924 3.231517 1.309283
v -80.387924 -3.231517 1.309283
v -82.286118 -3.731435 1.309283
v -84.184311 -3.231517 1.309283
v -85.573891 -1.865717 1.309283
v -85.500534 0.000000 10.153452
v -84.973724 1.865717 10.153452
v -83.534470 3.231517 10.153452
v -81.568405 3.731435 10.153452
v -81.286026 3.659634 10.153452
v -81.286026 -3.659634 10.153452
v -81.568405 -3.731435 10.153452
v -83.534470 -3.231517 10.153452
v -84.973724 -1.865717 10.153452
v -79.508377 3.231517 10.153452
v -77.988785 1.865717 10.153452
v -77.794739 1.214826 10.153452
v -77.794739 0.000000 9.419058
v -77.794739 -1.214826 10.153452
v -77.988785 -1.865717 10.153452
v -79.508377 -3.231517 10.153452
v -63.394928 0.635872 -5.955429
v -63.364429 0.686327 -5.955429
v -63.364429 0.933329 -6.029065
v -63.364429 -0.933329 -6.029065
v -63.364429 -0.686327 -5.955429
v -63.394928 -0.635872 -5.955429
v -63.364429 3.101575 -11.800646
v -63.364429 3.231517 -11.663715
v -63.364429 3.731435 -9.697653
v -63.364429 3.231517 -7.731592
v -63.364429 1.865717 -6.292335
v -63.923851 0.000000 -5.955429
v -63.364429 -1.865717 -6.292335
v -63.364429 -3.231517 -7.731592
v -63.364429 -3.731435 -9.697653
v -63.364429 -3.231517 -11.663715
v -63.364429 -3.101575 -11.800646
v -63.364429 0.000000 -13.566637
v -63.364429 1.865717 -13.058018
v -63.364429 -1.865717 -13.058018
v -72.208595 0.000000 -13.549730
v -72.208595 1.865717 -13.041109
v -72.208595 2.773122 -12.117908
v -72.208595 -2.773122 -12.117908
v -72.208595 -1.865717 -13.041109
v -72.208595 3.231517 -11.634857
v -72.208595 3.731435 -9.668797
v -72.208595 3.231517 -7.702736
v -72.208595 1.865717 -6.263479
v -72.208595 1.762364 -6.234296
v -72.093086 0.635871 -5.955429
v -71.564163 0.000000 -5.955429
v -72.208595 -1.762364 -6.234296
v -72.093086 -0.635871 -5.955429
v -72.208595 -1.865717 -6.263479
v -72.208595 -3.231517 -7.702736
v -72.208595 -3.731435 -9.668797
v -72.208595 -3.231517 -11.634857
v -72.208595 0.826946 -5.955429
v -72.208595 -0.826947 -5.955429
vn 0.9475 0.2583 -0.1885
vn 0.6943 0.7064 -0.1381
vn 0.6943 -0.7064 -0.1381
vn 0.9475 -0.2583 -0.1885
vn 0.9148 0.2583 -0.3105
vn 0.6703 0.7063 -0.2275
vn 0.2456 0.9658 -0.0834
vn -0.2456 0.9658 0.0834
vn -0.6703 0.7063 0.2275
vn -0.6703 -0.7063 0.2275
vn -0.2456 -0.9658 0.0834
vn 0.2456 -0.9658 -0.0834
vn 0.6703 -0.7063 -0.2275
vn 0.9148 -0.2583 -0.3105
vn 0.8664 0.2583 -0.4273
vn 0.6349 0.7063 -0.3131
vn 0.2326 0.9658 -0.1147
vn -0.2326 0.9658 0.1147
vn -0.6349 0.7063 0.3131
vn -0.8664 0.2583 0.4273
vn -0.8664 -0.2583 0.4273
vn -0.6349 -0.7063 0.3131
vn -0.2326 -0.9658 0.1147
vn 0.2326 -0.9658 -0.1147
vn 0.6349 -0.7063 -0.3131
vn 0.8664 -0.2583 -0.4273
vn 0.8033 0.2583 -0.5367
vn 0.5886 0.7063 -0.3933
vn 0.2156 0.9658 -0.1441
vn -0.2156 0.9658 0.1441
vn -0.5886 0.7063 0.3933
vn -0.8033 0.2583 0.5367
vn -0.8033 -0.2583 0.5367
vn -0.5886 -0.7063 0.3933
vn -0.2156 -0.9658 0.1441
vn 0.2156 -0.9658 -0.1441
vn 0.5886 -0.7063 -0.3933
vn 0.8033 -0.2583 -0.5367
vn 0.7263 0.2583 -0.6370
vn 0.5322 0.7063 -0.4667
vn 0.1950 0.9658 -0.1710
vn -0.1950 0.9658 0.1710
vn -0.5322 0.7063 0.4667
vn -0.7263 0.2583 0.6370
vn -0.7263 -0.2583 0.6370
vn -0.5322 -0.7063 0.4667
vn -0.1950 -0.9658 0.1710
vn 0.1950 -0.9658 -0.1710
vn 0.5322 -0.7063 -0.4667
vn 0.7263 -0.2583 -0.6370
vn 0.6370 0.2583 -0.7263
vn 0.4667 0.7063 -0.5322
vn 0.1710 0.9658 -0.1950
vn -0.1710 0.9658 0.1950
vn -0.4667 0.7063 0.5322
vn -0.6370 0.2583 0.7263
vn -0.6370 -0.2583 0.7263
vn -0.4667 -0.7063 0.5322
vn -0.1710 -0.9658 0.1950
vn 0.1710 -0.9658 -0.1950
vn 0.4667 -0.7063 -0.5322
vn 0.6370 -0.2583 -0.7263
vn 0.5367 0.2583 -0.8033
vn 0.3933 0.7063 -0.5886
vn 0.1441 0.9658 -0.2156
vn -0.1441 0.9658 0.2156
vn -0.3933 0.7063 0.5886
vn -0.5367 0.2583 0.8033
vn -0.5367 -0.2583 0.8033
vn -0.3933 -0.7063 0.5886
vn -0.1441 -0.9658 0.2156
vn 0.1441 -0.9658 -0.2156
vn 0.3933 -0.7063 -0.5886
vn 0.5367 -0.2583 -0.8033
vn 0.4273 0.2583 -0.8664
vn 0.3131 0.7063 -0.6349
vn 0.1147 0.9658 -0.2326
vn -0.1147 0.9658 0.2326
vn -0.3131 0.7063 0.6349
vn -0.4273 0.2583 0.8664
vn -0.4273 -0.2583 0.8664
vn -0.3131 -0.7063 0.6349
vn -0.1147 -0.9658 0.2326
vn 0.1147 -0.9658 -0.2326
vn 0.3131 -0.7063 -0.6349
vn 0.4273 -0.2583 -0.8664
vn 0.3105 0.2583 -0.9148
vn 0.2275 0.7063 -0.6703
vn 0.0834 0.9658 -0.2456
vn -0.0834 0.9658 0.2456
vn -0.2275 0.7063 0.6703
vn -0.3105 0.2583 0.9148
vn -0.3105 -0.2583 0.9148
vn -0.2275 -0.7063 0.6703
vn -0.0834 -0.9658 0.2456
vn 0.0834 -0.9658 -0.2456
vn 0.2275 -0.7063 -0.6703
vn 0.3105 -0.2583 -0.9148
vn 0.1885 0.2583 -0.9475
vn 0.1381 0.7063 -0.6943
vn 0.1381 -0.7063 -0.6943
vn 0.1885 -0.2583 -0.9475
vn -0.1885 0.2583 -0.9475
vn -0.1381 0.7063 -0.6943
vn -0.1381 -0.7063 -0.6943
vn -0.1885 -0.2583 -0.9475
vn -0.3105 0.2583 -0.9148
vn -0.2275 0.7063 -0.6703
vn -0.0834 0.9658 -0.2456
vn 0.0834 0.9658 0.2456
vn 0.2275 0.7063 0.6703
vn 0.3106 0.2583 0.9148
vn 0.3105 0.2583 0.9148
vn 0.3106 -0.2583 0.9148
vn 0.3105 -0.2583 0.9148
vn 0.2275 -0.7063 0.6703
vn 0.0834 -0.9658 0.2456
vn -0.0834 -0.9658 -0.2456
vn -0.2275 -0.7063 -0.6703
vn -0.3105 -0.2583 -0.9148
vn -0.4273 0.2583 -0.8664
vn -0.3131 0.7063 -0.6349
vn -0.1147 0.9658 -0.2326
vn 0.1147 0.9658 0.2326
vn 0.3131 0.7063 0.6349
vn 0.4273 0.2583 0.8664
vn 0.4273 -0.2583 0.8664
vn 0.3131 -0.7063 0.6349
vn 0.1147 -0.9658 0.2326
vn -0.1147 -0.9658 -0.2326
vn -0.3131 -0.7063 -0.6349
vn -0.4273 -0.2583 -0.8664
vn -0.5367 0.2583 -0.8033
vn -0.3933 0.7063 -0.5886
vn -0.1441 0.9658 -0.2156
vn 0.1441 0.9658 0.2156
vn 0.3933 0.7063 0.5886
vn 0.5367 0.2583 0.8033
vn 0.5367 -0.2583 0.8033
vn 0.3933 -0.7063 0.5886
vn 0.1441 -0.9658 0.2156
vn -0.1441 -0.9658 -0.2156
vn -0.3933 -0.7063 -0.5886
vn -0.5367 -0.2583 -0.8033
vn -0.6370 0.2583 -0.7263
vn -0.4667 0.7063 -0.5322
vn -0.1710 0.9658 -0.1950
vn 0.1710 0.9658 0.1950
vn 0.4667 0.7063 0.5322
vn 0.6370 0.2583 0.7263
vn 0.6370 -0.2583 0.7263
vn 0.4667 -0.7063 0.5322
vn 0.1710 -0.9658 0.1950
vn -0.1710 -0.9658 -0.1950
vn -0.4667 -0.7063 -0.5322
vn -0.6370 -0.2583 -0.7263
vn -0.7263 0.2583 -0.6370
vn -0.5322 0.7063 -0.4667
vn -0.1950 0.9658 -0.1710
vn 0.1950 0.9658 0.1710
vn 0.5322 0.7063 0.4667
vn 0.7263 0.2583 0.6370
vn 0.7263 -0.2583 0.6370
vn 0.5322 -0.7063 0.4667
vn 0.1950 -0.9658 0.1710
vn -0.1950 -0.9658 -0.1710
vn -0.5322 -0.7063 -0.4667
vn -0.7263 -0.2583 -0.6370
vn -0.8033 0.2583 -0.5367
vn -0.5886 0.7063 -0.3933
vn -0.2156 0.9658 -0.1441
vn 0.2156 0.9658 0.1441
vn 0.5886 0.7063 0.3933
vn 0.8033 0.2583 0.5367
vn 0.8033 -0.2583 0.5367
vn 0.5886 -0.7063 0.3933
vn 0.2156 -0.9658 0.1441
vn -0.2156 -0.9658 -0.1441
vn -0.5886 -0.7063 -0.3933
vn -0.8033 -0.2583 -0.5367
vn -0.8664 0.2583 -0.4273
vn -0.6349 0.7063 -0.3131
vn -0.2326 0.9658 -0.1147
vn 0.2326 0.9658 0.1147
vn 0.6349 0.7063 0.3131
vn 0.8664 0.2583 0.4273
vn 0.8664 -0.2583 0.4273
vn 0.6349 -0.7063 0.3131
vn 0.2326 -0.9658 0.1147
vn -0.2326 -0.9658 -0.1147
vn -0.6349 -0.7063 -0.3131
vn -0.8664 -0.2583 -0.4273
vn -0.9148 0.2583 -0.3105
vn -0.6703 0.7063 -0.2275
vn -0.2456 0.9658 -0.0834
vn 0.2456 0.9658 0.0834
vn 0.6703 0.7063 0.2275
vn 0.9148 0.2583 0.3105
vn 0.9148 -0.2583 0.3105
vn 0.6703 -0.7063 0.2275
vn 0.2456 -0.9658 0.0834
vn -0.2456 -0.9658 -0.0834
vn -0.6703 -0.7063 -0.2275
vn -0.9148 -0.2583 -0.3105
vn -0.9475 0.2583 -0.1885
vn -0.6943 0.7063 -0.1381
vn -0.2544 0.9658 -0.0506
vn 0.2544 0.9658 0.0506
vn 0.6943 0.7063 0.1381
vn 0.6943 -0.7063 0.1381
vn 0.2544 -0.9658 0.0506
vn -0.2544 -0.9658 -0.0506
vn -0.6943 -0.7063 -0.1381
vn -0.9475 -0.2583 -0.1885
vn -0.9148 0.2583 0.3105
vn -0.9148 -0.2583 0.3105
vn -0.1885 0.2583 0.9475
vn -0.1381 0.7063 0.6943
vn -0.0506 0.9658 0.2544
vn -0.0506 -0.9658 0.2544
vn -0.1381 -0.7063 0.6943
vn -0.1885 -0.2583 0.9475
vn 0.1885 0.2583 0.9475
vn 0.1381 0.7063 0.6943
vn 0.1381 -0.7063 0.6943
vn 0.1885 -0.2583 0.9475
vn 0.9475 0.2583 0.1885
vn 0.9475 -0.2583 0.1885
vn 1.0000 -0.0000 -0.0000
vn -0.0000 -0.0000 1.0000
vn -0.0000 -0.0000 -1.0000
vn -1.0000 -0.0000 -0.0000
vt 0.541667 0.500000
vt 0.541667 0.583333
vt 0.541170 0.583333
vt 0.540058 0.500000
vt 0.541667 0.596414
vt 0.541667 0.403586
vt 0.541667 0.416667
vt 0.541170 0.416667
vt 0.562500 0.500000
vt 0.562500 0.583333
vt 0.544652 0.666667
vt 0.562500 0.666667
vt 0.562500 0.750000
vt 0.550466 0.750000
vt 0.562500 0.833333
vt 0.557942 0.833333
vt 0.562500 0.889758
vt 0.562500 0.110242
vt 0.562500 0.166667
vt 0.557942 0.166667
vt 0.562500 0.250000
vt 0.550466 0.250000
vt 0.562500 0.333333
vt 0.544652 0.333333
vt 0.562500 0.416667
vt 0.583333 0.500000
vt 0.583333 0.583333
vt 0.583333 0.666667
vt 0.583333 0.750000
vt 0.583333 0.833333
vt 0.565063 0.916667
vt 0.583333 0.916667
vt 0.567731 0.987988
vt 0.583333 1.000000
vt 0.565633 1.000000
vt 0.567731 0.012013
vt 0.565633 0.000000
vt 0.583333 0.000000
vt 0.583333 0.083333
vt 0.565063 0.083333
vt 0.583333 0.166667
vt 0.583333 0.250000
vt 0.583333 0.333333
vt 0.583333 0.416667
vt 0.604167 0.500000
vt 0.604167 0.583333
vt 0.604167 0.666667
vt 0.604167 0.750000
vt 0.604167 0.833333
vt 0.604167 0.916667
vt 0.604167 1.000000
vt 0.604167 0.000000
vt 0.604167 0.083333
vt 0.604167 0.166667
vt 0.604167 0.250000
vt 0.604167 0.333333
vt 0.604167 0.416667
vt 0.625000 0.500000
vt 0.625000 0.583333
vt 0.625000 0.666667
vt 0.625000 0.750000
vt 0.625000 0.833333
vt 0.625000 0.916667
vt 0.625000 1.000000
vt 0.625000 0.000000
vt 0.625000 0.083333
vt 0.625000 0.166667
vt 0.625000 0.250000
vt 0.625000 0.333333
vt 0.625000 0.416667
vt 0.645833 0.500000
vt 0.645833 0.583333
vt 0.645833 0.666667
vt 0.645833 0.750000
vt 0.645833 0.833333
vt 0.645833 0.916667
vt 0.645833 1.000000
vt 0.645833 0.000000
vt 0.645833 0.083333
vt 0.645833 0.166667
vt 0.645833 0.250000
vt 0.645833 0.333333
vt 0.645833 0.416667
vt 0.666667 0.500000
vt 0.666667 0.583333
vt 0.666667 0.666667
vt 0.666667 0.750000
vt 0.666667 0.833333
vt 0.666667 0.916667
vt 0.666667 1.000000
vt 0.666667 0.000000
vt 0.666667 0.083333
vt 0.666667 0.166667
vt 0.666667 0.250000
vt 0.666667 0.333333
vt 0.666667 0.416667
vt 0.687500 0.500000
vt 0.687500 0.583333
vt 0.687500 0.666667
vt 0.687500 0.750000
vt 0.687500 0.833333
vt 0.687500 0.916667
vt 0.687500 0.971598
vt 0.687500 1.000000
vt 0.687500 0.958312
vt 0.687106 0.969345
vt 0.687500 0.000000
vt 0.687500 0.028402
vt 0.687106 0.030655
vt 0.687500 0.041688
vt 0.687500 0.083333
vt 0.687500 0.166667
vt 0.687500 0.250000
vt 0.687500 0.333333
vt 0.687500 0.416667
vt 0.708333 0.500000
vt 0.708333 0.583333
vt 0.708333 0.658738
vt 0.707996 0.666667
vt 0.702513 0.750000
vt 0.695462 0.833333
vt 0.688875 0.916667
vt 0.694467 1.000000
vt 0.688875 0.083333
vt 0.694467 0.000000
vt 0.695462 0.166667
vt 0.702513 0.250000
vt 0.707996 0.333333
vt 0.708333 0.341262
vt 0.708333 0.416667
vt 0.712243 0.500000
vt 0.711194 0.583333
vt 0.711194 0.416667
vt 0.788496 0.500000
vt 0.791667 0.500000
vt 0.791667 0.583333
vt 0.789566 0.583333
vt 0.791667 0.638698
vt 0.791667 0.416667
vt 0.789566 0.416667
vt 0.791667 0.361302
vt 0.812500 0.500000
vt 0.812500 0.583333
vt 0.812500 0.666667
vt 0.792855 0.666667
vt 0.812500 0.750000
vt 0.798445 0.750000
vt 0.812500 0.833333
vt 0.805632 0.833333
vt 0.812500 0.916667
vt 0.812348 0.916667
vt 0.812500 0.921283
vt 0.812500 0.971598
vt 0.812500 1.000000
vt 0.805533 1.000000
vt 0.812500 0.083333
vt 0.812348 0.083333
vt 0.812500 0.078717
vt 0.812500 0.000000
vt 0.812500 0.028402
vt 0.805533 0.000000
vt 0.812500 0.166667
vt 0.805632 0.166667
vt 0.812500 0.250000
vt 0.798445 0.250000
vt 0.812500 0.333333
vt 0.792855 0.333333
vt 0.812500 0.416667
vt 0.833333 0.500000
vt 0.833333 0.583333
vt 0.833333 0.666667
vt 0.833333 0.750000
vt 0.833333 0.833333
vt 0.833333 0.916667
vt 0.833333 1.000000
vt 0.813991 0.963064
vt 0.813991 0.036936
vt 0.833333 0.000000
vt 0.833333 0.083333
vt 0.833333 0.166667
vt 0.833333 0.250000
vt 0.833333 0.333333
vt 0.833333 0.416667
vt 0.854167 0.500000
vt 0.854167 0.583333
vt 0.854167 0.666667
vt 0.854167 0.750000
vt 0.854167 0.833333
vt 0.854167 0.916667
vt 0.854167 1.000000
vt 0.854167 0.000000
vt 0.854167 0.083333
vt 0.854167 0.166667
vt 0.854167 0.250000
vt 0.854167 0.333333
vt 0.854167 0.416667
vt 0.875000 0.500000
vt 0.875000 0.583333
vt 0.875000 0.666667
vt 0.875000 0.750000
vt 0.875000 0.833333
vt 0.875000 0.916667
vt 0.875000 1.000000
vt 0.875000 0.000000
vt 0.875000 0.083333
vt 0.875000 0.166667
vt 0.875000 0.250000
vt 0.875000 0.333333
vt 0.875000 0.416667
vt 0.895833 0.500000
vt 0.895833 0.583333
vt 0.895833 0.666667
vt 0.895833 0.750000
vt 0.895833 0.833333
vt 0.895833 0.916667
vt 0.895833 1.000000
vt 0.895833 0.000000
vt 0.895833 0.083333
vt 0.895833 0.166667
vt 0.895833 0.250000
vt 0.895833 0.333333
vt 0.895833 0.416667
vt 0.916667 0.500000
vt 0.916667 0.583333
vt 0.916667 0.666667
vt 0.916667 0.750000
vt 0.916667 0.833333
vt 0.916667 0.916667
vt 0.916667 1.000000
vt 0.916667 0.000000
vt 0.916667 0.083333
vt 0.916667 0.166667
vt 0.916667 0.250000
vt 0.916667 0.333333
vt 0.916667 0.416667
vt 0.937500 0.500000
vt 0.937500 0.583333
vt 0.937500 0.666667
vt 0.937500 0.750000
vt 0.937500 0.833333
vt 0.937500 0.916667
vt 0.937500 1.000000
vt 0.937500 0.000000
vt 0.937500 0.083333
vt 0.937500 0.166667
vt 0.937500 0.250000
vt 0.937500 0.333333
vt 0.937500 0.416667
vt 0.958333 0.500000
vt 0.958333 0.583333
vt 0.958333 0.666667
vt 0.958333 0.750000
vt 0.958333 0.833333
vt 0.958333 0.867585
vt 0.955339 0.916667
vt 0.953261 1.000000
vt 0.953261 0.000000
vt 0.955339 0.083333
vt 0.958333 0.132415
vt 0.958333 0.166667
vt 0.958333 0.250000
vt 0.958333 0.333333
vt 0.958333 0.416667
vt 0.972207 0.500000
vt 0.971432 0.583333
vt 0.969078 0.666667
vt 0.965168 0.750000
vt 0.960140 0.833333
vt 0.960140 0.166667
vt 0.965168 0.250000
vt 0.969078 0.333333
vt 0.971432 0.416667
vt 0.048702 0.500000
vt 0.062500 0.500000
vt 0.062500 0.583333
vt 0.050095 0.583333
vt 0.062500 0.666667
vt 0.054321 0.666667
vt 0.062500 0.750000
vt 0.061344 0.750000
vt 0.062500 0.761969
vt 0.062500 0.238031
vt 0.062500 0.250000
vt 0.061344 0.250000
vt 0.062500 0.333333
vt 0.054321 0.333333
vt 0.062500 0.416667
vt 0.050095 0.416667
vt 0.083333 0.500000
vt 0.083333 0.583333
vt 0.083333 0.666667
vt 0.083333 0.750000
vt 0.070814 0.833333
vt 0.083333 0.833333
vt 0.083333 0.916667
vt 0.079722 0.916667
vt 0.081007 0.945739
vt 0.083333 1.000000
vt 0.071876 1.000000
vt 0.081007 0.054261
vt 0.071876 0.000000
vt 0.083333 0.000000
vt 0.083333 0.083333
vt 0.079722 0.083333
vt 0.083333 0.166667
vt 0.070814 0.166667
vt 0.083333 0.250000
vt 0.083333 0.333333
vt 0.083333 0.416667
vt 0.104167 0.500000
vt 0.104167 0.583333
vt 0.104167 0.666667
vt 0.104167 0.750000
vt 0.104167 0.833333
vt 0.104167 0.916667
vt 0.104167 1.000000
vt 0.104167 0.000000
vt 0.104167 0.083333
vt 0.104167 0.166667
vt 0.104167 0.250000
vt 0.104167 0.333333
vt 0.104167 0.416667
vt 0.125000 0.500000
vt 0.125000 0.583333
vt 0.125000 0.666667
vt 0.125000 0.750000
vt 0.125000 0.833333
vt 0.125000 0.916667
vt 0.125000 1.000000
vt 0.125000 0.000000
vt 0.125000 0.083333
vt 0.125000 0.166667
vt 0.125000 0.250000
vt 0.125000 0.333333
vt 0.125000 0.416667
vt 0.145833 0.500000
vt 0.145833 0.583333
vt 0.145833 0.666667
vt 0.145833 0.750000
vt 0.145833 0.833333
vt 0.145833 0.916667
vt 0.145833 1.000000
vt 0.145833 0.000000
vt 0.145833 0.083333
vt 0.145833 0.166667
vt 0.145833 0.250000
vt 0.145833 0.333333
vt 0.145833 0.416667
vt 0.166667 0.500000
vt 0.166667 0.583333
vt 0.166667 0.666667
vt 0.166667 0.750000
vt 0.166667 0.833333
vt 0.166667 0.916667
vt 0.166667 1.000000
vt 0.166667 0.000000
vt 0.166667 0.083333
vt 0.166667 0.166667
vt 0.166667 0.250000
vt 0.166667 0.333333
vt 0.166667 0.416667
vt 0.187500 0.500000
vt 0.187500 0.583333
vt 0.187500 0.666667
vt 0.187500 0.750000
vt 0.187500 0.833333
vt 0.187500 0.916667
vt 0.186815 1.000000
vt 0.187500 0.981200
vt 0.187500 0.018800
vt 0.187500 0.083333
vt 0.186815 0.000000
vt 0.187500 0.166667
vt 0.187500 0.250000
vt 0.187500 0.333333
vt 0.187500 0.416667
vt 0.208333 0.500000
vt 0.208333 0.583333
vt 0.208333 0.666667
vt 0.203105 0.750000
vt 0.208333 0.669932
vt 0.196139 0.833333
vt 0.189631 0.916667
vt 0.189631 0.083333
vt 0.196139 0.166667
vt 0.203105 0.250000
vt 0.208333 0.330068
vt 0.208333 0.333333
vt 0.208333 0.416667
vt 0.211664 0.583333
vt 0.212701 0.500000
vt 0.208516 0.666667
vt 0.208516 0.333333
vt 0.211664 0.416667
vt 0.291667 0.500000
vt 0.291667 0.583333
vt 0.290036 0.583333
vt 0.288954 0.500000
vt 0.291667 0.626309
vt 0.291667 0.373691
vt 0.291667 0.416667
vt 0.290036 0.416667
vt 0.312500 0.500000
vt 0.312500 0.583333
vt 0.293381 0.666667
vt 0.312500 0.666667
vt 0.312500 0.750000
vt 0.299037 0.750000
vt 0.312500 0.833333
vt 0.306309 0.833333
vt 0.312500 0.909979
vt 0.312500 0.090021
vt 0.312500 0.166667
vt 0.306309 0.166667
vt 0.312500 0.250000
vt 0.299037 0.250000
vt 0.312500 0.333333
vt 0.293381 0.333333
vt 0.312500 0.416667
vt 0.333333 0.500000
vt 0.333333 0.583333
vt 0.333333 0.666667
vt 0.333333 0.750000
vt 0.333333 0.833333
vt 0.313137 0.916667
vt 0.333333 0.916667
vt 0.333333 1.000000
vt 0.316200 1.000000
vt 0.333333 0.000000
vt 0.333333 0.083333
vt 0.313137 0.083333
vt 0.316200 0.000000
vt 0.333333 0.166667
vt 0.333333 0.250000
vt 0.333333 0.333333
vt 0.333333 0.416667
vt 0.354167 0.500000
vt 0.354167 0.583333
vt 0.354167 0.666667
vt 0.354167 0.750000
vt 0.354167 0.833333
vt 0.354167 0.916667
vt 0.354167 1.000000
vt 0.354167 0.000000
vt 0.354167 0.083333
vt 0.354167 0.166667
vt 0.354167 0.250000
vt 0.354167 0.333333
vt 0.354167 0.416667
vt 0.375000 0.500000
vt 0.375000 0.583333
vt 0.375000 0.666667
vt 0.375000 0.750000
vt 0.375000 0.833333
vt 0.375000 0.916667
vt 0.375000 1.000000
vt 0.375000 0.000000
vt 0.375000 0.083333
vt 0.375000 0.166667
vt 0.375000 0.250000
vt 0.375000 0.333333
vt 0.375000 0.416667
vt 0.395833 0.500000
vt 0.395833 0.583333
vt 0.395833 0.666667
vt 0.395833 0.750000
vt 0.395833 0.833333
vt 0.395833 0.916667
vt 0.395833 1.000000
vt 0.395833 0.000000
vt 0.395833 0.083333
vt 0.395833 0.166667
vt 0.395833 0.250000
vt 0.395833 0.333333
vt 0.395833 0.416667
vt 0.416667 0.500000
vt 0.416667 0.583333
vt 0.416667 0.666667
vt 0.416667 0.750000
vt 0.416667 0.833333
vt 0.416667 0.916667
vt 0.416667 1.000000
vt 0.416667 0.000000
vt 0.416667 0.083333
vt 0.416667 0.166667
vt 0.416667 0.250000
vt 0.416667 0.333333
vt 0.416667 0.416667
vt 0.437500 0.500000
vt 0.437500 0.583333
vt 0.437500 0.666667
vt 0.437500 0.750000
vt 0.437500 0.833333
vt 0.437500 0.916667
vt 0.437500 1.000000
vt 0.437500 0.000000
vt 0.437500 0.083333
vt 0.437500 0.166667
vt 0.437500 0.250000
vt 0.437500 0.333333
vt 0.437500 0.416667
vt 0.458333 0.500000
vt 0.458333 0.583333
vt 0.458333 0.666667
vt 0.458333 0.691816
vt 0.454534 0.750000
vt 0.447773 0.833333
vt 0.441455 0.916667
vt 0.438757 1.000000
vt 0.441455 0.083333
vt 0.438757 0.000000
vt 0.447773 0.166667
vt 0.454534 0.250000
vt 0.458333 0.308184
vt 0.458333 0.333333
vt 0.458333 0.416667
vt 0.462798 0.583333
vt 0.463805 0.500000
vt 0.459743 0.666667
vt 0.459743 0.333333
vt 0.462798 0.416667
vt 0.492398 0.250000
vt 0.507602 0.250000
vt 0.500000 0.245404
vt 0.441201 0.450321
vt 0.447261 0.456486
vt 0.500000 0.470864
vt 0.552739 0.456487
vt 0.558799 0.450321
vt 0.591346 0.416023
vt 0.605477 0.360448
vt 0.591346 0.304873
vt 0.565205 0.277326
vt 0.552739 0.263456
vt 0.447261 0.263456
vt 0.434795 0.277326
vt 0.408654 0.304873
vt 0.394523 0.360448
vt 0.408654 0.416023
vt 0.408654 0.830298
vt 0.404389 0.846491
vt 0.394523 0.885294
vt 0.408654 0.940869
vt 0.447261 0.981553
vt 0.500000 0.996444
vt 0.552739 0.981553
vt 0.591346 0.940869
vt 0.605477 0.885294
vt 0.595611 0.846491
vt 0.591346 0.830298
vt 0.552739 0.791018
vt 0.500000 0.776641
vt 0.447261 0.791018
vt 0.488102 0.238683
vt 0.500000 0.242230
vt 0.511898 0.238683
vt 0.552739 0.227151
vt 0.591346 0.186467
vt 0.605477 0.130892
vt 0.591900 0.077495
vt 0.591346 0.075392
vt 0.552739 0.036113
vt 0.500000 0.021736
vt 0.447261 0.036113
vt 0.408654 0.075392
vt 0.408100 0.077495
vt 0.394523 0.130892
vt 0.408654 0.186467
vt 0.447261 0.227151
vt 0.408654 0.672859
vt 0.427351 0.692561
vt 0.447261 0.712818
vt 0.500000 0.727196
vt 0.552739 0.712818
vt 0.572649 0.692561
vt 0.591346 0.672859
vt 0.605477 0.617284
vt 0.591346 0.561709
vt 0.555837 0.524290
vt 0.552739 0.520843
vt 0.500000 0.505120
vt 0.447261 0.520843
vt 0.444163 0.524290
vt 0.408654 0.561709
vt 0.394523 0.617284
vt 0.394523 0.373041
vt 0.408654 0.426698
vt 0.424522 0.442843
vt 0.447261 0.466805
vt 0.500000 0.481696
vt 0.552739 0.466805
vt 0.575478 0.442843
vt 0.591346 0.426698
vt 0.605477 0.373041
vt 0.591346 0.319385
vt 0.552739 0.280105
vt 0.500000 0.265728
vt 0.447261 0.280105
vt 0.408654 0.319385
vt 0.534340 0.750000
vt 0.500000 0.729241
vt 0.465660 0.750000
vt 0.408654 0.912246
vt 0.447261 0.952930
vt 0.500000 0.967821
vt 0.552739 0.952930
vt 0.591346 0.912246
vt 0.605477 0.856671
vt 0.603448 0.848689
vt 0.591346 0.798440
vt 0.552739 0.755485
vt 0.447261 0.755485
vt 0.408654 0.798440
vt 0.396552 0.848689
vt 0.394523 0.856671
vt 0.552739 0.200292
vt 0.578388 0.174196
vt 0.591346 0.160542
vt 0.605477 0.104967
vt 0.591346 0.049391
vt 0.552739 0.008708
vt 0.549817 0.007883
vt 0.523375 0.000000
vt 0.476625 0.000000
vt 0.450183 0.007883
vt 0.447261 0.008708
vt 0.408654 0.049391
vt 0.394523 0.104967
vt 0.408654 0.160542
vt 0.421612 0.174196
vt 0.447261 0.200292
vt 0.500000 0.214670
vt 0.394523 0.644218
vt 0.408654 0.699793
vt 0.447261 0.740477
vt 0.473617 0.747919
vt 0.480599 0.750000
vt 0.519401 0.750000
vt 0.526383 0.747919
vt 0.552739 0.740477
vt 0.591346 0.699793
vt 0.605477 0.644218
vt 0.591346 0.588643
vt 0.587673 0.584772
vt 0.552739 0.549230
vt 0.500000 0.534852
vt 0.447261 0.549230
vt 0.412327 0.584772
vt 0.408654 0.588643
vt 0.500000 0.765813
vt 0.517974 0.750862
vt 0.482026 0.750862
vt 0.482026 0.996735
vt 0.476624 1.000000
vt 0.523375 1.000000
vt 0.517974 0.996735
vt 0.500000 0.981784
s 0
f 249/373/157 250/374/157 605/375/157 604/376/157
f 605/375/158 250/374/158 606/377/158
f 607/378/159 251/379/159 608/380/159
f 251/379/160 249/373/160 604/376/160 608/380/160
f 249/373/161 252/381/161 253/382/161 250/374/161
f 609/383/162 606/377/162 250/374/162 253/382/162 254/384/162
f 609/383/163 254/384/163 255/385/163 610/386/163
f 610/386/164 255/385/164 256/387/164 611/388/164
f 611/388/165 256/387/165 612/389/165
f 613/390/166 257/391/166 614/392/166
f 257/391/167 258/393/167 615/394/167 614/392/167
f 258/393/168 259/395/168 616/396/168 615/394/168
f 616/396/169 259/395/169 260/397/169 251/379/169 607/378/169
f 251/379/170 260/397/170 252/381/170 249/373/170
f 252/381/171 261/398/171 262/399/171 253/382/171
f 253/382/172 262/399/172 263/400/172 254/384/172
f 254/384/173 263/400/173 264/401/173 255/385/173
f 255/385/174 264/401/174 265/402/174 256/387/174
f 617/403/175 612/389/175 256/387/175 265/402/175 266/404/175
f 618/405/176 617/403/176 266/404/176 267/406/176 619/407/176
f 620/408/177 619/409/177 267/410/177 268/411/177 621/412/177
f 621/412/178 268/411/178 269/413/178 257/391/178 613/390/178
f 257/391/179 269/413/179 270/414/179 258/393/179
f 258/393/180 270/414/180 271/415/180 259/395/180
f 259/395/181 271/415/181 272/416/181 260/397/181
f 260/397/182 272/416/182 261/398/182 252/381/182
f 261/398/183 273/417/183 274/418/183 262/399/183
f 262/399/184 274/418/184 275/419/184 263/400/184
f 263/400/185 275/419/185 276/420/185 264/401/185
f 264/401/186 276/420/186 277/421/186 265/402/186
f 265/402/187 277/421/187 278/422/187 266/404/187
f 266/404/188 278/422/188 279/423/188 267/406/188
f 267/410/189 279/424/189 280/425/189 268/411/189
f 268/411/190 280/425/190 281/426/190 269/413/190
f 269/413/191 281/426/191 282/427/191 270/414/191
f 270/414/192 282/427/192 283/428/192 271/415/192
f 271/415/193 283/428/193 284/429/193 272/416/193
f 272/416/194 284/429/194 273/417/194 261/398/194
f 273/417/195 285/430/195 286/431/195 274/418/195
f 274/418/196 286/431/196 287/432/196 275/419/196
f 275/419/197 287/432/197 288/433/197 276/420/197
f 276/420/198 288/433/198 289/434/198 277/421/198
f 277/421/199 289/434/199 290/435/199 278/422/199
f 278/422/200 290/435/200 291/436/200 279/423/200
f 279/424/201 291/437/201 292/438/201 280/425/201
f 280/425/202 292/438/202 293/439/202 281/426/202
f 281/426/203 293/439/203 294/440/203 282/427/203
f 282/427/204 294/440/204 295/441/204 283/428/204
f 283/428/205 295/441/205 296/442/205 284/429/205
f 284/429/206 296/442/206 285/430/206 273/417/206
f 285/430/207 297/443/207 298/444/207 286/431/207
f 286/431/208 298/444/208 299/445/208 287/432/208
f 287/432/209 299/445/209 300/446/209 288/433/209
f 288/433/210 300/446/210 301/447/210 289/434/210
f 289/434/211 301/447/211 302/448/211 290/435/211
f 290/435/212 302/448/212 303/449/212 291/436/212
f 291/437/213 303/450/213 304/451/213 292/438/213
f 292/438/214 304/451/214 305/452/214 293/439/214
f 293/439/215 305/452/215 306/453/215 294/440/215
f 294/440/216 306/453/216 307/454/216 295/441/216
f 295/441/217 307/454/217 308/455/217 296/442/217
f 296/442/218 308/455/218 297/443/218 285/430/218
f 297/443/219 309/456/219 310/457/219 298/444/219
f 298/444/220 310/457/220 311/458/220 299/445/220
f 299/445/221 311/458/221 312/459/221 300/446/221
f 300/446/222 312/459/222 313/460/222 301/447/222
f 301/447/223 313/460/223 314/461/223 302/448/223
f 302/448/224 314/461/224 315/462/224 303/449/224
f 303/450/225 315/463/225 316/464/225 304/451/225
f 304/451/226 316/464/226 317/465/226 305/452/226
f 305/452/227 317/465/227 318/466/227 306/453/227
f 306/453/228 318/466/228 319/467/228 307/454/228
f 307/454/229 319/467/229 320/468/229 308/455/229
f 308/455/230 320/468/230 309/456/230 297/443/230
f 309/456/231 321/469/231 322/470/231 310/457/231
f 310/457/232 322/470/232 323/471/232 311/458/232
f 311/458/233 323/471/233 324/472/233 312/459/233
f 312/459/234 324/472/234 325/473/234 313/460/234
f 313/460/235 325/473/235 326/474/235 314/461/235
f 698/475/236 327/476/236 315/462/236 314/461/236 326/474/236 700/477/236 699/478/236
f 315/463/237 327/479/237 703/480/237 702/481/237 701/482/237 328/483/237 316/464/237
f 316/464/238 328/483/238 329/484/238 317/465/238
f 317/465/239 329/484/239 330/485/239 318/466/239
f 318/466/240 330/485/240 331/486/240 319/467/240
f 319/467/241 331/486/241 332/487/241 320/468/241
f 320/468/242 332/487/242 321/469/242 309/456/242
f 321/469/243 333/488/243 334/489/243 322/470/243
f 323/471/244 322/470/244 334/489/244 704/490/244 705/491/244
f 324/472/245 323/471/245 705/491/245 706/492/245
f 325/473/246 324/472/246 706/492/246 707/493/246
f 326/474/247 325/473/247 707/493/247 708/494/247
f 326/474/248 708/494/248 700/477/248
f 709/495/248 327/476/248 698/475/248
f 328/483/249 701/482/249 710/496/249
f 327/479/249 709/497/249 703/480/249
f 329/484/250 328/483/250 710/496/250 711/498/250
f 330/485/251 329/484/251 711/498/251 712/499/251
f 331/486/252 330/485/252 712/499/252 713/500/252
f 331/486/253 713/500/253 714/501/253 335/502/253 332/487/253
f 332/487/254 335/502/254 333/488/254 321/469/254
f 334/489/255 333/488/255 715/503/255 716/504/255
f 704/490/256 334/489/256 716/504/256
f 717/505/257 335/502/257 714/501/257
f 333/488/258 335/502/258 717/505/258 715/503/258
f 718/506/259 336/507/259 337/508/259 719/509/259
f 337/508/260 720/510/260 719/509/260
f 338/511/261 722/512/261 721/513/261
f 722/512/262 338/511/262 336/507/262 718/506/262
f 336/507/263 339/514/263 340/515/263 337/508/263
f 337/508/264 340/515/264 341/516/264 723/517/264 720/510/264
f 723/517/265 341/516/265 342/518/265 724/519/265
f 724/519/266 342/518/266 343/520/266 725/521/266
f 725/521/267 343/520/267 344/522/267 726/523/267
f 344/522/268 727/524/268 726/523/268
f 728/525/269 345/526/269 729/527/269
f 346/528/270 732/529/270 730/530/270
f 345/531/271 731/532/271 729/533/271
f 732/529/272 346/528/272 347/534/272 733/535/272
f 733/535/273 347/534/273 348/536/273 734/537/273
f 734/537/274 348/536/274 349/538/274 735/539/274
f 735/539/275 349/538/275 350/540/275 338/511/275 721/513/275
f 338/511/276 350/540/276 339/514/276 336/507/276
f 339/514/277 351/541/277 352/542/277 340/515/277
f 340/515/278 352/542/278 353/543/278 341/516/278
f 341/516/279 353/543/279 354/544/279 342/518/279
f 342/518/280 354/544/280 355/545/280 343/520/280
f 343/520/281 355/545/281 356/546/281 344/522/281
f 344/522/282 356/546/282 357/547/282 345/526/282 728/525/282 736/548/282 727/524/282
f 737/549/283 731/532/283 345/531/283 357/550/283 358/551/283 346/528/283 730/530/283
f 346/528/284 358/551/284 359/552/284 347/534/284
f 347/534/285 359/552/285 360/553/285 348/536/285
f 348/536/286 360/553/286 361/554/286 349/538/286
f 349/538/287 361/554/287 362/555/287 350/540/287
f 350/540/288 362/555/288 351/541/288 339/514/288
f 351/541/289 363/556/289 364/557/289 352/542/289
f 352/542/290 364/557/290 365/558/290 353/543/290
f 353/543/291 365/558/291 366/559/291 354/544/291
f 354/544/292 366/559/292 367/560/292 355/545/292
f 355/545/293 367/560/293 368/561/293 356/546/293
f 356/546/294 368/561/294 369/562/294 357/547/294
f 357/550/295 369/563/295 370/564/295 358/551/295
f 358/551/296 370/564/296 371/565/296 359/552/296
f 359/552/297 371/565/297 372/566/297 360/553/297
f 360/553/298 372/566/298 373/567/298 361/554/298
f 361/554/299 373/567/299 374/568/299 362/555/299
f 362/555/300 374/568/300 363/556/300 351/541/300
f 363/556/301 375/569/301 376/570/301 364/557/301
f 364/557/302 376/570/302 377/571/302 365/558/302
f 365/558/303 377/571/303 378/572/303 366/559/303
f 366/559/304 378/572/304 379/573/304 367/560/304
f 367/560/305 379/573/305 380/574/305 368/561/305
f 368/561/306 380/574/306 381/575/306 369/562/306
f 369/563/307 381/576/307 382/577/307 370/564/307
f 370/564/308 382/577/308 383/578/308 371/565/308
f 371/565/309 383/578/309 384/579/309 372/566/309
f 372/566/310 384/579/310 385/580/310 373/567/310
f 373/567/311 385/580/311 386/581/311 374/568/311
f 374/568/312 386/581/312 375/569/312 363/556/312
f 375/569/313 387/582/313 388/583/313 376/570/313
f 376/570/314 388/583/314 389/584/314 377/571/314
f 377/571/315 389/584/315 390/585/315 378/572/315
f 378/572/316 390/585/316 391/586/316 379/573/316
f 379/573/317 391/586/317 392/587/317 380/574/317
f 380/574/318 392/587/318 393/588/318 381/575/318
f 381/576/319 393/589/319 394/590/319 382/577/319
f 382/577/320 394/590/320 395/591/320 383/578/320
f 383/578/321 395/591/321 396/592/321 384/579/321
f 384/579/322 396/592/322 397/593/322 385/580/322
f 385/580/323 397/593/323 398/594/323 386/581/323
f 386/581/324 398/594/324 387/582/324 375/569/324
f 387/582/325 399/595/325 400/596/325 388/583/325
f 388/583/326 400/596/326 401/597/326 389/584/326
f 389/584/327 401/597/327 402/598/327 390/585/327
f 390/585/328 402/598/328 403/599/328 391/586/328
f 391/586/329 403/599/329 404/600/329 392/587/329
f 392/587/330 404/600/330 405/601/330 393/588/330
f 393/589/331 405/602/331 406/603/331 394/590/331
f 394/590/332 406/603/332 407/604/332 395/591/332
f 395/591/333 407/604/333 408/605/333 396/592/333
f 396/592/334 408/605/334 409/606/334 397/593/334
f 397/593/335 409/606/335 410/607/335 398/594/335
f 398/594/336 410/607/336 399/595/336 387/582/336
f 399/595/337 411/608/337 412/609/337 400/596/337
f 400/596/338 412/609/338 413/610/338 401/597/338
f 401/597/339 413/610/339 414/611/339 402/598/339
f 402/598/340 414/611/340 415/612/340 403/599/340
f 403/599/341 415/612/341 416/613/341 404/600/341
f 404/600/342 416/613/342 417/614/342 405/601/342
f 405/602/343 417/615/343 418/616/343 406/603/343
f 406/603/344 418/616/344 419/617/344 407/604/344
f 407/604/345 419/617/345 420/618/345 408/605/345
f 408/605/346 420/618/346 421/619/346 409/606/346
f 409/606/347 421/619/347 422/620/347 410/607/347
f 410/607/348 422/620/348 411/608/348 399/595/348
f 411/608/349 423/621/349 424/622/349 412/609/349
f 412/609/350 424/622/350 425/623/350 413/610/350
f 413/610/351 425/623/351 426/624/351 414/611/351
f 414/611/352 426/624/352 427/625/352 415/612/352
f 668/626/353 669/627/353 416/613/353 415/612/353 427/625/353
f 417/614/354 416/613/354 669/627/354 670/628/354
f 418/616/355 417/615/355 670/629/355 671/630/355
f 671/630/356 672/631/356 428/632/356 419/617/356 418/616/356
f 419/617/357 428/632/357 429/633/357 420/618/357
f 420/618/358 429/633/358 430/634/358 421/619/358
f 421/619/359 430/634/359 431/635/359 422/620/359
f 422/620/360 431/635/360 423/621/360 411/608/360
f 424/622/361 423/621/361 673/636/361 674/637/361
f 675/638/362 425/623/362 424/622/362 674/637/362
f 676/639/363 426/624/363 425/623/363 675/638/363
f 677/640/364 427/625/364 426/624/364 676/639/364
f 427/625/365 677/640/365 668/626/365
f 672/631/366 678/641/366 428/632/366
f 679/642/367 429/633/367 428/632/367 678/641/367
f 680/643/368 430/634/368 429/633/368 679/642/368
f 681/644/369 431/635/369 430/634/369 680/643/369
f 423/621/370 431/635/370 681/644/370 673/636/370
f 682/645/371 432/646/371 433/647/371 683/648/371
f 683/648/165 433/647/165 434/649/165 684/650/165
f 434/649/164 435/651/164 685/652/164 684/650/164
f 435/651/163 686/653/163 685/652/163
f 687/654/168 436/655/168 688/656/168
f 436/655/167 437/657/167 689/658/167 688/656/167
f 437/657/166 438/659/166 690/660/166 689/658/166
f 690/660/372 438/659/372 432/646/372 682/645/372
f 432/646/176 439/661/176 440/662/176 433/647/176
f 433/647/175 440/662/175 441/663/175 434/649/175
f 434/649/174 441/663/174 442/664/174 435/651/174
f 691/665/173 686/653/173 435/651/173 442/664/173 443/666/173
f 443/666/172 444/667/172 692/668/172 691/665/172
f 693/669/171 692/668/171 444/667/171 445/670/171 694/671/171
f 695/672/182 694/673/182 445/674/182 446/675/182 696/676/182
f 446/675/181 447/677/181 697/678/181 696/676/181
f 697/678/180 447/677/180 448/679/180 436/655/180 687/654/180
f 436/655/179 448/679/179 449/680/179 437/657/179
f 437/657/178 449/680/178 450/681/178 438/659/178
f 438/659/177 450/681/177 439/661/177 432/646/177
f 439/661/188 451/682/188 452/683/188 440/662/188
f 440/662/187 452/683/187 453/684/187 441/663/187
f 441/663/186 453/684/186 454/685/186 442/664/186
f 442/664/185 454/685/185 455/686/185 443/666/185
f 443/666/184 455/686/184 456/687/184 444/667/184
f 444/667/183 456/687/183 457/688/183 445/670/183
f 445/674/194 457/689/194 458/690/194 446/675/194
f 446/675/193 458/690/193 459/691/193 447/677/193
f 447/677/192 459/691/192 460/692/192 448/679/192
f 448/679/191 460/692/191 461/693/191 449/680/191
f 449/680/190 461/693/190 462/694/190 450/681/190
f 450/681/189 462/694/189 451/682/189 439/661/189
f 451/682/200 463/695/200 464/696/200 452/683/200
f 452/683/199 464/696/199 465/697/199 453/684/199
f 453/684/198 465/697/198 466/698/198 454/685/198
f 454/685/197 466/698/197 467/699/197 455/686/197
f 455/686/196 467/699/196 468/700/196 456/687/196
f 456/687/195 468/700/195 469/701/195 457/688/195
f 457/689/206 469/702/206 470/703/206 458/690/206
f 458/690/205 470/703/205 471/704/205 459/691/205
f 459/691/204 471/704/204 472/705/204 460/692/204
f 460/692/203 472/705/203 473/706/203 461/693/203
f 461/693/202 473/706/202 474/707/202 462/694/202
f 462/694/201 474/707/201 463/695/201 451/682/201
f 463/695/212 475/708/212 476/709/212 464/696/212
f 464/696/211 476/709/211 477/710/211 465/697/211
f 465/697/210 477/710/210 478/711/210 466/698/210
f 466/698/209 478/711/209 479/712/209 467/699/209
f 467/699/208 479/712/208 480/713/208 468/700/208
f 468/700/207 480/713/207 481/714/207 469/701/207
f 469/702/218 481/715/218 482/716/218 470/703/218
f 470/703/217 482/716/217 483/717/217 471/704/217
f 471/704/216 483/717/216 484/718/216 472/705/216
f 472/705/215 484/718/215 485/719/215 473/706/215
f 473/706/214 485/719/214 486/720/214 474/707/214
f 474/707/213 486/720/213 475/708/213 463/695/213
f 475/708/224 487/721/224 488/722/224 476/709/224
f 476/709/223 488/722/223 489/723/223 477/710/223
f 477/710/222 489/723/222 490/724/222 478/711/222
f 478/711/221 490/724/221 491/725/221 479/712/221
f 479/712/220 491/725/220 492/726/220 480/713/220
f 480/713/219 492/726/219 493/727/219 481/714/219
f 481/715/230 493/728/230 494/729/230 482/716/230
f 482/716/229 494/729/229 495/730/229 483/717/229
f 483/717/228 495/730/228 496/731/228 484/718/228
f 484/718/227 496/731/227 497/732/227 485/719/227
f 485/719/226 497/732/226 498/733/226 486/720/226
f 486/720/225 498/733/225 487/721/225 475/708/225
f 487/721/236 499/734/236 500/735/236 488/722/236
f 488/722/235 500/735/235 501/736/235 489/723/235
f 489/723/234 501/736/234 502/737/234 490/724/234
f 490/724/233 502/737/233 503/738/233 491/725/233
f 491/725/232 503/738/232 504/739/232 492/726/232
f 637/740/231 493/727/231 492/726/231 504/739/231 636/741/231
f 638/742/242 505/743/242 494/729/242 493/728/242 637/744/242
f 494/729/241 505/743/241 506/745/241 495/730/241
f 495/730/240 506/745/240 507/746/240 496/731/240
f 496/731/239 507/746/239 508/747/239 497/732/239
f 497/732/238 508/747/238 509/748/238 498/733/238
f 498/733/237 509/748/237 499/734/237 487/721/237
f 499/734/248 510/749/248 511/750/248 500/735/248
f 500/735/247 511/750/247 512/751/247 501/736/247
f 640/752/246 502/737/246 501/736/246 512/751/246 639/753/246
f 641/754/245 503/738/245 502/737/245 640/752/245
f 642/755/244 504/739/244 503/738/244 641/754/244
f 504/739/243 642/755/243 636/741/243
f 505/743/254 638/742/254 643/756/254
f 644/757/253 506/745/253 505/743/253 643/756/253
f 645/758/252 507/746/252 506/745/252 644/757/252
f 646/759/251 513/760/251 508/747/251 507/746/251 645/758/251
f 508/747/250 513/760/250 514/761/250 509/748/250
f 509/748/249 514/761/249 510/749/249 499/734/249
f 648/762/373 511/750/373 510/749/373 647/763/373
f 649/764/374 512/751/374 511/750/374 648/762/374
f 512/751/375 649/764/375 639/753/375
f 513/760/376 646/759/376 650/765/376
f 514/761/377 513/760/377 650/765/377 651/766/377
f 647/763/378 510/749/378 514/761/378 651/766/378
f 515/767/379 516/768/379 653/769/379 652/770/379
f 516/768/380 654/771/380 653/769/380
f 655/772/381 517/773/381 656/774/381
f 517/773/382 515/767/382 652/770/382 656/774/382
f 515/767/269 518/775/269 519/776/269 516/768/269
f 657/777/267 654/771/267 516/768/267 519/776/267 520/778/267
f 520/778/266 521/779/266 658/780/266 657/777/266
f 521/779/265 522/781/265 659/782/265 658/780/265
f 660/783/264 659/782/264 522/781/264
f 661/784/275 523/785/275 662/786/275
f 523/785/274 524/787/274 663/788/274 662/786/274
f 524/787/273 525/789/273 664/790/273 663/788/273
f 655/772/272 664/790/272 525/789/272 526/791/272 517/773/272
f 517/773/271 526/791/271 518/775/271 515/767/271
f 518/775/282 527/792/282 528/793/282 519/776/282
f 519/776/281 528/793/281 529/794/281 520/778/281
f 520/778/280 529/794/280 530/795/280 521/779/280
f 521/779/279 530/795/279 531/796/279 522/781/279
f 665/797/278 660/783/278 522/781/278 531/796/278 532/798/278
f 532/798/277 533/799/277 666/800/277 665/797/277
f 533/801/288 534/802/288 667/803/288 666/804/288
f 661/784/287 667/803/287 534/802/287 535/805/287 523/785/287
f 523/785/286 535/805/286 536/806/286 524/787/286
f 524/787/285 536/806/285 537/807/285 525/789/285
f 525/789/284 537/807/284 538/808/284 526/791/284
f 526/791/283 538/808/283 527/792/283 518/775/283
f 527/792/294 539/809/294 540/810/294 528/793/294
f 528/793/293 540/810/293 541/811/293 529/794/293
f 529/794/292 541/811/292 542/812/292 530/795/292
f 530/795/291 542/812/291 543/813/291 531/796/291
f 531/796/290 543/813/290 544/814/290 532/798/290
f 532/798/289 544/814/289 545/815/289 533/799/289
f 533/801/300 545/816/300 546/817/300 534/802/300
f 534/802/299 546/817/299 547/818/299 535/805/299
f 535/805/298 547/818/298 548/819/298 536/806/298
f 536/806/297 548/819/297 549/820/297 537/807/297
f 537/807/296 549/820/296 550/821/296 538/808/296
f 538/808/295 550/821/295 539/809/295 527/792/295
f 539/809/306 551/822/306 552/823/306 540/810/306
f 540/810/305 552/823/305 553/824/305 541/811/305
f 541/811/304 553/824/304 554/825/304 542/812/304
f 542/812/303 554/825/303 555/826/303 543/813/303
f 543/813/302 555/826/302 556/827/302 544/814/302
f 544/814/301 556/827/301 557/828/301 545/815/301
f 545/816/312 557/829/312 558/830/312 546/817/312
f 546/817/311 558/830/311 559/831/311 547/818/311
f 547/818/310 559/831/310 560/832/310 548/819/310
f 548/819/309 560/832/309 561/833/309 549/820/309
f 549/820/308 561/833/308 562/834/308 550/821/308
f 550/821/307 562/834/307 551/822/307 539/809/307
f 551/822/318 563/835/318 564/836/318 552/823/318
f 552/823/317 564/836/317 565/837/317 553/824/317
f 553/824/316 565/837/316 566/838/316 554/825/316
f 554/825/315 566/838/315 567/839/315 555/826/315
f 555/826/314 567/839/314 568/840/314 556/827/314
f 556/827/313 568/840/313 569/841/313 557/828/313
f 557/829/324 569/842/324 570/843/324 558/830/324
f 558/830/323 570/843/323 571/844/323 559/831/323
f 559/831/322 571/844/322 572/845/322 560/832/322
f 560/832/321 572/845/321 573/846/321 561/833/321
f 561/833/320 573/846/320 574/847/320 562/834/320
f 562/834/319 574/847/319 563/835/319 551/822/319
f 563/835/330 575/848/330 576/849/330 564/836/330
f 564/836/329 576/849/329 577/850/329 565/837/329
f 565/837/328 577/850/328 578/851/328 566/838/328
f 566/838/327 578/851/327 579/852/327 567/839/327
f 567/839/326 579/852/326 580/853/326 568/840/326
f 568/840/325 580/853/325 581/854/325 569/841/325
f 569/842/336 581/855/336 582/856/336 570/843/336
f 570/843/335 582/856/335 583/857/335 571/844/335
f 571/844/334 583/857/334 584/858/334 572/845/334
f 572/845/333 584/858/333 585/859/333 573/846/333
f 573/846/332 585/859/332 586/860/332 574/847/332
f 574/847/331 586/860/331 575/848/331 563/835/331
f 575/848/342 587/861/342 588/862/342 576/849/342
f 576/849/341 588/862/341 589/863/341 577/850/341
f 577/850/340 589/863/340 590/864/340 578/851/340
f 578/851/339 590/864/339 591/865/339 579/852/339
f 579/852/338 591/865/338 592/866/338 580/853/338
f 580/853/337 592/866/337 593/867/337 581/854/337
f 581/855/348 593/868/348 594/869/348 582/856/348
f 582/856/347 594/869/347 595/870/347 583/857/347
f 583/857/346 595/870/346 596/871/346 584/858/346
f 584/858/345 596/871/345 597/872/345 585/859/345
f 585/859/344 597/872/344 598/873/344 586/860/344
f 586/860/343 598/873/343 587/861/343 575/848/343
f 587/861/354 599/874/354 600/875/354 588/862/354
f 588/862/353 600/875/353 601/876/353 589/863/353
f 622/877/352 623/878/352 590/864/352 589/863/352 601/876/352
f 624/879/351 591/865/351 590/864/351 623/878/351
f 625/880/350 592/866/350 591/865/350 624/879/350
f 626/881/349 593/867/349 592/866/349 625/880/349
f 627/882/360 594/869/360 593/868/360 626/883/360
f 595/870/359 594/869/359 627/882/359 628/884/359
f 596/871/358 595/870/358 628/884/358 629/885/358
f 629/885/357 630/886/357 602/887/357 597/872/357 596/871/357
f 597/872/356 602/887/356 603/888/356 598/873/356
f 598/873/355 603/888/355 599/874/355 587/861/355
f 632/889/383 600/875/383 599/874/383 631/890/383
f 633/891/365 601/876/365 600/875/365 632/889/365
f 622/877/364 601/876/364 633/891/364
f 602/887/367 630/886/367 634/892/367
f 603/888/366 602/887/366 634/892/366 635/893/366
f 631/890/384 599/874/384 603/888/384 635/893/384
f 620/894/385 618/895/385 619/896/385
f 607/897/386 608/898/386 604/899/386 605/900/386 606/901/386 609/902/386 610/903/386 611/904/386 612/905/386 617/906/386 618/895/386 620/894/386 621/907/386 613/908/386 614/909/386 615/910/386 616/911/386
f 634/912/387 630/913/387 629/914/387 628/915/387 627/916/387 626/917/387 625/918/387 624/919/387 623/920/387 622/921/387 633/922/387 632/923/387 631/924/387 635/925/387
f 638/926/385 637/927/385 636/928/385 642/929/385 641/930/385 640/931/385 639/932/385 649/933/385 648/934/385 647/935/385 651/936/385 650/937/385 646/938/385 645/939/385 644/940/385 643/941/385
f 664/942/388 655/943/388 656/944/388 652/945/388 653/946/388 654/947/388 657/948/388 658/949/388 659/950/388 660/951/388 665/952/388 666/953/388 667/954/388 661/955/388 662/956/388 663/957/388
f 679/958/386 678/959/386 672/960/386 671/961/386 670/962/386 669/963/386 668/964/386 677/965/386 676/966/386 675/967/386 674/968/386 673/969/386 681/970/386 680/971/386
f 693/972/388 694/973/388 695/974/388
f 689/975/387 690/976/387 682/977/387 683/978/387 684/979/387 685/980/387 686/981/387 691/982/387 692/983/387 693/972/387 695/974/387 696/984/387 697/985/387 687/986/387 688/987/387
f 719/988/385 720/989/385 723/990/385 724/991/385 725/992/385 726/993/385 727/994/385 736/995/385 737/996/385 730/997/385 732/998/385 733/999/385 734/1000/385 735/1001/385 721/1002/385 722/1003/385 718/1004/385
f 712/1005/388 711/1006/388 710/1007/388 701/1008/388 702/1009/388 699/1010/388 700/1011/388 708/1012/388 707/1013/388 706/1014/388 705/1015/388 704/1016/388 716/1017/388 715/1018/388 717/1019/388 714/1020/388 713/1021/388
f 709/1022/387 698/1023/387 699/1010/387 702/1009/387 703/1024/387
f 731/1025/387 737/1026/387 736/1027/387 728/1028/387 729/1029/387
o Plane
v -90.515404 3.486685 -61.697247
v -90.515404 -0.175942 -61.697247
v -93.228035 3.486685 -61.697247
v -93.228035 -0.175942 -61.697247
vn -0.0000 -0.0000 -1.0000
vt 0.000000 0.000000
vt 1.000000 0.000000
vt 1.000000 1.000000
vt 0.000000 1.000000
s 0
usemtl Material.002
f 738/1030/389 739/1031/389 741/1032/389 740/1033/389
o Cube.015
v -8.629932 0.221549 -13.597076
v -8.629932 3.698230 -13.597076
v -6.298299 0.221549 -15.892620
v -6.298299 3.698230 -15.892620
v -4.053988 0.221549 -8.949190
v -4.053988 3.698230 -8.949190
v -1.722354 0.221549 -11.244734
v -1.722354 3.698230 -11.244734
vn -0.7016 -0.0000 -0.7126
vn 0.7126 -0.0000 -0.7016
vn 0.7016 -0.0000 0.7126
vn -0.7126 -0.0000 0.7016
vn -0.0000 -1.0000 -0.0000
vn -0.0000 1.0000 -0.0000
vt 0.375000 0.000000
vt 0.625000 0.000000
vt 0.625000 0.250000
vt 0.375000 0.250000
vt 0.625000 0.500000
vt 0.375000 0.500000
vt 0.625000 0.750000
vt 0.375000 0.750000
vt 0.625000 1.000000
vt 0.375000 1.000000
vt 0.125000 0.500000
vt 0.125000 0.750000
vt 0.875000 0.500000
vt 0.875000 0.750000
s 0
f 742/1034/390 743/1035/390 745/1036/390 744/1037/390
f 744/1037/391 745/1036/391 749/1038/391 748/1039/391
f 748/1039/392 749/1038/392 747/1040/392 746/1041/392
f 746/1041/393 747/1040/393 743/1042/393 742/1043/393
f 744/1044/394 748/1039/394 746/1041/394 742/1045/394
f 749/1038/395 745/1046/395 743/1047/395 747/1040/395
o Cube.016
v -11.437717 0.064401 16.450348
v -11.437717 4.219353 16.450348
v -11.437717 0.064401 7.922395
v -11.437717 4.219353 7.922395
v -0.240403 0.064401 16.450348
v -0.240403 4.219353 16.450348
v -0.240403 0.064401 7.922395
v -0.240403 4.219353 7.922395
vn -1.0000 -0.0000 -0.0000
vn -0.0000 -0.0000 -1.0000
vn 1.0000 -0.0000 -0.0000
vn -0.0000 -0.0000 1.0000
vn -0.0000 -1.0000 -0.0000
vn -0.0000 1.0000 -0.0000
vt 0.375000 0.000000
vt 0.625000 0.000000
vt 0.625000 0.250000
vt 0.375000 0.250000
vt 0.625000 0.500000
vt 0.375000 0.500000
vt 0.625000 0.750000
vt 0.375000 0.750000
vt 0.625000 1.000000
vt 0.375000 1.000000
vt 0.125000 0.500000
vt 0.125000 0.750000
vt 0.875000 0.500000
vt 0.875000 0.750000
s 0
f 750/1048/396 751/1049/396 753/1050/396 752/1051/396
f 752/1051/397 753/1050/397 757/1052/397 756/1053/397
f 756/1053/398 757/1052/398 755/1054/398 754/1055/398
f 754/1055/399 755/1054/399 751/1056/399 750/1057/399
f 752/1058/400 756/1053/400 754/1055/400 750/1059/400
f 757/1052/401 753/1060/401 751/1061/401 755/1054/401
o Plane.001
v -65.374374 0.000000 -15.572446
v -65.305145 0.000000 -18.826210
v -42.321075 0.000000 -18.826210
v -42.390308 0.000000 2.704045
v -65.305145 0.000000 -18.826210
v -65.374374 0.000000 -15.572446
v -45.644077 0.000000 2.704045
v -45.713303 0.000000 -15.572446
v -42.321075 0.000000 -18.826210
v -42.390308 0.000000 2.704045
v -45.644077 0.000000 2.704045
v -45.713303 0.000000 -15.572446
v -65.305145 2.290529 -18.826210
v -65.374374 2.290529 -15.572446
v -42.321075 2.290529 -18.826210
v -42.390308 2.290529 2.704045
v -45.644077 2.290529 2.704045
v -45.713303 2.290529 -15.572446
vn -0.0000 1.0000 -0.0000
vn 0.9998 -0.0000 0.0213
vn -0.0000 -1.0000 -0.0000
vn -0.0000 -0.0000 -1.0000
vn -1.0000 -0.0000 -0.0032
vn -0.0000 -0.0000 1.0000
vn 1.0000 -0.0000 -0.0038
vt 0.000000 0.000000
s 0
f 758/1062/402 765/1062/402 764/1062/402 761/1062/402 760/1062/402 759/1062/402
f 760/1062/402 761/1062/402 767/1062/402 766/1062/402
f 758/1062/402 759/1062/402 762/1062/402 763/1062/402
f 763/1062/403 762/1062/403 770/1062/403 771/1062/403
f 761/1062/402 764/1062/402 768/1062/402 767/1062/402
f 765/1062/402 758/1062/402 763/1062/402 769/1062/402
f 764/1062/402 765/1062/402 769/1062/402 768/1062/402
f 759/1062/402 760/1062/402 766/1062/402 762/1062/402
f 771/1062/404 770/1062/404 772/1062/404 773/1062/404 774/1062/404 775/1062/404
f 769/1062/405 763/1062/405 771/1062/405 775/1062/405
f 767/1062/405 768/1062/405 774/1062/405 773/1062/405
f 766/1062/406 767/1062/406 773/1062/406 772/1062/406
f 762/1062/407 766/1062/407 772/1062/407 770/1062/407
f 768/1062/408 769/1062/408 775/1062/408 774/1062/408
o Plane.002
v -69.883118 -0.102090 26.044157
v -69.952347 -0.102092 29.297920
v -92.936417 -0.102101 29.297920
v -92.867188 -0.102093 7.767666
v -69.952347 -0.102092 29.297920
v -69.883118 -0.102090 26.044157
v -89.613419 -0.102092 7.767666
v -89.544189 -0.102098 26.044157
v -92.936417 -0.102101 29.297920
v -92.867188 -0.102093 7.767666
v -89.613419 -0.102092 7.767666
v -89.544189 -0.102098 26.044157
v -69.952347 2.188438 29.297920
v -69.883118 2.188439 26.044159
v -92.936417 2.188429 29.297920
v -92.867188 2.188436 7.767667
v -89.613419 2.188437 7.767667
v -89.544189 2.188431 26.044159
vn -0.0000 1.0000 -0.0000
vn -0.9998 -0.0000 -0.0213
vn -0.0000 -1.0000 -0.0000
vn -0.0000 -0.0000 1.0000
vn 1.0000 -0.0000 0.0032
vn -0.0000 -0.0000 -1.0000
vn -1.0000 -0.0000 0.0038
vt 0.000000 0.000000
s 0
f 776/1063/409 783/1063/409 782/1063/409 779/1063/409 778/1063/409 777/1063/409
f 778/1063/409 779/1063/409 785/1063/409 784/1063/409
f 776/1063/409 777/1063/409 780/1063/409 781/1063/409
f 781/1063/410 780/1063/410 788/1063/410 789/1063/410
f 779/1063/409 782/1063/409 786/1063/409 785/1063/409
f 783/1063/409 776/1063/409 781/1063/409 787/1063/409
f 782/1063/409 783/1063/409 787/1063/409 786/1063/409
f 777/1063/409 778/1063/409 784/1063/409 780/1063/409
f 789/1063/411 788/1063/411 790/1063/411 791/1063/411 792/1063/411 793/1063/411
f 787/1063/412 781/1063/412 789/1063/412 793/1063/412
f 785/1063/412 786/1063/412 792/1063/412 791/1063/412
f 784/1063/413 785/1063/413 791/1063/413 790/1063/413
f 780/1063/414 784/1063/414 790/1063/414 788/1063/414
f 786/1063/415 787/1063/415 793/1063/415 792/1063/415
o Plane.003
v -65.212746 1.902989 26.314369
v -65.143517 1.902988 29.568134
v -42.159447 1.902988 29.568134
v -42.228680 1.902995 8.037878
v -65.143517 1.902988 29.568134
v -65.212746 1.902989 26.314369
v -45.482449 1.902995 8.037878
v -45.551674 1.902989 26.314369
v -42.159447 1.902988 29.568134
v -42.228680 1.902995 8.037878
v -45.482449 1.902995 8.037878
v -45.551674 1.902989 26.314369
v -65.143517 -0.387541 29.568134
v -65.212746 -0.387540 26.314369
v -42.159447 -0.387541 29.568134
v -42.228680 -0.387534 8.037877
v -45.482449 -0.387534 8.037877
v -45.551674 -0.387540 26.314369
vn -0.0000 -1.0000 -0.0000
vn 0.9998 -0.0000 -0.0213
vn -0.0000 1.0000 -0.0000
vn -0.0000 -0.0000 1.0000
vn -1.0000 -0.0000 0.0032
vn -0.0000 -0.0000 -1.0000
vn 1.0000 -0.0000 0.0038
vt 0.000000 0.000000
s 0
f 794/1064/416 801/1064/416 800/1064/416 797/1064/416 796/1064/416 795/1064/416
f 796/1064/416 797/1064/416 803/1064/416 802/1064/416
f 794/1064/416 795/1064/416 798/1064/416 799/1064/416
f 799/1064/417 798/1064/417 806/1064/417 807/1064/417
f 797/1064/416 800/1064/416 804/1064/416 803/1064/416
f 801/1064/416 794/1064/416 799/1064/416 805/1064/416
f 800/1064/416 801/1064/416 805/1064/416 804/1064/416
f 795/1064/416 796/1064/416 802/1064/416 798/1064/416
f 807/1064/418 806/1064/418 808/1064/418 809/1064/418 810/1064/418 811/1064/418
f 805/1064/419 799/1064/419 807/1064/419 811/1064/419
f 803/1064/419 804/1064/419 810/1064/419 809/1064/419
f 802/1064/420 803/1064/420 809/1064/420 808/1064/420
f 798/1064/421 802/1064/421 808/1064/421 806/1064/421
f 804/1064/422 805/1064/422 811/1064/422 810/1064/422
o Plane.004
v -70.508667 1.772012 -15.942546
v -70.577896 1.772012 -19.196310
v -93.561966 1.772020 -19.196310
v -93.492737 1.772020 2.333945
v -70.577896 1.772012 -19.196310
v -70.508667 1.772012 -15.942546
v -90.238968 1.772019 2.333945
v -90.169739 1.772019 -15.942546
v -93.561966 1.772020 -19.196310
v -93.492737 1.772020 2.333945
v -90.238968 1.772019 2.333945
v -90.169739 1.772019 -15.942546
v -70.577896 -0.518517 -19.196310
v -70.508667 -0.518517 -15.942546
v -93.561966 -0.518510 -19.196310
v -93.492737 -0.518510 2.333945
v -90.238968 -0.518511 2.333945
v -90.169739 -0.518511 -15.942546
vn -0.0000 -1.0000 -0.0000
vn -0.9998 -0.0000 0.0213
vn -0.0000 1.0000 -0.0000
vn -0.0000 -0.0000 -1.0000
vn 1.0000 -0.0000 -0.0032
vn -0.0000 -0.0000 1.0000
vn -1.0000 -0.0000 -0.0038
vt 0.000000 0.000000
s 0
f 812/1065/423 819/1065/423 818/1065/423 815/1065/423 814/1065/423 813/1065/423
f 814/1065/423 815/1065/423 821/1065/423 820/1065/423
f 812/1065/423 813/1065/423 816/1065/423 817/1065/423
f 817/1065/424 816/1065/424 824/1065/424 825/1065/424
f 815/1065/423 818/1065/423 822/1065/423 821/1065/423
f 819/1065/423 812/1065/423 817/1065/423 823/1065/423
f 818/1065/423 819/1065/423 823/1065/423 822/1065/423
f 813/1065/423 814/1065/423 820/1065/423 816/1065/423
f 825/1065/425 824/1065/425 826/1065/425 827/1065/425 828/1065/425 829/1065/425
f 823/1065/426 817/1065/426 825/1065/426 829/1065/426
f 821/1065/426 822/1065/426 828/1065/426 827/1065/426
f 820/1065/427 821/1065/427 827/1065/427 826/1065/427
f 816/1065/428 820/1065/428 826/1065/428 824/1065/428
f 822/1065/429 823/1065/429 829/1065/429 828/1065/429
o Cube.017
v 48.329575 -1.000000 -8.549484
v 48.329575 1.000000 -8.549484
v 48.329575 -1.000000 -11.648886
v 48.329575 1.000000 -11.648886
v 66.444885 -1.000000 -8.549484
v 66.444885 1.000000 -8.549484
v 66.444885 -1.000000 -11.648886
v 66.444885 1.000000 -11.648886
vn -1.0000 -0.0000 -0.0000
vn -0.0000 -0.0000 -1.0000
vn 1.0000 -0.0000 -0.0000
vn -0.0000 -0.0000 1.0000
vn -0.0000 -1.0000 -0.0000
vn -0.0000 1.0000 -0.0000
vt 0.375000 0.000000
vt 0.625000 0.000000
vt 0.625000 0.250000
vt 0.375000 0.250000
vt 0.625000 0.500000
vt 0.375000 0.500000
vt 0.625000 0.750000
vt 0.375000 0.750000
vt 0.625000 1.000000
vt 0.375000 1.000000
vt 0.125000 0.500000
vt 0.125000 0.750000
vt 0.875000 0.500000
vt 0.875000 0.750000
s 0
f 830/1066/430 831/1067/430 833/1068/430 832/1069/430
f 832/1069/431 833/1068/431 837/1070/431 836/1071/431
f 836/1071/432 837/1070/432 835/1072/432 834/1073/432
f 834/1073/433 835/1072/433 831/1074/433 830/1075/433
f 832/1076/434 836/1071/434 834/1073/434 830/1077/434
f 837/1070/435 833/1078/435 831/1079/435 835/1072/435
o Cube.018
v 48.358833 -1.000000 11.574836
v 48.358833 1.000000 11.574836
v 48.358833 -1.000000 8.448928
v 48.358833 1.000000 8.448928
v 66.581779 -1.000000 11.574836
v 66.581779 1.000000 11.574836
v 66.581779 -1.000000 8.448928
v 66.581779 1.000000 8.448928
vn -1.0000 -0.0000 -0.0000
vn -0.0000 -0.0000 -1.0000
vn 1.0000 -0.0000 -0.0000
vn -0.0000 -0.0000 1.0000
vn -0.0000 -1.0000 -0.0000
vn -0.0000 1.0000 -0.0000
vt 0.375000 0.000000
vt 0.625000 0.000000
vt 0.625000 0.250000
vt 0.375000 0.250000
vt 0.625000 0.500000
vt 0.375000 0.500000
vt 0.625000 0.750000
vt 0.375000 0.750000
vt 0.625000 1.000000
vt 0.375000 1.000000
vt 0.125000 0.500000
vt 0.125000 0.750000
vt 0.875000 0.500000
vt 0.875000 0.750000
s 0
f 838/1080/436 839/1081/436 841/1082/436 840/1083/436
f 840/1083/437 841/1082/437 845/1084/437 844/1085/437
f 844/1085/438 845/1084/438 843/1086/438 842/1087/438
f 842/1087/439 843/1086/439 839/1088/439 838/1089/439
f 840/1090/440 844/1085/440 842/1087/440 838/1091/440
f 845/1084/441 841/1092/441 839/1093/441 843/1086/441
o Cube.019
v 54.331352 -0.337381 -11.965977
v 54.331352 0.337381 -11.965977
v 54.331352 -0.337381 -13.011654
v 54.331352 0.337381 -13.011654
v 60.443108 -0.337381 -11.965977
v 60.443108 0.337381 -11.965977
v 60.443108 -0.337381 -13.011654
v 60.443108 0.337381 -13.011654
vn -1.0000 -0.0000 -0.0000
vn -0.0000 -0.0000 -1.0000
vn 1.0000 -0.0000 -0.0000
vn -0.0000 -0.0000 1.0000
vn -0.0000 -1.0000 -0.0000
vn -0.0000 1.0000 -0.0000
vt 0.375000 0.000000
vt 0.625000 0.000000
vt 0.625000 0.250000
vt 0.375000 0.250000
vt 0.625000 0.500000
vt 0.375000 0.500000
vt 0.625000 0.750000
vt 0.375000 0.750000
vt 0.625000 1.000000
vt 0.375000 1.000000
vt 0.125000 0.500000
vt 0.125000 0.750000
vt 0.875000 0.500000
vt 0.875000 0.750000
s 0
f 846/1094/442 847/1095/442 849/1096/442 848/1097/442
f 848/1097/443 849/1096/443 853/1098/443 852/1099/443
f 852/1099/444 853/1098/444 851/1100/444 850/1101/444
f 850/1101/445 851/1100/445 847/1102/445 846/1103/445
f 848/1104/446 852/1099/446 850/1101/446 846/1105/446
f 853/1098/447 849/1106/447 847/1107/447 851/1100/447
o Cube.020
v 54.331352 -0.337381 12.872576
v 54.331352 0.337381 12.872576
v 54.331352 -0.337381 11.826899
v 54.331352 0.337381 11.826899
v 60.443108 -0.337381 12.872576
v 60.443108 0.337381 12.872576
v 60.443108 -0.337381 11.826899
v 60.443108 0.337381 11.826899
vn -1.0000 -0.0000 -0.0000
vn -0.0000 -0.0000 -1.0000
vn 1.0000 -0.0000 -0.0000
vn -0.0000 -0.0000 1.0000
vn -0.0000 -1.0000 -0.0000
vn -0.0000 1.0000 -0.0000
vt 0.375000 0.000000
vt 0.625000 0.000000
vt 0.625000 0.250000
vt 0.375000 0.250000
vt 0.625000 0.500000
vt 0.375000 0.500000
vt 0.625000 0.750000
vt 0.375000 0.750000
vt 0.625000 1.000000
vt 0.375000 1.000000
vt 0.125000 0.500000
vt 0.125000 0.750000
vt 0.875000 0.500000
vt 0.875000 0.750000
s 0
f 854/1108/448 855/1109/448 857/1110/448 856/1111/448
f 856/1111/449 857/1110/449 861/1112/449 860/1113/449
f 860/1113/450 861/1112/450 859/1114/450 858/1115/450
f 858/1115/451 859/1114/451 855/1116/451 854/1117/451
f 856/1118/452 860/1113/452 858/1115/452 854/1119/452
f 861/1112/453 857/1120/453 855/1121/453 859/1114/453
o Cylinder.001
v 59.505466 -0.090510 -6.171497
v 59.505466 12.252483 -6.171497
v 60.709465 -0.090510 -6.052913
v 60.709465 12.252483 -6.052913
v 61.867195 -0.090510 -5.701719
v 61.867195 12.252483 -5.701719
v 62.934166 -0.090510 -5.131412
v 62.934166 12.252483 -5.131412
v 63.869373 -0.090510 -4.363907
v 63.869373 12.252483 -4.363907
v 64.636879 -0.090510 -3.428700
v 64.636879 12.252483 -3.428700
v 65.207184 -0.090510 -2.361730
v 65.207184 12.252483 -2.361730
v 65.558380 -0.090510 -1.203999
v 65.558380 12.252483 -1.203999
v 65.676964 -0.090510 0.000000
v 65.676964 12.252483 0.000000
v 65.558380 -0.090510 1.203999
v 65.558380 12.252483 1.203999
v 65.207184 -0.090510 2.361730
v 65.207184 12.252483 2.361730
v 64.636879 -0.090510 3.428700
v 64.636879 12.252483 3.428700
v 63.869373 -0.090510 4.363907
v 63.869373 12.252483 4.363907
v 62.934166 -0.090510 5.131412
v 62.934166 12.252483 5.131412
v 61.867195 -0.090510 5.701719
v 61.867195 12.252483 5.701719
v 60.709465 -0.090510 6.052913
v 60.709465 12.252483 6.052913
v 59.505466 -0.090510 6.171497
v 59.505466 12.252483 6.171497
v 58.301468 -0.090510 6.052913
v 58.301468 12.252483 6.052913
v 57.143738 -0.090510 5.701719
v 57.143738 12.252483 5.701719
v 56.076767 -0.090510 5.131412
v 56.076767 12.252483 5.131412
v 55.141560 -0.090510 4.363907
v 55.141560 12.252483 4.363907
v 54.374054 -0.090510 3.428700
v 54.374054 12.252483 3.428700
v 53.803749 -0.090510 2.361730
v 53.803749 12.252483 2.361730
v 53.452553 -0.090510 1.203999
v 53.452553 12.252483 1.203999
v 53.333969 -0.090510 0.000000
v 53.333969 12.252483 0.000000
v 53.452553 -0.090510 -1.203999
v 53.452553 12.252483 -1.203999
v 53.803749 -0.090510 -2.361730
v 53.803749 12.252483 -2.361730
v 54.374054 -0.090510 -3.428700
v 54.374054 12.252483 -3.428700
v 55.141560 -0.090510 -4.363907
v 55.141560 12.252483 -4.363907
v 56.076767 -0.090510 -5.131412
v 56.076767 12.252483 -5.131412
v 57.143738 -0.090510 -5.701719
v 57.143738 12.252483 -5.701719
v 58.301468 -0.090510 -6.052913
v 58.301468 12.252483 -6.052913
vn 0.0980 -0.0000 -0.9952
vn 0.2903 -0.0000 -0.9569
vn 0.4714 -0.0000 -0.8819
vn 0.6344 -0.0000 -0.7730
vn 0.7730 -0.0000 -0.6344
vn 0.8819 -0.0000 -0.4714
vn 0.9569 -0.0000 -0.2903
vn 0.9952 -0.0000 -0.0980
vn 0.9952 -0.0000 0.0980
vn 0.9569 -0.0000 0.2903
vn 0.8819 -0.0000 0.4714
vn 0.7730 -0.0000 0.6344
vn 0.6344 -0.0000 0.7730
vn 0.4714 -0.0000 0.8819
vn 0.2903 -0.0000 0.9569
vn 0.0980 -0.0000 0.9952
vn -0.0980 -0.0000 0.9952
vn -0.2903 -0.0000 0.9569
vn -0.4714 -0.0000 0.8819
vn -0.6344 -0.0000 0.7730
vn -0.7730 -0.0000 0.6344
vn -0.8819 -0.0000 0.4714
vn -0.9569 -0.0000 0.2903
vn -0.9952 -0.0000 0.0980
vn -0.9952 -0.0000 -0.0980
vn -0.9569 -0.0000 -0.2903
vn -0.8819 -0.0000 -0.4714
vn -0.7730 -0.0000 -0.6344
vn -0.6344 -0.0000 -0.7730
vn -0.4714 -0.0000 -0.8819
vn -0.0000 1.0000 -0.0000
vn -0.2903 -0.0000 -0.9569
vn -0.0980 -0.0000 -0.9952
vn -0.0000 -1.0000 -0.0000
vt 1.000000 0.500000
vt 1.000000 1.000000
vt 0.968750 1.000000
vt 0.968750 0.500000
vt 0.937500 1.000000
vt 0.937500 0.500000
vt 0.906250 1.000000
vt 0.906250 0.500000
vt 0.875000 1.000000
vt 0.875000 0.500000
vt 0.843750 1.000000
vt 0.843750 0.500000
vt 0.812500 1.000000
vt 0.812500 0.500000
vt 0.781250 1.000000
vt 0.781250 0.500000
vt 0.750000 1.000000
vt 0.750000 0.500000
vt 0.718750 1.000000
vt 0.718750 0.500000
vt 0.687500 1.000000
vt 0.687500 0.500000
vt 0.656250 1.000000
vt 0.656250 0.500000
vt 0.625000 1.000000
vt 0.625000 0.500000
vt 0.593750 1.000000
vt 0.593750 0.500000
vt 0.562500 1.000000
vt 0.562500 0.500000
vt 0.531250 1.000000
vt 0.531250 0.500000
vt 0.500000 1.000000
vt 0.500000 0.500000
vt 0.468750 1.000000
vt 0.468750 0.500000
vt 0.437500 1.000000
vt 0.437500 0.500000
vt 0.406250 1.000000
vt 0.406250 0.500000
vt 0.375000 1.000000
vt 0.375000 0.500000
vt 0.343750 1.000000
vt 0.343750 0.500000
vt 0.312500 1.000000
vt 0.312500 0.500000
vt 0.281250 1.000000
vt 0.281250 0.500000
vt 0.250000 1.000000
vt 0.250000 0.500000
vt 0.218750 1.000000
vt 0.218750 0.500000
vt 0.187500 1.000000
vt 0.187500 0.500000
vt 0.156250 1.000000
vt 0.156250 0.500000
vt 0.125000 1.000000
vt 0.125000 0.500000
vt 0.093750 1.000000
vt 0.093750 0.500000
vt 0.062500 1.000000
vt 0.062500 0.500000
vt 0.296822 0.485388
vt 0.250000 0.490000
vt 0.203178 0.485388
vt 0.158156 0.471731
vt 0.116663 0.449553
vt 0.080294 0.419706
vt 0.050447 0.383337
vt 0.028269 0.341844
vt 0.014612 0.296822
vt 0.010000 0.250000
vt 0.014612 0.203178
vt 0.028269 0.158156
vt 0.050447 0.116663
vt 0.080294 0.080294
vt 0.116663 0.050447
vt 0.158156 0.028269
vt 0.203178 0.014612
vt 0.250000 0.010000
vt 0.296822 0.014612
vt 0.341844 0.028269
vt 0.383337 0.050447
vt 0.419706 0.080294
vt 0.449553 0.116663
vt 0.471731 0.158156
vt 0.485388 0.203178
vt 0.490000 0.250000
vt 0.485388 0.296822
vt 0.471731 0.341844
vt 0.449553 0.383337
vt 0.419706 0.419706
vt 0.383337 0.449553
vt 0.341844 0.471731
vt 0.031250 1.000000
vt 0.031250 0.500000
vt 0.000000 1.000000
vt 0.000000 0.500000
vt 0.750000 0.490000
vt 0.796822 0.485388
vt 0.841844 0.471731
vt 0.883337 0.449553
vt 0.919706 0.419706
vt 0.949553 0.383337
vt 0.971731 0.341844
vt 0.985388 0.296822
vt 0.990000 0.250000
vt 0.985388 0.203178
vt 0.971731 0.158156
vt 0.949553 0.116663
vt 0.919706 0.080294
vt 0.883337 0.050447
vt 0.841844 0.028269
vt 0.796822 0.014612
vt 0.750000 0.010000
vt 0.703178 0.014612
vt 0.658156 0.028269
vt 0.616663 0.050447
vt 0.580294 0.080294
vt 0.550447 0.116663
vt 0.528269 0.158156
vt 0.514612 0.203178
vt 0.510000 0.250000
vt 0.514612 0.296822
vt 0.528269 0.341844
vt 0.550447 0.383337
vt 0.580294 0.419706
vt 0.616663 0.449553
vt 0.658156 0.471731
vt 0.703178 0.485388
s 0
f 862/1122/454 863/1123/454 865/1124/454 864/1125/454
f 864/1125/455 865/1124/455 867/1126/455 866/1127/455
f 866/1127/456 867/1126/456 869/1128/456 868/1129/456
f 868/1129/457 869/1128/457 871/1130/457 870/1131/457
f 870/1131/458 871/1130/458 873/1132/458 872/1133/458
f 872/1133/459 873/1132/459 875/1134/459 874/1135/459
f 874/1135/460 875/1134/460 877/1136/460 876/1137/460
f 876/1137/461 877/1136/461 879/1138/461 878/1139/461
f 878/1139/462 879/1138/462 881/1140/462 880/1141/462
f 880/1141/463 881/1140/463 883/1142/463 882/1143/463
f 882/1143/464 883/1142/464 885/1144/464 884/1145/464
f 884/1145/465 885/1144/465 887/1146/465 886/1147/465
f 886/1147/466 887/1146/466 889/1148/466 888/1149/466
f 888/1149/467 889/1148/467 891/1150/467 890/1151/467
f 890/1151/468 891/1150/468 893/1152/468 892/1153/468
f 892/1153/469 893/1152/469 895/1154/469 894/1155/469
f 894/1155/470 895/1154/470 897/1156/470 896/1157/470
f 896/1157/471 897/1156/471 899/1158/471 898/1159/471
f 898/1159/472 899/1158/472 901/1160/472 900/1161/472
f 900/1161/473 901/1160/473 903/1162/473 902/1163/473
f 902/1163/474 903/1162/474 905/1164/474 904/1165/474
f 904/1165/475 905/1164/475 907/1166/475 906/1167/475
f 906/1167/476 907/1166/476 909/1168/476 908/1169/476
f 908/1169/477 909/1168/477 911/1170/477 910/1171/477
f 910/1171/478 911/1170/478 913/1172/478 912/1173/478
f 912/1173/479 913/1172/479 915/1174/479 914/1175/479
f 914/1175/480 915/1174/480 917/1176/480 916/1177/480
f 916/1177/481 917/1176/481 919/1178/481 918/1179/481
f 918/1179/482 919/1178/482 921/1180/482 920/1181/482
f 920/1181/483 921/1180/483 923/1182/483 922/1183/483
f 865/1184/484 863/1185/484 925/1186/484 923/1187/484 921/1188/484 919/1189/484 917/1190/484 915/1191/484 913/1192/484 911/1193/484 909/1194/484 907/1195/484 905/1196/484 903/1197/484 901/1198/484 899/1199/484 897/1200/484 895/1201/484 893/1202/484 891/1203/484 889/1204/484 887/1205/484 885/1206/484 883/1207/484 881/1208/484 879/1209/484 877/1210/484 875/1211/484 873/1212/484 871/1213/484 869/1214/484 867/1215/484
f 922/1183/485 923/1182/485 925/1216/485 924/1217/485
f 924/1217/486 925/1216/486 863/1218/486 862/1219/486
f 862/1220/487 864/1221/487 866/1222/487 868/1223/487 870/1224/487 872/1225/487 874/1226/487 876/1227/487 878/1228/487 880/1229/487 882/1230/487 884/1231/487 886/1232/487 888/1233/487 890/1234/487 892/1235/487 894/1236/487 896/1237/487 898/1238/487 900/1239/487 902/1240/487 904/1241/487 906/1242/487 908/1243/487 910/1244/487 912/1245/487 914/1246/487 916/1247/487 918/1248/487 920/1249/487 922/1250/487 924/1251/487
o Plane.005
v -93.725426 8.547921 -52.895821
v -92.540276 -8.364678 -52.744576
v -93.819954 8.364678 -72.645767
v -92.634804 -8.547921 -72.494522
vn 0.9975 0.0699 -0.0054
vt 0.000000 0.000000
vt 1.000000 0.000000
vt 1.000000 1.000000
vt 0.000000 1.000000
s 0
f 926/1252/488 927/1253/488 929/1254/488 928/1255/488
o Plane.006
v -90.537521 3.486685 -67.983963
v -90.537521 -0.175942 -67.983963
v -93.250153 3.486685 -67.983963
v -93.250153 -0.175942 -67.983963
vn -0.0000 -0.0000 -1.0000
vt 0.000000 0.000000
vt 1.000000 0.000000
vt 1.000000 1.000000
vt 0.000000 1.000000
s 0
usemtl Material.003
f 930/1256/489 931/1257/489 933/1258/489 932/1259/489
o Plane.007
v -90.504341 3.391791 -68.125008
v -90.504341 -0.270836 -68.125008
v -90.504341 3.391791 -61.790733
v -90.504341 -0.270836 -61.790733
vn -1.0000 -0.0000 -0.0000
vt 0.000000 0.000000
vt 1.000000 0.000000
vt 1.000000 1.000000
vt 0.000000 1.000000
s 0
usemtl Material.004
f 934/1260/490 935/1261/490 937/1262/490 936/1263/490
o Plane.008
v -90.504341 3.391791 -71.024574
v -90.504341 -0.270836 -71.024574
v -90.504341 3.391791 -67.965202
v -90.504341 -0.270836 -67.965202
vn -1.0000 -0.0000 -0.0000
vt 0.000000 0.000000
vt 1.000000 0.000000
vt 1.000000 1.000000
vt 0.000000 1.000000
s 0
usemtl Material.005
f 938/1264/491 939/1265/491 941/1266/491 940/1267/491
o Cube.021
v -73.164001 -1.361048 -65.679909
v -73.164001 1.470596 -65.679909
v -71.801163 -1.361048 -67.973785
v -71.801163 1.470596 -67.973785
v -68.738297 -1.361048 -63.050495
v -68.738297 1.470596 -63.050495
v -67.375458 -1.361048 -65.344368
v -67.375458 1.470596 -65.344368
vn -0.8597 -0.0000 -0.5108
vn 0.5108 -0.0000 -0.8597
vn 0.8597 -0.0000 0.5108
vn -0.5108 -0.0000 0.8597
vn -0.0000 -1.0000 -0.0000
vn -0.0000 1.0000 -0.0000
vt 0.375000 0.000000
vt 0.625000 0.000000
vt 0.625000 0.250000
vt 0.375000 0.250000
vt 0.625000 0.500000
vt 0.375000 0.500000
vt 0.625000 0.750000
vt 0.375000 0.750000
vt 0.625000 1.000000
vt 0.375000 1.000000
vt 0.125000 0.500000
vt 0.125000 0.750000
vt 0.875000 0.500000
vt 0.875000 0.750000
s 0
f 942/1268/492 943/1269/492 945/1270/492 944/1271/492
f 944/1271/493 945/1270/493 949/1272/493 948/1273/493
f 948/1273/494 949/1272/494 947/1274/494 946/1275/494
f 946/1275/495 947/1274/495 943/1276/495 942/1277/495
f 944/1278/496 948/1273/496 946/1275/496 942/1279/496
f 949/1272/497 945/1280/497 943/1281/497 947/1274/497
o Cube.022
v -69.724457 -1.180897 -70.125816
v -69.724457 0.880215 -70.125816
v -69.724457 -1.180897 -72.416618
v -69.724457 0.880215 -72.416618
v -67.404694 -1.180897 -70.125816
v -67.404694 0.880215 -70.125816
v -67.404694 -1.180897 -72.416618
v -67.404694 0.880215 -72.416618
vn -1.0000 -0.0000 -0.0000
vn -0.0000 -0.0000 -1.0000
vn 1.0000 -0.0000 -0.0000
vn -0.0000 -0.0000 1.0000
vn -0.0000 -1.0000 -0.0000
vn -0.0000 1.0000 -0.0000
vt 0.375000 0.000000
vt 0.625000 0.000000
vt 0.625000 0.250000
vt 0.375000 0.250000
vt 0.625000 0.500000
vt 0.375000 0.500000
vt 0.625000 0.750000
vt 0.375000 0.750000
vt 0.625000 1.000000
vt 0.375000 1.000000
vt 0.125000 0.500000
vt 0.125000 0.750000
vt 0.875000 0.500000
vt 0.875000 0.750000
s 0
f 950/1282/498 951/1283/498 953/1284/498 952/1285/498
f 952/1285/499 953/1284/499 957/1286/499 956/1287/499
f 956/1287/500 957/1286/500 955/1288/500 954/1289/500
f 954/1289/501 955/1288/501 951/1290/501 950/1291/501
f 952/1292/502 956/1287/502 954/1289/502 950/1293/502
f 957/1286/503 953/1294/503 951/1295/503 955/1288/503
o Cube.023
v -67.475571 -0.283626 -70.284874
v -67.475571 1.777487 -70.284874
v -67.475571 -0.283626 -72.575676
v -67.475571 1.777487 -72.575676
v -65.155807 -0.283626 -70.284874
v -65.155807 1.777487 -70.284874
v -65.155807 -0.283626 -72.575676
v -65.155807 1.777487 -72.575676
vn -1.0000 -0.0000 -0.0000
vn -0.0000 -0.0000 -1.0000
vn 1.0000 -0.0000 -0.0000
vn -0.0000 -0.0000 1.0000
vn -0.0000 -1.0000 -0.0000
vn -0.0000 1.0000 -0.0000
vt 0.375000 0.000000
vt 0.625000 0.000000
vt 0.625000 0.250000
vt 0.375000 0.250000
vt 0.625000 0.500000
vt 0.375000 0.500000
vt 0.625000 0.750000
vt 0.375000 0.750000
vt 0.625000 1.000000
vt 0.375000 1.000000
vt 0.125000 0.500000
vt 0.125000 0.750000
vt 0.875000 0.500000
vt 0.875000 0.750000
s 0
f 958/1296/504 959/1297/504 961/1298/504 960/1299/504
f 960/1299/505 961/1298/505 965/1300/505 964/1301/505
f 964/1301/506 965/1300/506 963/1302/506 962/1303/506
f 962/1303/507 963/1302/507 959/1304/507 958/1305/507
f 960/1306/508 964/1301/508 962/1303/508 958/1307/508
f 965/1300/509 961/1308/509 959/1309/509 963/1302/509
o Cube.024
v -91.664154 0.178697 -62.067730
v -91.664154 1.491401 -62.067730
v -91.664154 0.178697 -64.598595
v -91.664154 1.491401 -64.598595
v -90.534256 0.178697 -62.067730
v -90.534256 1.491401 -62.067730
v -90.534256 0.178697 -64.598595
v -90.534256 1.491401 -64.598595
vn -1.0000 -0.0000 -0.0000
vn -0.0000 -0.0000 -1.0000
vn 1.0000 -0.0000 -0.0000
vn -0.0000 -0.0000 1.0000
vn -0.0000 -1.0000 -0.0000
vn -0.0000 1.0000 -0.0000
vt 0.375000 0.000000
vt 0.625000 0.000000
vt 0.625000 0.250000
vt 0.375000 0.250000
vt 0.625000 0.500000
vt 0.375000 0.500000
vt 0.625000 0.750000
vt 0.375000 0.750000
vt 0.625000 1.000000
vt 0.375000 1.000000
vt 0.125000 0.500000
vt 0.125000 0.750000
vt 0.875000 0.500000
vt 0.875000 0.750000
s 0
f 966/1310/510 967/1311/510 969/1312/510 968/1313/510
f 968/1313/511 969/1312/511 973/1314/511 972/1315/511
f 972/1315/512 973/1314/512 971/1316/512 970/1317/512
f 970/1317/513 971/1316/513 967/1318/513 966/1319/513
f 968/1320/514 972/1315/514 970/1317/514 966/1321/514
f 973/1314/515 969/1322/515 967/1323/515 971/1316/515
o Cube.025
v -19.651920 -0.290828 -46.902760
v -19.651920 26.738518 -46.902760
v -19.651920 -0.290828 -54.913700
v -19.651920 26.738518 -54.913700
v -15.400265 -0.290828 -46.902760
v -15.400265 26.738518 -46.902760
v -15.400265 -0.290828 -54.913700
v -15.400265 26.738518 -54.913700
vn -1.0000 -0.0000 -0.0000
vn -0.0000 -0.0000 -1.0000
vn 1.0000 -0.0000 -0.0000
vn -0.0000 -0.0000 1.0000
vn -0.0000 -1.0000 -0.0000
vn -0.0000 1.0000 -0.0000
vt 0.375000 0.000000
vt 0.625000 0.000000
vt 0.625000 0.250000
vt 0.375000 0.250000
vt 0.625000 0.500000
vt 0.375000 0.500000
vt 0.625000 0.750000
vt 0.375000 0.750000
vt 0.625000 1.000000
vt 0.375000 1.000000
vt 0.125000 0.500000
vt 0.125000 0.750000
vt 0.875000 0.500000
vt 0.875000 0.750000
s 0
f 974/1324/516 975/1325/516 977/1326/516 976/1327/516
f 976/1327/517 977/1326/517 981/1328/517 980/1329/517
f 980/1329/518 981/1328/518 979/1330/518 978/1331/518
f 978/1331/519 979/1330/519 975/1332/519 974/1333/519
f 976/1334/520 980/1329/520 978/1331/520 974/1335/520
f 981/1328/521 977/1336/521 975/1337/521 979/1330/521
o Cube.026
v -19.651920 -0.290828 -72.875595
v -19.651920 26.738518 -72.875595
v -19.651920 -0.290828 -80.886536
v -19.651920 26.738518 -80.886536
v -15.400265 -0.290828 -72.875595
v -15.400265 26.738518 -72.875595
v -15.400265 -0.290828 -80.886536
v -15.400265 26.738518 -80.886536
vn -1.0000 -0.0000 -0.0000
vn -0.0000 -0.0000 -1.0000
vn 1.0000 -0.0000 -0.0000
vn -0.0000 -0.0000 1.0000
vn -0.0000 -1.0000 -0.0000
vn -0.0000 1.0000 -0.0000
vt 0.375000 0.000000
vt 0.625000 0.000000
vt 0.625000 0.250000
vt 0.375000 0.250000
vt 0.625000 0.500000
vt 0.375000 0.500000
vt 0.625000 0.750000
vt 0.375000 0.750000
vt 0.625000 1.000000
vt 0.375000 1.000000
vt 0.125000 0.500000
vt 0.125000 0.750000
vt 0.875000 0.500000
vt 0.875000 0.750000
s 0
f 982/1338/522 983/1339/522 985/1340/522 984/1341/522
f 984/1341/523 985/1340/523 989/1342/523 988/1343/523
f 988/1343/524 989/1342/524 987/1344/524 986/1345/524
f 986/1345/525 987/1344/525 983/1346/525 982/1347/525
f 984/1348/526 988/1343/526 986/1345/526 982/1349/526
f 989/1342/527 985/1350/527 983/1351/527 987/1344/527
o Cube.027
v -47.887779 -1.066042 -58.187233
v -47.887779 0.933958 -58.187233
v -47.105392 -1.066042 -59.909847
v -47.105392 0.933958 -59.909847
v -45.034248 -1.066042 -56.891201
v -45.034248 0.933958 -56.891201
v -44.251862 -1.066042 -58.613815
v -44.251862 0.933958 -58.613815
vn -0.9105 -0.0000 -0.4135
vn 0.4135 -0.0000 -0.9105
vn 0.9105 -0.0000 0.4135
vn -0.4135 -0.0000 0.9105
vn -0.0000 -1.0000 -0.0000
vn -0.0000 1.0000 -0.0000
vt 0.375000 0.000000
vt 0.625000 0.000000
vt 0.625000 0.250000
vt 0.375000 0.250000
vt 0.625000 0.500000
vt 0.375000 0.500000
vt 0.625000 0.750000
vt 0.375000 0.750000
vt 0.625000 1.000000
vt 0.375000 1.000000
vt 0.125000 0.500000
vt 0.125000 0.750000
vt 0.875000 0.500000
vt 0.875000 0.750000
s 0
f 990/1352/528 991/1353/528 993/1354/528 992/1355/528
f 992/1355/529 993/1354/529 997/1356/529 996/1357/529
f 996/1357/530 997/1356/530 995/1358/530 994/1359/530
f 994/1359/531 995/1358/531 991/1360/531 990/1361/531
f 992/1362/532 996/1357/532 994/1359/532 990/1363/532
f 997/1356/533 993/1364/533 991/1365/533 995/1358/533
o Plane.009
v -39.421993 1.758902 -66.968002
v -39.421993 -0.241098 -66.968002
v -41.870419 1.758902 -70.258499
v -41.870419 -0.241098 -70.258499
vn 0.8023 -0.0000 -0.5970
vt 0.000000 0.000000
vt 1.000000 0.000000
vt 1.000000 1.000000
vt 0.000000 1.000000
s 0
f 998/1366/534 999/1367/534 1001/1368/534 1000/1369/534
o Plane.011
v -50.088116 5.603333 -43.715729
v -50.088116 -0.843940 -43.715729
v -50.088116 5.603333 -46.994377
v -50.088116 -0.843940 -46.994377
vn 1.0000 -0.0000 -0.0000
vt 0.000000 0.000000
vt 1.000000 0.000000
vt 1.000000 1.000000
vt 0.000000 1.000000
s 0
f 1002/1370/535 1003/1371/535 1005/1372/535 1004/1373/535
o Plane.010
v -39.421993 1.758902 -57.607113
v -39.421993 -0.241098 -57.607113
v -41.870419 1.758902 -60.897617
v -41.870419 -0.241098 -60.897617
vn 0.8023 -0.0000 -0.5970
vt 0.000000 0.000000
vt 1.000000 0.000000
vt 1.000000 1.000000
vt 0.000000 1.000000
s 0
f 1006/1374/536 1007/1375/536 1009/1376/536 1008/1377/536
o Plane.012
v -42.061592 1.758902 -62.583923
v -42.061592 -0.241098 -62.583923
v -39.230820 1.758902 -65.551910
v -39.230820 -0.241098 -65.551910
vn 0.7236 -0.0000 0.6902
vt 0.000000 0.000000
vt 1.000000 0.000000
vt 1.000000 1.000000
vt 0.000000 1.000000
s 0
f 1010/1378/537 1011/1379/537 1013/1380/537 1012/1381/537
o Plane.013
v -42.291744 1.416338 8.140113
v -42.291744 -0.583662 8.140113
v -42.267910 1.416338 3.171897
v -42.267910 -0.583662 3.171897
vn 1.0000 -0.0000 0.0048
vt 0.000000 0.000000
vt 1.000000 0.000000
vt 1.000000 1.000000
vt 0.000000 1.000000
s 0
f 1014/1382/538 1015/1383/538 1017/1384/538 1016/1385/538
o Cube.028
v -94.862061 -0.162354 8.280116
v -94.862061 1.837646 8.280116
v -96.223717 -0.162354 2.874425
v -96.223717 1.837646 2.874425
v -92.072456 -0.162354 7.577435
v -92.072456 1.837646 7.577435
v -93.434113 -0.162354 2.171744
v -93.434113 1.837646 2.171744
vn -0.9697 -0.0000 0.2443
vn -0.2443 -0.0000 -0.9697
vn 0.9697 -0.0000 -0.2443
vn 0.2443 -0.0000 0.9697
vn -0.0000 -1.0000 -0.0000
vn -0.0000 1.0000 -0.0000
vt 0.375000 0.000000
vt 0.625000 0.000000
vt 0.625000 0.250000
vt 0.375000 0.250000
vt 0.625000 0.500000
vt 0.375000 0.500000
vt 0.625000 0.750000
vt 0.375000 0.750000
vt 0.625000 1.000000
vt 0.375000 1.000000
vt 0.125000 0.500000
vt 0.125000 0.750000
vt 0.875000 0.500000
vt 0.875000 0.750000
s 0
f 1018/1386/539 1019/1387/539 1021/1388/539 1020/1389/539
f 1020/1389/540 1021/1388/540 1025/1390/540 1024/1391/540
f 1024/1391/541 1025/1390/541 1023/1392/541 1022/1393/541
f 1022/1393/542 1023/1392/542 1019/1394/542 1018/1395/542
f 1020/1396/543 1024/1391/543 1022/1393/543 1018/1397/543
f 1025/1390/544 1021/1398/544 1019/1399/544 1023/1392/544
