# This file uses centimeters as units for non-parametric coordinates.

mtllib tapaAlcantarilla_high.mtl
g default
v 7.003983 0.259207 -7.003983
v 7.079318 0.259207 -7.079318
v 6.839968 0.259207 -7.290858
v 6.772185 0.259207 -7.217154
v -7.003983 0.259207 7.003983
v -7.217154 0.259207 6.772185
v -7.290857 0.259207 6.839968
v -7.079317 0.259207 7.079318
v 7.536263 0.368811 -7.356514
v 7.032269 0.368811 -7.879121
v 7.016544 0.368811 -7.850989
v 7.348966 0.368811 -7.294368
v 6.963739 0.368811 -7.662991
v 7.179957 0.368811 -7.321712
v 6.998497 0.368811 -7.495351
v -7.760106 0.368811 7.124399
v -7.757147 1.000000 7.120152
v -5.601924 0.259207 5.286745
v -5.444335 0.259207 5.444335
v 5.444335 0.259207 -5.444335
v 5.286745 0.259207 -5.601924
v 6.963739 1.000000 -7.662991
v 6.998497 1.000000 -7.495351
v 5.215469 0.259207 -5.524422
v 5.383850 0.259207 -5.383850
v -5.524422 0.259207 5.215469
v -5.383850 0.259207 5.383850
v 6.692896 0.258510 -8.231027
v 8.468226 0.258510 -6.390132
v -5.841432 0.608707 4.407952
v -4.616797 0.608707 5.677808
v -9.540364 1.000000 7.199171
v -7.544552 1.000000 9.278408
v -7.544552 0.258510 9.278408
v -9.540364 0.258510 7.199171
v 10.537964 -1.000000 -7.951960
v 8.328720 -1.000000 -10.242789
v 8.328720 1.000000 -10.242789
v 10.537964 1.000000 -7.951960
v 7.179957 1.000000 -7.321712
v 7.079318 1.000000 -7.079318
v 6.839968 1.000000 -7.290858
v -7.290524 1.000000 6.842169
v -7.079317 1.000000 7.079318
v 5.841435 0.608707 -4.407952
v 4.616799 0.608707 -5.677809
v -5.286745 0.259207 5.601924
v -5.215469 0.259207 5.524422
v 5.524422 0.259207 -5.215469
v 5.601924 0.259207 -5.286745
v -6.781109 0.259207 7.226857
v 7.226857 0.259207 -6.781107
v 5.215469 1.000000 -5.524422
v 5.383850 1.000000 -5.383850
v -5.383850 1.000000 5.383850
v -5.524422 1.000000 5.215469
v -6.839968 0.259207 7.290858
v 7.290858 0.259207 -6.839968
v 9.524786 0.258510 -7.187415
v 7.519627 0.258510 -9.247753
v 7.771852 1.000000 -7.112225
v 7.771852 0.368811 -7.112225
v -5.841432 1.000000 4.407952
v -4.616797 1.000000 5.677808
v 7.536263 1.000000 -7.356514
v 7.348966 1.000000 -7.294368
v -10.537958 1.000000 7.951956
v -8.328716 1.000000 10.242785
v 5.524422 1.000000 -5.215469
v -5.215469 1.000000 5.524422
v -7.370089 0.354576 7.528819
v -7.370089 1.000000 7.528819
v 7.290858 1.000000 -6.839968
v -6.839968 1.000000 7.290858
v -7.180679 1.000000 7.460089
v -7.180679 0.368811 7.460089
v 9.524786 1.000000 -7.187415
v 7.519627 1.000000 -9.247753
v 6.065948 0.259207 -4.622556
v 5.841435 1.000000 -4.407952
v 4.616799 1.000000 -5.677809
v 8.280282 0.368811 -6.585018
v -7.011092 0.368811 7.483571
v -6.787146 0.368811 7.819830
v -6.825719 0.368811 7.653026
v -6.835649 0.368811 8.008984
v -6.860946 0.368811 8.056765
v -7.007900 1.000000 7.481130
v -4.622556 0.259207 6.065948
v -4.570949 0.259207 5.992140
v 5.992140 0.259207 -4.570949
v 7.858997 0.259207 -5.876282
v -3.123852 0.608707 6.617694
v -5.876282 0.259207 7.858997
v 6.726584 0.608707 -2.881919
v -6.825719 1.000000 7.653026
v 7.697237 1.000000 -6.925866
v 7.697237 0.368811 -6.925866
v 8.468226 1.000000 -6.390132
v 8.280282 1.000000 -6.585018
v -5.927366 0.259207 7.932057
v 7.932057 0.259207 -5.927365
v -4.570949 1.000000 5.992140
v 5.992140 1.000000 -4.570949
v 7.878133 0.368811 -6.564621
v 8.043547 0.368811 -6.520463
v 7.715005 0.368811 -6.755586
v 8.234223 0.368811 -6.562580
v 7.715005 1.000000 -6.755586
v -6.787146 1.000000 7.819830
v 6.116630 0.259207 -4.550013
v 6.050104 0.259207 -4.535024
v -4.550013 0.259207 6.116630
v -4.535024 0.259207 6.050104
v -6.835649 1.000000 8.008984
v 7.878133 1.000000 -6.564621
v -5.927366 1.000000 7.932057
v -6.860946 1.000000 8.056765
v -5.803040 0.259207 7.910169
v -1.449363 0.608707 7.172985
v -4.535024 1.000000 6.050104
v 8.043547 1.000000 -6.520463
v 7.910169 0.259207 -5.803039
v 6.050104 1.000000 -4.535024
v 6.116630 1.000000 -4.550013
v -4.550013 1.000000 6.116630
v 7.220810 0.608707 -1.188398
v 8.234223 1.000000 -6.562580
v -5.860661 0.259207 7.946909
v 7.946909 0.259207 -5.860660
v -5.803040 1.000000 7.910169
v 7.910169 1.000000 -5.803039
v -5.860661 1.000000 7.946909
v 7.946909 1.000000 -5.860660
v 7.932057 1.000000 -5.927365
v -5.635440 -1.000000 11.938341
v -8.328716 -1.000000 10.242785
v 6.452496 0.259207 -4.059688
v 6.414486 0.259207 -4.003070
v 6.427042 0.259207 -3.936043
v 6.501829 0.259207 -3.986221
v -6.339518 0.368811 8.407166
v -6.339518 1.000000 8.407166
v -6.370807 1.000000 8.433794
v -6.370807 0.368811 8.433794
v -6.165347 1.000000 8.318869
v -6.165347 0.368811 8.318869
v 0.309362 0.608707 7.311406
v -5.994148 0.368811 8.320423
v -5.728953 0.368811 8.625207
v -5.788586 0.368811 8.464722
v -5.752813 0.368811 8.819016
v -5.994148 1.000000 8.320423
v -3.921282 0.259207 6.537531
v -3.846781 0.259207 6.585288
v -3.798207 0.259207 6.509449
v -3.865487 0.259207 6.498323
v -5.753976 0.368811 8.822121
v 7.295392 0.608707 0.574189
v 6.452496 1.000000 -4.059688
v 6.414486 1.000000 -4.003070
v -6.050104 1.000000 4.535024
v -5.992140 1.000000 4.570949
v 6.427042 1.000000 -3.936043
v -3.123852 1.000000 6.617694
v 8.268855 0.259207 -5.279400
v 8.317852 0.259207 -5.204679
v -5.788586 1.000000 8.464722
v -4.528597 0.258510 9.593559
v -4.237968 0.368811 9.689938
v -4.528597 1.000000 9.593559
v -3.865487 1.000000 6.498323
v -3.921282 1.000000 6.537531
v -5.102015 0.259207 8.379467
v -5.026267 0.259207 8.426861
v 12.134779 -1.000000 -5.198990
v -3.798207 1.000000 6.509449
v 6.859056 0.259207 -3.267064
v 6.953517 0.259207 -3.313582
v 8.392693 0.259207 -5.254892
v 8.335859 0.259207 -5.292841
v 8.679843 0.368811 -6.025298
v 8.679843 1.000000 -6.025298
v 8.654354 1.000000 -5.997672
v 8.654354 0.368811 -5.997672
v -3.543921 0.368811 9.920094
v 8.559153 1.000000 -5.827178
v 8.559153 0.368811 -5.827178
v -4.237968 1.000000 9.689938
v 6.726584 1.000000 -2.881919
v 8.268855 1.000000 -5.279400
v 8.689796 0.368811 -5.444877
v 8.847764 0.368811 -5.378862
v 8.553846 0.368811 -5.656053
v -5.728953 1.000000 8.625207
v 2.050104 0.608707 7.024913
v 9.044974 0.368811 -5.395798
v 8.553846 1.000000 -5.656053
v -8.468223 0.258510 6.390131
v -6.692894 0.258510 8.231024
v -6.692894 1.000000 8.231024
v -8.268114 0.368811 6.597631
v -8.268114 1.000000 6.597631
v -8.468223 1.000000 6.390131
v -3.164671 0.259207 7.022542
v -3.120176 0.259207 6.927111
v 9.816475 1.000000 -3.954931
v 9.816475 0.368811 -3.954931
v 9.751415 0.258510 -4.177867
v 6.945986 0.608707 2.303403
v -5.102015 1.000000 8.379467
v 10.022053 0.368811 -3.250497
v 9.751415 1.000000 -4.177867
v -5.074875 0.259207 8.502754
v -5.114025 0.259207 8.446741
v 8.335859 1.000000 -5.292841
v -3.010652 0.368811 10.096935
v -5.752813 1.000000 8.819016
v 6.859056 1.000000 -3.267064
v 8.392693 1.000000 -5.254892
v -5.753976 1.000000 8.822121
v 8.689796 1.000000 -5.444877
v -5.101995 0.258510 10.808268
v 10.131447 0.368811 -2.875648
v -3.120176 1.000000 6.927111
v 10.967876 0.258510 -4.699045
v 11.047516 0.368811 -4.429388
v 10.967876 1.000000 -4.699045
v 3.671705 0.608707 6.330160
v -5.114025 1.000000 8.446741
v -2.313847 0.368811 10.328008
v 6.192902 0.608707 3.898751
v -4.091984 0.259207 9.011410
v -5.074875 1.000000 8.502754
v 6.965278 0.259207 -3.075155
v 7.043529 0.259207 -3.109702
v 11.273870 0.368811 -3.662962
v 8.847764 1.000000 -5.378862
v -3.543921 1.000000 9.920094
v 11.047516 1.000000 -4.429388
v -5.635440 1.000000 11.938341
v -1.166521 1.000000 7.629387
v -1.166652 0.515357 7.629311
v 10.334938 0.368811 -2.178359
v -1.225885 1.000000 7.724937
v -1.226152 0.515357 7.724750
v 9.012007 0.259207 -4.327300
v 8.922173 0.259207 -4.283062
v 5.079918 0.608707 5.267522
v -2.101115 0.258510 10.398552
v -2.958920 0.259207 7.108190
v -2.926047 0.259207 7.029220
v 9.044974 1.000000 -5.395798
v -5.428504 0.368811 9.022264
v -5.428504 1.000000 9.022264
v -5.431338 1.000000 9.025238
v -5.431338 0.368811 9.025238
v -3.010652 1.000000 10.096935
v -5.264487 1.000000 8.916292
v -5.264487 0.368811 8.916292
v 7.035523 0.259207 -2.867362
v 7.133542 0.259207 -2.905823
v 10.131447 1.000000 -2.875648
v 11.401440 0.368811 -3.231018
v 10.022053 1.000000 -3.250497
v -5.101995 1.000000 10.808268
v -5.094059 0.368811 8.899988
v -4.798534 0.368811 9.175465
v -4.874574 0.368811 9.022071
v 6.965278 1.000000 -3.075155
v 10.467886 0.258510 -1.722799
v -5.094059 1.000000 8.899988
v -4.802060 0.368811 9.370705
v -4.134299 0.259207 9.102164
v -0.630935 1.000000 7.647779
v -0.630798 0.515357 7.647796
v -4.813370 0.368811 9.414280
v -0.531512 1.000000 7.700401
v -0.531368 0.515357 7.700353
v -2.753168 0.259207 7.193837
v -2.716805 0.259207 7.095022
v 9.012007 1.000000 -4.327300
v -2.926047 1.000000 7.029220
v 11.627642 0.368811 -2.465113
v -4.874574 1.000000 9.022071
v 9.169191 0.368811 -5.181643
v 9.169191 1.000000 -5.181643
v 9.056841 1.000000 -5.018838
v 9.056841 0.368811 -5.018838
v 11.273870 1.000000 -3.662962
v 9.151924 0.368811 -4.626179
v 9.303182 0.368811 -4.545977
v 9.035885 0.368811 -4.848919
v 12.134779 1.000000 -5.198990
v 9.035885 1.000000 -4.848919
v 9.498446 0.368811 -4.544165
v -3.806566 0.259207 9.144485
v -4.134299 1.000000 9.102164
v 9.534172 0.368811 -4.552402
v -2.716805 1.000000 7.095022
v 11.782953 0.258510 -1.939235
v -2.101115 1.000000 10.398552
v 9.061301 0.259207 -4.000545
v 11.401440 1.000000 -3.231018
v 7.238800 0.259207 -2.097397
v 7.326268 0.259207 -2.118854
v -4.798534 1.000000 9.175465
v 10.334938 1.000000 -2.178359
v -2.313847 1.000000 10.328008
v -1.527539 1.000000 9.631213
v -1.531742 0.515357 9.630676
v -1.849669 0.368811 10.418343
v 9.151924 1.000000 -4.626179
v 4.570949 1.000000 -5.992140
v -1.428585 1.000000 9.688046
v -1.432796 0.515357 9.687578
v -1.118845 0.368811 10.475863
v 0.531512 1.000000 7.700402
v 0.531368 0.515357 7.700354
v 0.630936 1.000000 7.647779
v 0.630798 0.515357 7.647796
v 9.158766 0.259207 -4.043575
v -1.962270 0.259207 7.369751
v -1.942682 0.259207 7.281847
v -4.802060 1.000000 9.370705
v -3.515579 0.259207 9.265614
v -1.849669 1.000000 10.418343
v 10.467886 1.000000 -1.722799
v -4.813370 1.000000 9.414280
v 7.035523 1.000000 -2.867362
v 7.238800 1.000000 -2.097397
v -0.571751 1.000000 9.629880
v -0.567682 0.515357 9.630188
v 10.476800 1.000000 -1.512143
v 10.476800 0.368811 -1.512143
v 9.188602 0.259207 -3.712204
v 9.303182 1.000000 -4.545977
v 10.507854 0.368811 -0.778175
v -0.568081 0.368811 10.519211
v 1.166521 1.000000 7.629388
v 1.166652 0.515357 7.629311
v -1.449363 1.000000 7.172985
v -3.847510 0.259207 9.242842
v 1.225885 1.000000 7.724938
v 1.226152 0.515357 7.724749
v 7.347317 0.259207 -2.032900
v 7.279870 0.259207 -2.042958
v -1.942682 1.000000 7.281847
v 9.158766 1.000000 -4.043575
v 9.498446 1.000000 -4.544165
v 9.269547 0.259207 -3.743966
v 10.527267 0.368811 -0.319412
v -0.730678 1.000000 9.766094
v -0.726467 0.515357 9.766563
v 0.161494 0.368811 10.576632
v 9.534172 1.000000 -4.552402
v -1.875888 0.259207 7.388966
v -1.887381 0.259207 7.321748
v -2.066872 1.000000 11.762730
v -2.066872 0.368811 11.762730
v -2.372069 0.258510 11.739519
v 11.782953 1.000000 -1.939235
v 11.627642 1.000000 -2.465113
v 7.220810 1.000000 -1.188398
v -2.372069 1.000000 11.739519
v 10.558027 0.368811 0.407576
v 0.448476 0.258510 10.599218
v -3.847510 1.000000 9.242842
v -1.118845 1.000000 10.475863
v 7.279870 1.000000 -2.042958
v -3.545608 0.259207 9.347217
v -0.633929 0.368811 11.871710
v 9.451155 0.259207 -2.640113
v 11.794209 0.368811 -1.681125
v 7.347317 1.000000 -2.032900
v 0.571751 1.000000 9.629880
v 0.567682 0.515357 9.630186
v -2.438136 0.259207 9.505261
v 10.527267 1.000000 -0.319412
v 11.829030 0.368811 -0.882658
v 10.576001 0.258510 0.832391
v 10.507854 1.000000 -0.778175
v -1.887381 1.000000 7.321748
v 3.798207 1.000000 6.509449
v 3.120175 0.259207 6.927111
v 3.798207 0.259207 6.509449
v -0.568081 1.000000 10.519211
v 11.794209 1.000000 -1.681125
v -1.875888 1.000000 7.388966
v -1.270318 0.368811 11.823311
v 3.120175 1.000000 6.927111
v -4.209754 0.368811 9.651315
v -4.209754 1.000000 9.651315
v -4.060904 1.000000 9.524922
v -4.060904 0.368811 9.524922
v -3.894040 0.368811 9.486605
v -3.565216 0.368811 9.721333
v -3.660549 0.368811 9.579124
v -3.894040 1.000000 9.486605
v -3.545608 1.000000 9.347217
v 11.852072 0.368811 -0.354303
v 0.162291 0.368811 11.932264
v 0.730678 1.000000 9.766095
v 0.726467 0.515357 9.766563
v -1.270318 1.000000 11.823311
v 0.161494 1.000000 10.576632
v 9.537735 0.259207 -2.661352
v -3.660549 1.000000 9.579124
v -2.614653 -1.000000 12.940083
v 11.886864 0.368811 0.443542
v 0.505985 0.258510 11.958405
v 9.771075 1.000000 -3.923774
v 9.771075 0.368811 -3.923774
v 9.640356 1.000000 -3.778709
v 9.640356 0.368811 -3.778709
v 9.682747 0.368811 -3.376932
v 9.822086 0.368811 -3.277453
v 9.597142 0.368811 -3.613046
v -2.350920 0.259207 9.524664
v 10.558027 1.000000 0.407576
v 0.812485 0.368811 10.539310
v 0.448476 1.000000 10.599218
v 9.597142 1.000000 -3.613046
v 1.532039 0.368811 10.420886
v 1.428585 1.000000 9.688045
v 1.432796 0.515357 9.687579
v -0.633929 1.000000 11.871710
v 9.472408 0.259207 -2.553329
v -2.457526 0.259207 9.592276
v 7.542454 0.259207 -1.107766
v 7.484815 0.259207 -1.071323
v 7.469232 0.259207 -1.004934
v 7.557912 0.259207 -1.020632
v -3.565216 1.000000 9.721333
v 11.908395 0.258510 0.937257
v 1.527539 1.000000 9.631214
v 1.531742 0.515357 9.630677
v 10.576001 1.000000 0.832391
v 0.812485 1.000000 10.539310
v 10.511814 0.368811 1.150064
v 10.367107 0.368811 1.866220
v 10.511814 1.000000 1.150064
v 9.682747 1.000000 -3.376932
v 9.537735 1.000000 -2.661352
v 9.269547 1.000000 -3.743966
v 2.108133 0.368811 10.326072
v -2.350920 1.000000 9.524664
v 10.258196 0.368811 2.405236
v 13.026363 -1.000000 -2.143874
v 2.835895 0.368811 10.206297
v 7.542454 1.000000 -1.107766
v 7.484815 1.000000 -1.071323
v 7.469232 1.000000 -1.004934
v -2.457526 1.000000 9.592276
v 9.472408 1.000000 -2.553329
v 9.822086 1.000000 -3.277453
v 1.532039 1.000000 10.420886
v 9.527485 0.259207 -2.593786
v 2.972003 0.258510 10.183896
v 0.162291 1.000000 11.932264
v 10.112757 0.368811 3.125023
v 7.594250 0.259207 -0.218462
v 7.699451 0.259207 -0.222866
v -1.057930 1.000000 7.600029
v -1.058068 0.515357 7.600015
v 10.069479 0.258510 3.339206
v 2.108133 1.000000 10.326072
v 11.210814 0.368811 -4.487411
v 11.210814 1.000000 -4.487411
v 0.505985 1.000000 11.958405
v 10.258196 1.000000 2.405236
v -0.494419 0.515357 7.806577
v -2.390194 0.259207 9.580588
v 10.367107 1.000000 1.866220
v 11.908395 1.000000 0.937257
v 0.934223 1.000000 11.887994
v 0.934223 0.368811 11.887994
v 1.722036 0.368811 11.758465
v 0.309362 1.000000 7.311406
v 11.886864 1.000000 0.443542
v 11.366188 1.000000 -4.502086
v 11.366188 0.368811 -4.502086
v 9.527485 1.000000 -2.593786
v 11.481836 0.368811 -3.739872
v 7.594250 1.000000 -0.218462
v 11.834674 0.368811 1.312886
v 11.680885 0.368811 2.096494
v 11.610515 0.368811 -3.828181
v 11.559503 1.000000 -4.474501
v 11.559503 0.368811 -4.474501
v 2.386848 0.368811 11.649158
v 2.972003 1.000000 10.183896
v -2.713889 0.368811 9.889088
v -2.874869 0.368811 9.947372
v -2.359009 0.368811 10.082171
v -2.470896 0.368811 9.952584
v 11.741234 0.368811 -3.973245
v 7.295392 1.000000 0.574189
v -2.874869 1.000000 9.947372
v 11.834674 1.000000 1.312886
v 10.112757 1.000000 3.125023
v -2.390194 1.000000 9.580588
v 7.613914 0.259207 0.000000
v 7.699451 0.259207 0.000000
v 2.835895 1.000000 10.206297
v -2.713889 1.000000 9.889088
v 11.784448 0.368811 -4.138909
v 11.698843 0.368811 -4.375023
v -2.313737 0.368811 10.272123
v 11.559008 0.368811 2.717490
v 11.698843 1.000000 -4.375023
v 9.984154 0.368811 -2.340068
v 10.112262 0.368811 -2.226491
v 9.984245 0.368811 -2.744076
v 9.923851 0.368811 -2.583876
v 3.175515 0.368811 11.519487
v 9.984245 1.000000 -2.744076
v 10.069479 1.000000 3.339206
v 9.923851 1.000000 -2.583876
v 10.301603 0.368811 -2.178731
v -2.470896 1.000000 9.952584
v 7.594250 0.259207 0.218462
v 7.699452 0.259207 0.222866
v 9.696701 0.259207 -1.489966
v 9.711346 0.259207 -1.401821
v -0.494722 1.000000 7.806704
v 3.353245 0.258510 11.490266
v 11.405062 0.368811 3.501898
v 2.386848 1.000000 11.649158
v 7.613914 1.000000 0.000000
v 1.722036 1.000000 11.758465
v 11.784448 1.000000 -4.138909
v 9.984154 1.000000 -2.340068
v 11.353429 0.258510 3.764985
v -1.557533 0.515357 9.519493
v -2.359009 1.000000 10.082171
v -1.553496 1.000000 9.520092
v -2.614653 1.000000 12.940083
v 9.696701 1.000000 -1.489966
v 7.594250 1.000000 0.218462
v 11.481836 1.000000 -3.739872
v 11.741234 1.000000 -3.973245
v 11.610515 1.000000 -3.828181
v 10.112262 1.000000 -2.226491
v 7.469232 0.259207 1.004934
v 7.557913 0.259207 1.020632
v -2.313737 1.000000 10.272123
v 9.800091 0.259207 -1.417531
v 9.763426 0.259207 -1.475201
v 3.175515 1.000000 11.519487
v 10.301603 1.000000 -2.178731
v 3.353245 1.000000 11.490266
v 11.353429 1.000000 3.764985
v 7.542454 0.259207 1.107766
v 7.484815 0.259207 1.071323
v 10.810824 0.368811 4.923465
v 11.149398 0.368811 4.200600
v 11.405062 1.000000 3.501898
v 9.763426 1.000000 -1.475201
v 13.026363 1.000000 -2.143874
v 11.620518 0.368811 -3.283717
v 11.620518 1.000000 -3.283717
v 10.632692 0.368811 5.303785
v 9.800091 1.000000 -1.417531
v 1.058068 0.515357 7.600016
v 11.149398 1.000000 4.200600
v 0.494722 1.000000 7.806705
v 0.494419 0.515357 7.806578
v 9.891955 0.259207 -0.314641
v 10.293922 0.368811 6.027070
v -0.617396 0.515357 9.732929
v 11.776573 1.000000 -3.281972
v 11.776573 0.368811 -3.281972
v 11.811434 0.368811 -2.511823
v -1.561002 0.368811 10.135211
v -1.714228 0.368811 10.211587
v -1.186306 0.368811 10.286290
v -1.312326 0.368811 10.170400
v 7.469232 1.000000 1.004934
v 7.484815 1.000000 1.071323
v 2.050104 1.000000 7.024913
v 10.129889 0.258510 6.377285
v -1.714228 1.000000 10.211587
v -1.829293 1.000000 10.369358
v -1.829293 0.368811 10.369358
v -1.561002 1.000000 10.135211
v 1.057930 1.000000 7.600031
v 7.542454 1.000000 1.107766
v 11.948684 0.368811 -2.586111
v 9.992003 0.259207 -0.318829
v 11.965916 1.000000 -3.234212
v 11.965916 0.368811 -3.234212
v 12.093931 0.368811 -2.716628
v 6.945986 1.000000 2.303403
v -1.312326 1.000000 10.170400
v 6.001336 0.258510 10.346534
v 6.292985 0.368811 10.126839
v 6.930903 0.368811 9.646304
v 12.154325 0.368811 -2.876827
v 12.094024 0.368811 -3.120635
v 7.453687 0.368811 9.252499
v 10.207625 0.368811 -0.981642
v 10.319365 0.368811 -0.851928
v 10.261831 0.368811 -1.381997
v 10.180524 0.368811 -1.231329
v 1.875887 0.259207 7.388965
v 1.962270 0.259207 7.369752
v 1.942682 0.259207 7.281847
v 1.887381 0.259207 7.321748
v 6.292985 1.000000 10.126839
v 12.094024 1.000000 -3.120635
v 8.091919 0.368811 8.771727
v 10.129889 1.000000 6.377285
v 8.304728 0.258510 8.611422
v 10.423253 1.000000 -1.491880
v 10.261831 1.000000 -1.381997
v 10.423253 0.368811 -1.491880
v 10.180524 1.000000 -1.231329
v 7.349250 0.259207 2.025905
v 7.281813 0.259207 2.036027
v 7.240795 0.259207 2.090506
v 7.328282 0.259207 2.111879
v 9.905127 0.259207 0.000000
v 6.001336 1.000000 10.346534
v 9.992003 1.000000 -0.318829
v 10.293922 1.000000 6.027070
v -1.186306 1.000000 10.286290
v 7.453687 1.000000 9.252499
v 10.207625 1.000000 -0.981642
v 6.930903 1.000000 9.646304
v 8.091919 1.000000 8.771727
v 12.154325 1.000000 -2.876827
v 2.753168 0.259207 7.193837
v 2.716804 0.259207 7.095022
v 1.942682 1.000000 7.281847
v 1.887381 1.000000 7.321748
v -0.621614 1.000000 9.732523
v 0.558088 -1.000000 13.189795
v 1.875887 1.000000 7.388965
v 11.811434 1.000000 -2.511823
v 8.304728 1.000000 8.611422
v 9.905128 0.259207 0.315192
v 7.038250 0.259207 2.860664
v 7.136305 0.259207 2.899032
v 7.281813 1.000000 2.036027
v 7.240795 1.000000 2.090506
v 7.349250 1.000000 2.025905
v 12.093931 1.000000 -2.716628
v 11.948684 1.000000 -2.586111
v 10.319365 1.000000 -0.851928
v 10.011667 0.259207 0.000000
v 9.712310 0.259207 1.401992
v 1.557533 0.515357 9.519492
v 2.926047 0.259207 7.029220
v 2.958919 0.259207 7.108190
v 6.968203 0.259207 3.068523
v 7.046486 0.259207 3.102996
v 13.160904 -1.000000 1.035836
v 3.164670 0.259207 7.022542
v 3.671705 1.000000 6.330160
v 9.992002 0.259207 0.318829
v 6.862163 0.259207 3.260534
v 6.956667 0.259207 3.306961
v -2.084625 1.000000 11.894266
v -2.084625 0.368811 11.894266
v -0.328554 0.368811 10.249454
v -0.471463 0.368811 10.343733
v 0.061614 0.368811 10.354289
v -0.077451 0.368811 10.254425
v 10.011667 1.000000 0.000000
v 6.192902 1.000000 3.898751
v 3.846781 0.259207 6.585288
v 2.926047 1.000000 7.029220
v 2.716804 1.000000 7.095022
v -1.297315 0.368811 12.005673
v 6.430786 0.259207 3.929923
v 6.505620 0.259207 3.980030
v -2.067016 1.000000 12.049334
v -2.067016 0.368811 12.049334
v -0.328554 1.000000 10.249454
v -0.471463 1.000000 10.343733
v 0.150008 0.368811 10.528409
v 7.038250 1.000000 2.860664
v 6.968203 1.000000 3.068523
v 3.921282 0.259207 6.537531
v 3.865487 0.259207 6.498323
v -1.357257 0.368811 12.149767
v 9.696701 0.259207 1.489966
v 6.456357 0.259207 4.053544
v 6.418294 0.259207 3.996962
v 6.862163 1.000000 3.260534
v 10.253403 0.368811 0.164227
v 10.349960 0.368811 0.305606
v 10.351971 0.368811 -0.227572
v 10.254349 0.368811 -0.086925
v -0.077451 1.000000 10.254425
v 9.992002 1.000000 0.318829
v -2.000243 1.000000 12.232836
v -2.000243 0.368811 12.232836
v -1.472322 0.368811 12.307538
v 10.351971 1.000000 -0.227572
v 10.254349 1.000000 -0.086925
v 10.521950 0.368811 0.398078
v 11.955642 0.368811 -1.697601
v 11.955642 1.000000 -1.697601
v 6.430786 1.000000 3.929923
v 6.116630 0.259207 4.550013
v 6.050104 0.259207 4.535024
v 5.992140 0.259207 4.570949
v 6.065948 0.259207 4.622556
v 4.550013 0.259207 6.116630
v 4.622556 0.259207 6.065948
v 4.570949 0.259207 5.992140
v 4.535024 0.259207 6.050104
v -1.874224 0.368811 12.348725
v -1.625548 0.368811 12.383915
v 3.865487 1.000000 6.498323
v 9.800090 0.259207 1.417531
v 10.253403 1.000000 0.164227
v 5.079918 1.000000 5.267522
v 5.524422 0.259207 5.215469
v 5.601924 0.259207 5.286745
v 5.286745 0.259207 5.601924
v 5.215469 0.259207 5.524422
v 0.061614 1.000000 10.354289
v 12.041445 0.368811 -0.907092
v 6.418294 1.000000 3.996962
v 12.110058 1.000000 -1.674970
v 12.110058 0.368811 -1.674970
v -1.874224 1.000000 12.348725
v 3.921282 1.000000 6.537531
v 0.621614 1.000000 9.732524
v 0.617396 0.515357 9.732928
v 5.383850 0.259207 5.383850
v 5.444335 0.259207 5.444335
v 6.456357 1.000000 4.053544
v 9.696701 1.000000 1.489966
v 12.187408 0.368811 -0.962327
v 6.050104 1.000000 4.535024
v 5.992140 1.000000 4.570949
v 4.570949 1.000000 5.992140
v 4.535024 1.000000 6.050104
v 1.553496 1.000000 9.520093
v 10.349960 1.000000 0.305606
v 0.150008 1.000000 10.528409
v 12.291296 1.000000 -1.602279
v 12.291296 0.368811 -1.602279
v 6.116630 1.000000 4.550013
v 4.550013 1.000000 6.116630
v 12.348829 0.368811 -1.072211
v 5.524422 1.000000 5.215469
v 5.215469 1.000000 5.524422
v -1.625548 1.000000 12.383915
v -1.297315 1.000000 12.005673
v 5.383850 1.000000 5.383850
v 12.430138 0.368811 -1.222878
v 12.403036 0.368811 -1.472566
v -1.357257 1.000000 12.149767
v 2.350920 0.259207 9.524664
v 2.438136 0.259207 9.505262
v 9.763426 0.259207 1.475201
v 10.521950 1.000000 0.398078
v -1.472322 1.000000 12.307538
v 12.403036 1.000000 -1.472566
v 9.474836 0.259207 2.544312
v 9.452714 0.259207 2.630883
v 11.829030 1.000000 -0.882658
v 12.041445 1.000000 -0.907092
v 12.430138 1.000000 -1.222878
v 1.019746 0.368811 10.203889
v 0.890450 0.368811 10.316113
v 1.420300 0.368811 10.256599
v 1.269330 0.368811 10.175856
v 2.350920 1.000000 9.524664
v 9.763426 1.000000 1.475201
v 9.800090 1.000000 1.417531
v 12.187408 1.000000 -0.962327
v 1.019746 1.000000 10.203889
v 0.890450 1.000000 10.316113
v 0.818436 0.368811 10.497622
v 11.852072 1.000000 -0.354303
v 9.474836 1.000000 2.544312
v 12.348829 1.000000 -1.072211
v 0.818436 1.000000 10.497622
v -0.636435 1.000000 12.058779
v -0.636435 0.368811 12.058779
v 1.269330 1.000000 10.175856
v 0.558088 1.000000 13.189795
v 10.129847 0.368811 1.595444
v 10.205702 0.368811 1.748930
v 10.282200 0.368811 1.221264
v 10.165882 0.368811 1.346889
v 0.158562 0.368811 12.074522
v 10.282200 1.000000 1.221264
v 10.165882 1.000000 1.346889
v 10.465927 0.368811 1.155116
v -0.600271 1.000000 12.210597
v -0.600271 0.368811 12.210597
v 2.390194 0.259207 9.580588
v 2.457526 0.259207 9.592276
v 3.515579 0.259207 9.265615
v 1.420300 1.000000 10.256599
v 10.465927 1.000000 1.155116
v 0.116417 0.368811 12.224788
v 12.070428 0.368811 -0.352081
v 12.070428 1.000000 -0.352081
v 10.129847 1.000000 1.595444
v 9.179857 0.259207 3.698652
v 9.540264 0.259207 2.652272
v 9.529950 0.259207 2.584716
v 12.067430 0.368811 0.443066
v -0.511877 1.000000 12.384717
v -0.511877 0.368811 12.384717
v 0.021200 0.368811 12.395273
v 5.026267 0.259207 8.426861
v 12.221352 1.000000 -0.312349
v 12.221352 0.368811 -0.312349
v 8.323615 0.259207 5.197303
v 10.205702 1.000000 1.748930
v 13.160904 1.000000 1.035836
v 2.390194 1.000000 9.580588
v 12.218649 0.368811 0.404474
v -0.372813 0.368811 12.484581
v -0.121709 0.368811 12.489553
v 3.698396 -1.000000 12.672961
v 3.806566 0.259207 9.144485
v 2.457526 1.000000 9.592276
v 12.393341 1.000000 -0.219877
v 3.545608 0.259207 9.347217
v -0.372813 1.000000 12.484581
v 9.529950 1.000000 2.584716
v 12.391331 0.368811 0.313301
v 12.393341 0.368811 -0.219877
v 9.065106 0.259207 3.991918
v 12.489900 1.000000 -0.078497
v 9.540264 1.000000 2.652272
v 4.091984 0.259207 9.011409
v 2.271811 0.368811 9.999905
v 2.157362 0.368811 10.127235
v 2.675809 0.368811 10.002756
v 2.516024 0.368811 9.941271
v 9.273108 0.259207 3.735140
v 0.158562 1.000000 12.074522
v 12.488953 0.368811 0.172654
v 12.489900 0.368811 -0.078497
v 5.102015 0.259207 8.379468
v 8.938079 0.259207 4.280379
v 7.858196 0.259207 5.875721
v 5.876282 0.259207 7.858997
v -0.121709 1.000000 12.489553
v 12.530581 -1.000000 4.155347
v 8.273878 0.259207 5.271527
v 2.805329 0.368811 10.148893
v 2.271811 1.000000 9.999905
v 2.157362 1.000000 10.127235
v 0.116417 1.000000 12.224788
v 9.864516 0.368811 2.801881
v 9.921366 0.368811 2.963374
v 10.060755 0.368811 2.448735
v 9.930176 0.368811 2.559462
v 2.516024 1.000000 9.941271
v 0.021200 1.000000 12.395273
v 12.067430 1.000000 0.443066
v 7.910169 0.259207 5.803039
v 5.803039 0.259207 7.910169
v 10.063705 0.368811 3.097058
v 10.060755 1.000000 2.448735
v 9.930176 1.000000 2.559462
v 3.847510 0.259207 9.242843
v 12.488953 1.000000 0.172654
v 12.218649 1.000000 0.404474
v 2.675809 1.000000 10.002756
v 9.864516 1.000000 2.801881
v 5.102015 1.000000 8.379468
v 9.162610 0.259207 4.034855
v 8.273878 1.000000 5.271527
v 12.391331 1.000000 0.313301
v 4.134298 0.259207 9.102165
v 9.921366 1.000000 2.963374
v 9.016123 0.259207 4.318721
v 7.910169 1.000000 5.803039
v 5.803039 1.000000 7.910169
v 2.805329 1.000000 10.148893
v 3.354046 0.368811 9.690697
v 3.254239 0.368811 9.829803
v 3.755922 0.368811 9.649256
v 3.590362 0.368811 9.605652
v 7.217154 0.259207 6.772185
v 6.781107 0.259207 7.226857
v 0.952042 1.000000 12.037974
v 0.952042 0.368811 12.037974
v 5.074875 0.259207 8.502754
v 1.742226 0.368811 11.949221
v 3.545608 1.000000 9.347217
v 3.847510 1.000000 9.242843
v 8.397692 0.259207 5.246901
v 10.063705 1.000000 3.097058
v 7.003983 0.259207 7.003983
v 3.226198 0.368811 10.023051
v 3.903689 0.368811 9.784727
v 9.162610 1.000000 4.034855
v 9.273108 1.000000 3.735140
v 3.354046 1.000000 9.690697
v 3.254239 1.000000 9.829803
v 1.007822 1.000000 12.183731
v 1.007822 0.368811 12.183731
v 5.114025 0.259207 8.446741
v 4.134298 1.000000 9.102165
v 1.720171 0.368811 12.103718
v 3.590362 1.000000 9.605652
v 8.340893 0.259207 5.284904
v 3.230798 0.368811 10.073019
v 3.226198 1.000000 10.023051
v 9.016123 1.000000 4.318721
v 12.001195 0.368811 1.338117
v 12.001195 1.000000 1.338117
v 11.887112 0.368811 2.125043
v 3.230798 1.000000 10.073019
v 1.118308 0.368811 12.344741
v 1.648157 0.368811 12.285228
v 3.755922 1.000000 9.649256
v 1.118308 1.000000 12.344741
v 7.932057 0.259207 5.927365
v 7.946909 0.259207 5.860660
v 5.860660 0.259207 7.946909
v 5.927365 0.259207 7.932056
v 8.397692 1.000000 5.246901
v 1.269277 0.368811 12.425486
v 1.518862 0.368811 12.397451
v 12.145084 1.000000 1.398549
v 12.145084 0.368811 1.398549
v 12.042238 0.368811 2.107961
v 5.114025 1.000000 8.446741
v 4.452751 0.368811 9.237545
v 4.369710 0.368811 9.387264
v 4.847134 0.368811 9.149884
v 4.677640 0.368811 9.125729
v 7.290858 0.259207 6.839968
v 6.839968 0.259207 7.290858
v 5.074875 1.000000 8.502754
v 8.340893 1.000000 5.284904
v 3.903689 1.000000 9.784727
v 1.269277 1.000000 12.425486
v 1.742226 1.000000 11.949221
v 12.225966 0.368811 2.041813
v 12.302464 0.368811 1.514148
v 7.079318 0.259207 7.079318
v 4.365174 0.368811 9.587009
v 5.006082 0.368811 9.263317
v 12.302464 1.000000 1.514148
v 5.860660 1.000000 7.946909
v 7.946909 1.000000 5.860660
v 4.452751 1.000000 9.237545
v 4.369710 1.000000 9.387264
v 4.677640 1.000000 9.125729
v 1.720171 1.000000 12.103718
v 5.927365 1.000000 7.932056
v 7.932057 1.000000 5.927365
v 12.342284 0.368811 1.916188
v 12.378319 0.368811 1.667633
v 1.518862 1.000000 12.397451
v 5.037159 0.368811 9.299107
v 6.623765 -1.000000 11.419625
v 4.364215 1.000000 9.582460
v 1.648157 1.000000 12.285228
v 11.680885 1.000000 2.096494
v 11.887112 1.000000 2.125043
v 4.847134 1.000000 9.149884
v 12.378319 1.000000 1.667633
v 6.839968 1.000000 7.290858
v 7.290858 1.000000 6.839968
v 4.365174 1.000000 9.587009
v 8.977749 1.000000 5.651954
v 8.977749 0.258510 5.651954
v 11.559008 1.000000 2.717490
v 11.172018 -1.000000 7.033359
v 12.042238 1.000000 2.107961
v 7.079318 1.000000 7.079318
v 5.006082 1.000000 9.263317
v 2.431080 0.368811 11.828317
v 3.204259 0.368811 11.642677
v 2.431080 1.000000 11.828317
v 12.342284 1.000000 1.916188
v 12.225966 1.000000 2.041813
v 5.322807 0.258510 9.176723
v 5.037159 1.000000 9.299107
v 2.504428 0.368811 11.966070
v 3.201449 0.368811 11.798717
v 2.504428 1.000000 11.966070
v 3.698396 1.000000 12.672961
v 11.545354 0.368811 3.538932
v 11.753229 0.368811 2.771432
v 11.753229 1.000000 2.771432
v 2.633949 0.368811 12.112207
v 3.152396 0.368811 11.987730
v 11.701408 0.368811 3.540626
v 11.888807 0.368811 2.848726
v 2.633949 1.000000 12.112207
v 11.888807 1.000000 2.848726
v 2.793734 0.368811 12.173693
v 3.037947 0.368811 12.115058
v 7.364270 1.000000 7.636234
v 5.322807 1.000000 9.176723
v 7.364270 0.258510 7.636234
v 12.530581 1.000000 4.155347
v 3.204259 1.000000 11.642677
v 11.891758 0.368811 3.497049
v 12.031146 0.368811 2.982410
v 2.793734 1.000000 12.173693
v 12.031146 1.000000 2.982410
v 9.164186 -1.000000 9.502622
v 3.201449 1.000000 11.798717
v 12.022336 0.368811 3.386322
v 12.087996 0.368811 3.143903
v 11.545354 1.000000 3.538932
v 12.087996 1.000000 3.143903
v 4.396787 0.368811 11.039553
v 3.663414 0.368811 11.356301
v 3.712735 0.368811 11.490641
v 4.460913 0.368811 11.221384
v 3.037947 1.000000 12.115058
v 3.152396 1.000000 11.987730
v 3.663414 1.000000 11.356301
v 3.712735 1.000000 11.490641
v 11.701408 1.000000 3.540626
v 3.800740 0.368811 11.619526
v 4.475220 0.368811 11.376793
v 3.800740 1.000000 11.619526
v 11.891758 1.000000 3.497049
v 12.022336 1.000000 3.386322
v 10.992819 0.368811 4.997715
v 11.297898 0.368811 4.263415
v 3.945496 0.368811 11.750587
v 4.447179 0.368811 11.570042
v 11.297898 1.000000 4.263415
v 3.945496 1.000000 11.750587
v 11.147354 0.368811 5.019512
v 11.422382 0.368811 4.357543
v 4.460913 1.000000 11.221384
v 4.396787 1.000000 11.039553
v 4.111055 0.368811 11.794193
v 4.347372 0.368811 11.709147
v 11.422382 1.000000 4.357543
v 5.662300 0.368811 10.492967
v 4.929222 0.368811 10.809589
v 5.017287 0.368811 10.983898
v 5.729287 0.368811 10.629887
v 4.475220 1.000000 11.376793
v 11.341731 0.368811 5.000837
v 11.546299 0.368811 4.508460
v 4.111055 1.000000 11.794193
v 10.632692 1.000000 5.303785
v 10.810824 1.000000 4.923465
v 10.992819 1.000000 4.997715
v 4.929222 1.000000 10.809589
v 5.017287 1.000000 10.983898
v 11.546299 1.000000 4.508460
v 10.423743 0.368811 6.096292
v 10.802358 0.368811 5.397065
v 4.447179 1.000000 11.570042
v 11.485495 0.368811 4.907866
v 11.581856 0.368811 4.675934
v 5.119614 0.368811 11.101737
v 5.761480 0.368811 10.782595
v 4.347372 1.000000 11.709147
v 10.802358 1.000000 5.397065
v 11.147354 1.000000 5.019512
v 5.119614 1.000000 11.101737
v 10.575238 0.368811 6.133788
v 10.916556 0.368811 5.503435
v 11.581856 1.000000 4.675934
v 5.278563 0.368811 11.215170
v 5.755985 0.368811 10.977791
v 11.341731 1.000000 5.000837
v 5.729287 1.000000 10.629887
v 5.662300 1.000000 10.492967
v 6.378755 0.368811 10.253326
v 7.039721 0.368811 9.811296
v 10.916556 1.000000 5.503435
v 11.485495 1.000000 4.907866
v 5.278563 1.000000 11.215170
v 5.448055 0.368811 11.239326
v 5.672943 0.368811 11.127509
v 10.770507 0.368811 6.135100
v 11.024382 0.368811 5.666240
v 9.908433 0.368811 6.648365
v 9.403083 0.368811 7.266953
v 9.559439 0.368811 7.378099
v 10.024283 0.368811 6.732975
v 10.423743 1.000000 6.096292
v 5.761480 1.000000 10.782595
v 6.623765 1.000000 11.419625
v 6.378755 1.000000 10.253326
v 6.495290 0.368811 10.357134
v 7.091149 0.368811 9.958645
v 10.923028 0.368811 6.057328
v 11.042615 0.368811 5.836472
v 11.024382 1.000000 5.666240
v 7.581581 0.368811 9.398874
v 8.183706 0.368811 8.879536
v 5.448055 1.000000 11.239326
v 9.112389 0.368811 7.622783
v 8.607371 0.368811 8.240963
v 8.726734 0.368811 8.346456
v 9.257114 0.368811 7.754033
v 10.575238 1.000000 6.133788
v 9.704900 0.368811 7.434643
v 10.123958 0.368811 6.853064
v 5.755985 1.000000 10.977791
v 10.024283 1.000000 6.732975
v 9.908433 1.000000 6.648365
v 7.039721 1.000000 9.811296
v 6.495290 1.000000 10.357134
v 5.672943 1.000000 11.127509
v 6.667420 0.368811 10.449343
v 7.110623 0.368811 10.152943
v 11.172018 1.000000 7.033359
v 11.042615 1.000000 5.836472
v 9.403083 1.000000 7.266953
v 9.559439 1.000000 7.378099
v 10.770507 1.000000 6.135100
v 7.709906 0.368811 9.487695
v 8.252722 0.368811 9.019512
v 8.865411 0.368811 8.418046
v 9.343548 0.368811 7.883977
v 7.581581 1.000000 9.398874
v 9.898400 0.368811 7.460892
v 10.210098 0.368811 7.028310
v 10.123958 1.000000 6.853064
v 9.257114 1.000000 7.754033
v 9.112389 1.000000 7.622783
v 10.923028 1.000000 6.057328
v 6.838611 0.368811 10.451658
v 7.047381 0.368811 10.312040
v 7.091149 1.000000 9.958645
v 8.607371 1.000000 8.240963
v 8.726734 1.000000 8.346456
v 8.183706 1.000000 8.879536
v 6.667420 1.000000 10.449343
v 9.704900 1.000000 7.434643
v 7.891997 0.368811 9.558223
v 8.295746 0.368811 9.209986
v 10.059609 0.368811 7.403244
v 10.206432 0.368811 7.199477
v 9.055057 0.368811 8.464585
v 9.410699 0.368811 8.067342
v 7.709906 1.000000 9.487695
v 10.210098 1.000000 7.028310
v 9.343548 1.000000 7.883977
v 7.110623 1.000000 10.152943
v 8.252722 1.000000 9.019512
v 8.865411 1.000000 8.418046
v 6.838611 1.000000 10.451658
v 8.062193 0.368811 9.539643
v 8.252377 0.368811 9.375608
v 9.898400 1.000000 7.460892
v 9.221453 0.368811 8.424284
v 9.388976 0.368811 8.237164
v 7.047381 1.000000 10.312040
v 10.206432 1.000000 7.199477
v 7.891997 1.000000 9.558223
v 9.410699 1.000000 8.067342
v 8.295746 1.000000 9.209986
v 9.055057 1.000000 8.464585
v 10.059609 1.000000 7.403244
v 8.062193 1.000000 9.539643
v 9.388976 1.000000 8.237164
v 8.252377 1.000000 9.375608
v 9.221453 1.000000 8.424284
v 9.164186 1.000000 9.502622
v 2.778267 1.000000 9.520038
v 4.970474 1.000000 8.569287
v -8.223618 1.000000 6.575866
v -8.033010 1.000000 6.533441
v -7.864420 1.000000 6.575371
v -7.700985 1.000000 6.766070
v -7.932056 1.000000 5.927365
v 7.016544 1.000000 -7.850989
v 7.032269 1.000000 -7.879121
v 6.692896 1.000000 -8.231027
v 5.927365 1.000000 -7.932057
v -7.686045 1.000000 6.938282
v -7.686045 0.368811 6.938282
v -7.704089 0.368811 6.768031
v -5.992140 0.259207 4.570949
v 4.570949 0.259207 -5.992140
v -10.537958 -1.000000 7.951956
v -8.033010 1.000000 6.533442
v -8.223618 1.000000 6.575866
v -7.867524 0.368811 6.577332
v 4.622556 0.259207 -6.065948
v 3.123854 0.608707 -6.617695
v -7.932056 0.259207 5.927365
v -6.065948 0.259207 4.622556
v 5.875721 0.259207 -7.858196
v -6.726581 0.608707 2.881919
v -8.033010 0.368811 6.533442
v -8.223618 0.368811 6.575866
v -7.858196 0.259207 5.875721
v -6.050104 0.259207 4.535024
v 4.535024 1.000000 -6.050104
v 4.535024 0.259207 -6.050104
v 5.927365 0.259207 -7.932057
v 4.550013 1.000000 -6.116630
v 4.550013 0.259207 -6.116630
v -6.116630 1.000000 4.550013
v -6.116630 0.259207 4.550013
v -7.910170 1.000000 5.803039
v -7.910170 0.259207 5.803039
v 6.397779 0.368811 -8.362914
v 6.397779 1.000000 -8.362914
v 6.434482 1.000000 -8.393712
v 6.434482 0.368811 -8.393712
v 6.223000 1.000000 -8.275831
v 6.223000 0.368811 -8.275831
v 5.803039 1.000000 -7.910169
v 5.803039 0.259207 -7.910169
v 1.449364 0.608707 -7.172987
v -7.946909 1.000000 5.860660
v -7.946909 0.259207 5.860660
v 5.860660 1.000000 -7.946909
v 5.860660 0.259207 -7.946909
v 6.051816 1.000000 -8.278573
v 6.051816 0.368811 -8.278573
v 3.123854 1.000000 -6.617695
v -7.220808 0.608707 1.188399
v 5.847261 1.000000 -8.424297
v 5.847261 0.368811 -8.424297
v -6.456357 1.000000 4.053544
v -6.418293 1.000000 3.996963
v -6.418293 0.259207 3.996963
v -6.456357 0.259207 4.053544
v -6.430786 1.000000 3.929923
v -6.430786 0.259207 3.929923
v -6.726581 1.000000 2.881919
v -8.639585 0.368811 6.094696
v -8.639585 1.000000 6.094696
v -8.609613 1.000000 6.061721
v -8.609613 0.368811 6.061721
v -8.515679 1.000000 5.890526
v -8.515679 0.368811 5.890526
v 5.788745 1.000000 -8.585193
v 5.788745 0.368811 -8.585193
v -8.511644 1.000000 5.719368
v -8.511644 0.368811 5.719368
v 5.815658 0.368811 -8.783294
v 3.789098 1.000000 -6.543159
v 3.844429 1.000000 -6.583018
v 3.844429 0.259207 -6.583018
v 3.789098 0.259207 -6.543159
v -0.309362 0.608707 -7.311408
v 3.721692 1.000000 -6.553496
v 3.721692 0.259207 -6.553496
v 5.815658 1.000000 -8.783294
v -6.505621 0.259207 3.980030
v -8.273878 1.000000 5.271526
v -8.273878 0.259207 5.271526
v -7.295387 0.608707 -0.574187
v -8.649157 1.000000 5.509204
v -8.649157 0.368811 5.509204
v -8.340892 1.000000 5.284904
v -8.340892 0.259207 5.284904
v -6.862163 1.000000 3.260533
v -6.862163 0.259207 3.260533
v 5.003505 1.000000 -8.438660
v 5.003505 0.259207 -8.438660
v -8.397692 1.000000 5.246900
v -8.397692 0.259207 5.246900
v 3.769374 0.259207 -6.629900
v -8.807610 1.000000 5.444366
v -8.807610 0.368811 5.444366
v -8.323616 0.259207 5.197303
v -9.002094 0.368811 5.461886
v -9.002094 1.000000 5.461886
v -2.050105 0.608707 -7.024915
v 5.493054 0.368811 -8.986389
v 5.493054 1.000000 -8.986389
v -6.956667 0.259207 3.306961
v 5.014726 1.000000 -8.506068
v 5.014726 0.259207 -8.506068
v 5.326313 1.000000 -8.879498
v 5.326313 0.368811 -8.879498
v -6.945982 0.608707 -2.303400
v 4.927724 0.259207 -8.485991
v 4.974920 1.000000 -8.561619
v 4.974920 0.259207 -8.561619
v 5.635443 1.000000 -11.938346
v 5.089992 1.000000 -10.782840
v 5.155777 1.000000 -8.864379
v 5.155777 0.368811 -8.864379
v 5.089992 0.258510 -10.782840
v -6.968203 1.000000 3.068523
v -6.968203 0.259207 3.068523
v 3.082188 0.259207 -7.059131
v 3.038814 0.259207 -6.963186
v 1.057930 1.000000 -7.600032
v 1.166521 1.000000 -7.629389
v 1.166652 0.515357 -7.629312
v 1.225885 1.000000 -7.724939
v 1.226152 0.515357 -7.724751
v 4.937144 1.000000 -8.987984
v 4.937144 0.368811 -8.987984
v -9.130044 0.368811 5.249126
v -9.130044 1.000000 5.249126
v -9.019351 1.000000 5.085901
v -9.019351 0.368811 5.085901
v -3.671705 0.608707 -6.330161
v 4.528599 0.258510 -9.593563
v -6.192904 0.608707 -3.898751
v -9.016123 1.000000 4.318721
v -9.016123 0.259207 4.318721
v -8.999659 1.000000 4.915833
v -8.999659 0.368811 4.915833
v 0.630936 1.000000 -7.647780
v 0.630798 0.515357 -7.647797
v 2.843502 1.000000 -7.063014
v 3.038814 1.000000 -6.963186
v 2.843502 0.259207 -7.063014
v -5.079919 0.608707 -5.267522
v 4.862173 1.000000 -9.141902
v 4.862173 0.368811 -9.141902
v -7.046486 0.259207 3.102996
v -12.134772 1.000000 5.198987
v -11.003386 1.000000 4.714260
v -9.117346 1.000000 4.693959
v -9.117346 0.368811 4.693959
v 4.867054 0.368811 -9.337112
v 0.531512 1.000000 -7.700403
v 0.531368 0.515357 -7.700355
v 3.991569 0.259207 -9.070737
v 4.876968 0.368811 -9.374247
v -8.938080 0.259207 4.280379
v -11.003386 0.258510 4.714260
v 4.867054 1.000000 -9.337112
v 2.633503 1.000000 -7.126361
v 2.633503 0.259207 -7.126361
v 4.876968 1.000000 -9.374247
v 1.449364 1.000000 -7.172987
v -7.038251 0.259207 2.860663
v -7.136305 0.259207 2.899032
v -9.751410 0.258510 4.177867
v 2.875448 0.259207 -7.142363
v -9.269195 1.000000 4.614881
v -9.269195 0.368811 4.614881
v -9.464467 0.368811 4.614518
v -9.494047 0.368811 4.621570
v -7.038251 1.000000 2.860663
v -7.240794 1.000000 2.090506
v -7.240794 0.259207 2.090506
v 1.527539 1.000000 -9.631215
v 1.531742 0.515357 -9.630676
v -9.464467 1.000000 4.614518
v 4.027388 0.259207 -9.149968
v 5.635443 -1.000000 -11.938346
v 2.668707 0.259207 -7.225595
v -7.220808 1.000000 1.188399
v 1.428585 1.000000 -9.688046
v 1.432796 0.515357 -9.687580
v -0.531512 1.000000 -7.700401
v -0.531368 0.515357 -7.700353
v -9.494047 1.000000 4.621570
v -0.630935 1.000000 -7.647779
v -0.630798 0.515357 -7.647796
v -9.162609 1.000000 4.034855
v -9.162609 0.259207 4.034855
v 1.857246 1.000000 -7.304105
v 1.857246 0.259207 -7.304105
v 0.571751 1.000000 -9.629880
v 0.567682 0.515357 -9.630188
v -9.065105 0.259207 3.991918
v -7.328283 0.259207 2.111878
v 3.699182 0.259207 -9.188449
v -1.166521 1.000000 -7.629387
v -1.166652 0.515357 -7.629311
v -1.225885 1.000000 -7.724937
v -1.226152 0.515357 -7.724750
v -10.467882 1.000000 1.722801
v -10.481156 1.000000 1.409057
v -10.467882 0.258510 1.722801
v -7.281813 1.000000 2.036028
v -7.281813 0.259207 2.036028
v 0.730678 1.000000 -9.766096
v 0.726467 0.515357 -9.766562
v -7.349251 1.000000 2.025905
v -7.349251 0.259207 2.025905
v 4.027388 1.000000 -9.149968
v 3.738970 1.000000 -9.287281
v 3.738970 0.259207 -9.287281
v 4.232779 0.368811 -9.641239
v 4.232779 1.000000 -9.641239
v 4.262549 1.000000 -9.681789
v 4.262549 0.368811 -9.681789
v 4.083626 1.000000 -9.515203
v 4.083626 0.368811 -9.515203
v -10.481156 0.368811 1.409057
v 1.875803 0.259207 -7.392233
v -12.134772 -1.000000 5.198987
v 3.402389 0.259207 -9.293738
v 3.916671 1.000000 -9.477284
v 3.916671 0.368811 -9.477284
v -9.179856 0.259207 3.698653
v 1.801481 1.000000 -7.343354
v 1.801481 0.259207 -7.343354
v 1.789201 1.000000 -7.410433
v 1.789201 0.259207 -7.410433
v -0.571751 1.000000 -9.629880
v -0.567682 0.515357 -9.630188
v 3.683402 1.000000 -9.570361
v 3.683402 0.368811 -9.570361
v -9.273108 0.259207 3.735141
v -9.793942 0.368811 4.032125
v -9.793942 1.000000 4.032125
v -9.741842 1.000000 3.995800
v -9.741842 0.368811 3.995800
v -9.612198 1.000000 3.849775
v -9.612198 0.368811 3.849775
v 3.435867 1.000000 -9.388110
v 3.435867 0.259207 -9.388110
v -9.570208 1.000000 3.683797
v -9.570208 0.368811 3.683797
v -10.512057 1.000000 0.678754
v -10.528174 1.000000 0.297869
v -10.512057 0.368811 0.678754
v -11.806004 0.368811 1.568685
v -11.806004 1.000000 1.568685
v -11.789597 1.000000 1.940328
v -11.789597 0.258510 1.940328
v -10.575998 0.258510 -0.832389
v 3.588409 1.000000 -9.712797
v 3.588409 0.368811 -9.712797
v -10.528174 0.368811 0.297869
v -9.657553 1.000000 3.448320
v -9.657553 0.368811 3.448320
v -9.452714 0.259207 2.630883
v -0.730678 1.000000 -9.766094
v -0.726467 0.515357 -9.766563
v 3.567666 0.368811 -9.912224
v 2.326418 0.259207 -9.532215
v 3.567666 1.000000 -9.912224
v -9.540264 1.000000 2.652271
v -9.273108 1.000000 3.735141
v -9.540264 0.259207 2.652271
v -9.797625 1.000000 3.349876
v -9.797625 0.368811 3.349876
v -11.841231 0.368811 0.770718
v -1.428585 1.000000 -9.688046
v -1.432796 0.515357 -9.687578
v 1.058068 0.515357 -7.600017
v -10.000404 0.368811 3.324662
v -1.527539 1.000000 -9.631213
v -1.531742 0.515357 -9.630676
v -7.542453 1.000000 1.107765
v -7.484815 1.000000 1.071322
v -7.484815 0.259207 1.071322
v -7.542453 0.259207 1.107765
v -7.469233 1.000000 1.004934
v -7.469233 0.259207 1.004934
v -10.558960 0.368811 -0.429725
v -10.558960 1.000000 -0.429725
v -10.575998 1.000000 -0.832389
v 2.239183 0.259207 -9.551550
v 2.239183 1.000000 -9.551550
v -9.474836 1.000000 2.544312
v -9.474836 0.259207 2.544312
v -0.309362 1.000000 -7.311408
v -10.000404 1.000000 3.324662
v -11.177382 0.368811 4.570052
v -11.177382 1.000000 4.570052
v -11.056698 1.000000 4.526165
v -11.056698 0.368811 4.526165
v -11.860694 0.368811 0.329875
v -0.993505 0.368811 -10.509521
v -0.993505 1.000000 -10.509521
v -0.448475 1.000000 -10.599221
v -11.860694 1.000000 0.329875
v -11.841231 1.000000 0.770718
v 2.344988 1.000000 -9.620405
v 2.344988 0.259207 -9.620405
v -11.332642 1.000000 4.585873
v -11.332642 0.368811 4.585873
v -0.448475 0.258510 -10.599221
v -11.895914 0.368811 -0.467938
v -7.295387 1.000000 -0.574187
v -11.526155 1.000000 4.559716
v -11.526155 0.368811 4.559716
v -7.557913 0.259207 1.020633
v -9.529951 1.000000 2.584716
v -9.529951 0.259207 2.584716
v -7.594250 1.000000 0.218462
v -7.594250 0.259207 0.218462
v -1.708538 0.368811 -10.391840
v 0.494419 0.515357 -7.806578
v 2.898603 1.000000 -9.940482
v 3.034377 1.000000 -10.089070
v 3.034377 0.368811 -10.089070
v 2.898603 0.368811 -9.940482
v -11.666226 1.000000 4.461270
v -11.666226 0.368811 4.461270
v 2.737485 1.000000 -9.882582
v 2.737485 0.368811 -9.882582
v -11.916661 0.258510 -0.937907
v -2.187844 0.368811 -10.312957
v 0.494722 1.000000 -7.806705
v -2.187844 1.000000 -10.312957
v -1.708538 1.000000 -10.391840
v 2.494642 1.000000 -9.946658
v 2.494642 0.368811 -9.946658
v -0.503081 1.000000 -11.889747
v -1.124458 1.000000 -11.782929
v -0.503081 0.258510 -11.889747
v 2.277798 1.000000 -9.607931
v 2.277798 0.259207 -9.607931
v -10.157752 1.000000 2.785491
v -10.008377 1.000000 2.654709
v -10.008377 0.368811 2.654709
v -10.157752 0.368811 2.785491
v -11.753571 1.000000 4.225793
v -11.753571 0.368811 4.225793
v -2.919304 0.368811 -10.192573
v -11.274765 0.368811 3.756773
v -11.453916 0.368811 3.824534
v -7.699452 0.259207 0.222866
v -11.916661 1.000000 -0.937907
v -11.895914 1.000000 -0.467938
v -9.946554 1.000000 2.495054
v -9.946554 0.368811 2.495054
v 1.553496 1.000000 -9.520095
v 1.557533 0.515357 -9.519493
v -11.581937 0.368811 3.913789
v -2.972003 0.258510 -10.183899
v 2.358472 0.258510 -11.672226
v 2.101116 0.258510 -10.398556
v -1.124458 0.368811 -11.782929
v -7.613914 1.000000 0.000000
v -7.613914 0.259207 0.000000
v -11.861754 0.368811 -1.203707
v -11.861754 1.000000 -1.203707
v 2.358472 1.000000 -11.672226
v 2.383065 1.000000 -10.076511
v 2.383065 0.368811 -10.076511
v -11.274765 1.000000 3.756773
v -11.453916 1.000000 3.824534
v -11.711582 0.368811 4.059817
v -11.711582 1.000000 4.059817
v 2.614654 1.000000 -12.940090
v -10.004674 1.000000 2.250718
v -10.004674 0.368811 2.250718
v -11.581937 1.000000 3.913789
v -2.972003 1.000000 -10.183899
v -2.919304 1.000000 -10.192573
v -3.456901 1.000000 -9.976151
v -3.456901 0.368811 -9.976151
v 2.338249 0.368811 -10.266572
v -9.696701 1.000000 1.489965
v -9.696701 0.259207 1.489965
v -7.594250 1.000000 -0.218462
v -7.594250 0.259207 -0.218462
v 2.338249 1.000000 -10.266572
v 2.338480 0.368811 -10.319841
v -10.131762 1.000000 2.136000
v -10.131762 0.368811 2.136000
v -11.700037 0.368811 -1.986556
v -1.912022 1.000000 -11.647543
v -2.457285 1.000000 -11.553810
v -1.912022 0.368811 -11.647543
v 2.338480 1.000000 -10.319841
v -7.699452 0.259207 0.000000
v -3.328103 0.258510 -11.404114
v -10.320669 0.368811 2.086549
v -11.596006 1.000000 -2.490144
v -11.700037 1.000000 -1.986556
v -11.596006 0.368811 -2.490144
v -4.525761 1.000000 -9.518211
v -4.123466 1.000000 -9.690570
v -4.525761 0.368811 -9.518211
v -10.320669 1.000000 2.086549
v -10.361970 0.368811 2.085718
v -2.457285 0.368811 -11.553810
v -4.123466 0.368811 -9.690570
v -7.699451 0.259207 -0.222866
v -9.712310 0.259207 1.401993
v -0.494722 1.000000 -7.806704
v -0.494419 0.515357 -7.806577
v -5.322809 0.258510 -9.176727
v -2.050105 1.000000 -7.024915
v -10.361970 1.000000 2.085718
v -9.763427 1.000000 1.475201
v -9.763427 0.259207 1.475201
v -11.434490 0.368811 -3.272023
v -5.204054 0.368811 -9.227607
v -5.322809 1.000000 -9.176727
v -5.204054 1.000000 -9.227607
v -9.800091 1.000000 1.417530
v -9.800091 0.259207 1.417530
v -11.649409 0.368811 3.179699
v -11.649409 1.000000 3.179699
v -11.451300 1.000000 3.133914
v -11.451300 0.368811 3.133914
v -1.057930 1.000000 -7.600029
v -1.058068 0.515357 -7.600015
v -6.945982 1.000000 -2.303400
v -3.246010 0.368811 -11.418225
v -3.246010 1.000000 -11.418225
v -3.328103 1.000000 -11.404114
v -11.333988 0.258510 -3.758537
v -11.805443 1.000000 3.176560
v -11.805443 0.368811 3.176560
v -7.469232 1.000000 -1.004934
v -7.484815 1.000000 -1.071323
v -7.484815 0.259207 -1.071323
v -7.469232 0.259207 -1.004934
v -3.883865 1.000000 -11.175501
v -7.557914 0.259207 -1.020632
v -7.542453 1.000000 -1.107765
v -7.542453 0.259207 -1.107765
v 1.588354 1.000000 -10.231922
v 1.701466 1.000000 -10.391098
v 1.701466 0.368811 -10.391098
v 1.588354 0.368811 -10.231922
v -11.333988 1.000000 -3.758537
v -11.434490 1.000000 -3.272023
v 1.436079 1.000000 -10.153665
v 1.436079 0.368811 -10.153665
v 1.716614 1.000000 -10.428818
v 1.716614 0.368811 -10.428818
v 0.617396 0.515357 -9.732930
v -11.994350 1.000000 3.127109
v -11.994350 0.368811 3.127109
v -11.261186 1.000000 -3.911590
v -11.261186 0.368811 -3.911590
v -3.883865 0.368811 -11.175501
v 1.186989 1.000000 -10.185788
v 1.186989 0.368811 -10.185788
v -12.121437 1.000000 3.012391
v -12.121437 0.368811 3.012391
v -4.622414 0.368811 -10.871698
v 2.614654 -1.000000 -12.940090
v -4.622414 1.000000 -10.871698
v -5.085429 1.000000 -10.681237
v -10.436954 1.000000 1.392807
v -10.274495 1.000000 1.284461
v -10.274495 0.368811 1.284461
v -10.436954 0.368811 1.392807
v 0.621614 1.000000 -9.732526
v -10.191760 1.000000 1.134573
v -10.191760 0.368811 1.134573
v -9.992002 1.000000 0.318829
v -9.992002 0.259207 0.318829
v -10.665792 1.000000 -5.163279
v -10.917610 1.000000 -4.633884
v -10.665792 0.368811 -5.163279
v 1.059551 1.000000 -10.300117
v 1.059551 0.368811 -10.300117
v -5.085429 0.368811 -10.681237
v -10.917610 0.368811 -4.633884
v -10.216489 1.000000 0.884640
v -10.216489 0.368811 0.884640
v -11.668978 0.368811 2.365900
v -11.833417 0.368811 2.406130
v -1.857247 1.000000 -7.304105
v -1.801481 1.000000 -7.343354
v -1.801481 0.259207 -7.343354
v -1.857247 0.259207 -7.304105
v -9.905128 0.259207 0.315193
v -1.789201 1.000000 -7.410433
v -1.789201 0.259207 -7.410433
v -5.826149 0.368811 -10.376543
v -12.179558 1.000000 2.768055
v -12.179558 0.368811 2.768055
v -10.097902 0.258510 -6.357148
v -11.971325 0.368811 2.479188
v 0.990120 0.368811 -10.485996
v -11.668978 1.000000 2.365900
v -11.833417 1.000000 2.406130
v 0.990120 1.000000 -10.485996
v -5.826149 1.000000 -10.376543
v -5.981641 1.000000 -10.312580
v -5.981641 0.258510 -10.312580
v -7.279870 1.000000 -2.042957
v -7.238799 1.000000 -2.097397
v -7.238799 0.259207 -2.097397
v -7.279870 0.259207 -2.042957
v -10.322797 0.368811 -5.884354
v -10.097902 1.000000 -6.357148
v -10.322797 1.000000 -5.884354
v -7.347318 1.000000 -2.032900
v -7.347318 0.259207 -2.032900
v -3.671705 1.000000 -6.330161
v -12.117735 0.368811 2.608400
v -10.326992 1.000000 0.753871
v -10.326992 0.368811 0.753871
v -11.971325 1.000000 2.479188
v -12.117735 1.000000 2.608400
v -10.055030 1.000000 -6.409694
v -10.055030 0.368811 -6.409694
v -2.633503 1.000000 -7.126361
v -2.633503 0.259207 -7.126361
v -6.192904 1.000000 -3.898751
v -13.026359 -1.000000 2.143873
v -13.026359 1.000000 2.143873
v -9.132683 1.000000 -7.540188
v -9.549105 1.000000 -7.029793
v -9.132683 0.368811 -7.540188
v -1.875803 0.259207 -7.392233
v -8.627862 0.368811 -8.158933
v -8.279785 1.000000 -8.585559
v -8.627862 1.000000 -8.158933
v -9.549105 0.368811 -7.029793
v -7.326268 0.259207 -2.118855
v -9.905128 0.259207 0.000000
v -1.557533 0.515357 -9.519493
v -8.279785 0.258510 -8.585559
v 1.911935 0.368811 -11.706169
v 1.911935 1.000000 -11.706169
v 1.938002 1.000000 -11.919033
v 1.938002 0.368811 -11.919033
v -2.843503 1.000000 -7.063014
v -2.843503 0.259207 -7.063014
v -10.011668 1.000000 0.000000
v -10.011668 0.259207 0.000000
v -2.668707 0.259207 -7.225595
v -3.038815 1.000000 -6.963186
v -3.038815 0.259207 -6.963186
v -7.035523 1.000000 -2.867363
v -6.965278 1.000000 -3.075155
v -6.965278 0.259207 -3.075155
v -7.035523 0.259207 -2.867363
v -5.079919 1.000000 -5.267522
v 1.918484 1.000000 -12.073874
v 1.918484 0.368811 -12.073874
v 0.147919 1.000000 -10.253651
v 0.289145 1.000000 -10.350434
v 0.289145 0.368811 -10.350434
v 0.147919 0.368811 -10.253651
v -9.891956 0.259207 -0.314642
v 0.384249 1.000000 -10.533682
v 0.384249 0.368811 -10.533682
v -7.133542 0.259207 -2.905823
v -6.859056 1.000000 -3.267063
v -6.859056 0.259207 -3.267063
v -10.352416 1.000000 0.206320
v -10.254506 1.000000 0.065874
v -10.254506 0.368811 0.065874
v -10.352416 0.368811 0.206320
v -3.721692 1.000000 -6.553495
v -3.721692 0.259207 -6.553495
v -9.992002 1.000000 -0.318829
v -9.992002 0.259207 -0.318829
v -0.103234 1.000000 -10.254197
v -0.103234 0.368811 -10.254197
v -0.621614 1.000000 -9.732523
v -0.617396 0.515357 -9.732929
v -9.711345 0.259207 -1.401821
v 1.849458 1.000000 -12.256538
v 1.849458 0.368811 -12.256538
v -6.427042 1.000000 -3.936044
v -6.427042 0.259207 -3.936044
v -11.971227 0.368811 1.583963
v -11.971227 1.000000 1.583963
v -10.253044 1.000000 -0.185276
v -10.253044 0.368811 -0.185276
v -2.875448 0.259207 -7.142363
v -3.789098 1.000000 -6.543159
v -3.789098 0.259207 -6.543159
v -1.553496 1.000000 -9.520092
v -3.844430 0.259207 -6.583017
v -3.844430 1.000000 -6.583017
v -3.082188 0.259207 -7.059130
v -6.414485 1.000000 -4.003071
v -6.414485 0.259207 -4.003071
v -7.043528 0.259207 -3.109703
v -12.125420 1.000000 1.559867
v -12.125420 0.368811 1.559867
v -0.244037 1.000000 -10.351596
v -0.244037 0.368811 -10.351596
v -6.452496 1.000000 -4.059688
v -6.452496 0.259207 -4.059688
v 1.722021 1.000000 -12.370869
v 1.722021 0.368811 -12.370869
v -9.696701 1.000000 -1.489965
v -9.696701 0.259207 -1.489965
v -2.239183 1.000000 -9.551549
v -2.239183 0.259207 -9.551549
v -10.349312 1.000000 -0.326852
v -10.349312 0.368811 -0.326852
v -6.953517 0.259207 -3.313582
v -6.050104 1.000000 -4.535024
v -5.992140 1.000000 -4.570949
v -5.992140 0.259207 -4.570949
v -6.050104 0.259207 -4.535024
v -4.570949 1.000000 -5.992140
v -4.535024 1.000000 -6.050104
v -4.535024 0.259207 -6.050104
v -4.570949 0.259207 -5.992140
v -3.769374 0.259207 -6.629899
v 1.114969 0.368811 -11.766750
v 1.149380 0.368811 -12.020739
v -6.116630 1.000000 -4.550013
v -6.116630 0.259207 -4.550013
v -4.550013 1.000000 -6.116630
v -4.550013 0.259207 -6.116630
v -12.305960 1.000000 1.485457
v -12.305960 0.368811 1.485457
v -5.215469 1.000000 -5.524422
v -5.215469 0.259207 -5.524422
v -5.524422 1.000000 -5.215469
v -5.524422 0.259207 -5.215469
v -0.335484 1.000000 -10.524133
v -0.335484 0.368811 -10.524133
v -6.501829 0.259207 -3.986221
v 1.149380 1.000000 -12.020739
v 1.114969 1.000000 -11.766750
v 1.472930 1.000000 -12.402992
v 1.472930 0.368811 -12.402992
v 1.207543 0.368811 -12.165560
v -10.521111 1.000000 -0.419678
v -10.521111 0.368811 -0.419678
v -5.383850 1.000000 -5.383850
v -5.383850 0.259207 -5.383850
v -0.352841 0.368811 -10.591694
v -0.352841 1.000000 -10.591694
v 1.207543 1.000000 -12.165560
v -12.416464 1.000000 1.354688
v -12.416464 0.368811 1.354688
v 1.320655 0.368811 -12.324735
v -2.326418 0.259207 -9.532215
v 1.320655 1.000000 -12.324735
v -6.065948 0.259207 -4.622556
v -4.622556 0.259207 -6.065948
v -12.049519 0.368811 0.792674
v -9.800090 0.259207 -1.417530
v -5.286745 0.259207 -5.601924
v -5.601924 0.259207 -5.286745
v -12.049519 1.000000 0.792674
v -12.441193 1.000000 1.104754
v -12.441193 0.368811 1.104754
v -12.196000 0.368811 0.846520
v -5.444335 0.259207 -5.444335
v -9.763427 1.000000 -1.475201
v -9.763427 0.259207 -1.475201
v -9.800090 1.000000 -1.417530
v -12.196000 1.000000 0.846520
v -9.472409 1.000000 -2.553329
v -9.472409 0.259207 -2.553329
v -12.358458 0.368811 0.954867
v -3.402388 0.259207 -9.293738
v -12.358458 1.000000 0.954867
v -1.193218 1.000000 -10.185061
v -1.065850 1.000000 -10.299469
v -1.065850 0.368811 -10.299469
v -1.193218 0.368811 -10.185061
v -0.996934 1.000000 -10.482176
v -0.996934 0.368811 -10.482176
v -10.293228 1.000000 -1.124522
v -10.178097 1.000000 -1.251236
v -10.178097 0.368811 -1.251236
v -10.293228 0.368811 -1.124522
v -10.476326 1.000000 -1.056649
v -10.476326 0.368811 -1.056649
v -1.442288 1.000000 -10.152784
v -1.442288 0.368811 -10.152784
v 0.424925 0.368811 -11.819204
v 0.424925 1.000000 -11.819204
v 0.423873 1.000000 -12.068121
v 0.423873 0.368811 -12.068121
v -10.144402 1.000000 -1.500119
v -10.144402 0.368811 -1.500119
v -10.532031 0.368811 -1.049985
v -10.532031 1.000000 -1.049985
v -12.071127 0.368811 0.327301
v -12.071127 1.000000 0.327301
v -1.594610 1.000000 -10.230948
v -1.594610 0.368811 -10.230948
v 0.385040 1.000000 -12.219278
v 0.385040 0.368811 -12.219278
v -9.451155 0.259207 -2.640114
v -10.221696 1.000000 -1.652884
v -10.221696 0.368811 -1.652884
v -3.699183 0.259207 -9.188448
v -12.221968 1.000000 0.287260
v -12.221968 0.368811 0.287260
v -2.277799 1.000000 -9.607930
v -2.277799 0.259207 -9.607930
v -3.991569 0.259207 -9.070737
v 0.293591 1.000000 -12.391813
v 0.293591 0.368811 -12.391813
v -2.344989 1.000000 -9.620405
v -2.344989 0.259207 -9.620405
v -5.003505 0.259207 -8.438660
v -5.003505 1.000000 -8.438660
v -10.386618 1.000000 -1.769641
v -10.386618 0.368811 -1.769641
v -12.393766 1.000000 0.194435
v -12.393766 0.368811 0.194435
v -9.527484 1.000000 -2.593786
v -9.527484 0.259207 -2.593786
v -4.927724 0.259207 -8.485991
v -9.537734 1.000000 -2.661352
v -9.537734 0.259207 -2.661352
v 0.152790 1.000000 -12.489212
v 0.152790 0.368811 -12.489212
v -0.372910 0.368811 -11.879851
v -0.371278 0.368811 -12.069855
v -12.490034 1.000000 0.052858
v -12.490034 0.368811 0.052858
v -2.349033 1.000000 -9.982048
v -2.235570 1.000000 -10.110258
v -2.235570 0.368811 -10.110258
v -2.349033 0.368811 -9.982048
v -0.371278 1.000000 -12.069855
v -0.372910 1.000000 -11.879851
v -10.106203 1.000000 -2.253832
v -9.977788 1.000000 -2.367062
v -9.977788 0.368811 -2.367062
v -10.106203 0.368811 -2.253832
v -12.066496 0.368811 -0.467838
v -2.592785 1.000000 -9.921527
v -2.592785 0.368811 -9.921527
v -10.298335 1.000000 -2.206562
v -10.298335 0.368811 -2.206562
v -0.331787 0.368811 -12.220840
v -9.916825 1.000000 -2.610704
v -9.916825 0.368811 -2.610704
v -12.066496 1.000000 -0.467838
v -3.435867 1.000000 -9.388109
v -3.435867 0.259207 -9.388109
v -0.098363 1.000000 -12.489758
v -0.098363 0.368811 -12.489758
v -0.331787 1.000000 -12.220840
v -9.188602 0.259207 -3.712204
v -12.217793 0.368811 -0.429557
v -0.558088 -1.000000 -13.189801
v -12.488573 1.000000 -0.198291
v -12.488573 0.368811 -0.198291
v -12.217793 1.000000 -0.429557
v -0.239589 1.000000 -12.392976
v -0.239589 0.368811 -12.392976
v -2.753040 1.000000 -9.981776
v -2.753040 0.368811 -9.981776
v -9.976788 1.000000 -2.771068
v -9.976788 0.368811 -2.771068
v -8.317852 0.259207 -5.204679
v -12.390662 1.000000 -0.338738
v -12.390662 0.368811 -0.338738
v -0.558088 1.000000 -13.189801
v -8.268855 1.000000 -5.279400
v -8.268855 0.259207 -5.279400
v -2.883686 1.000000 -10.126907
v -2.883686 0.368811 -10.126907
v -10.121681 1.000000 -2.901976
v -10.121681 0.368811 -2.901976
v -9.061301 0.259207 -4.000545
v -5.803039 1.000000 -7.910169
v -5.803039 0.259207 -7.910169
v -7.910169 1.000000 -5.803039
v -7.910169 0.259207 -5.803039
v -9.269547 0.259207 -3.743965
v -3.738971 1.000000 -9.287280
v -3.738971 0.259207 -9.287280
v -13.160899 -1.000000 -1.035835
v -1.156730 1.000000 -12.020032
v -1.156730 0.368811 -12.020032
v -10.154236 1.000000 -2.919711
v -10.154236 0.368811 -2.919711
v -8.922174 0.259207 -4.283062
v -5.875721 0.259207 -7.858196
v -7.858998 0.259207 -5.876282
v -12.013247 0.368811 -1.225206
v -12.013247 1.000000 -1.225206
v -4.027388 1.000000 -9.149968
v -4.027388 0.259207 -9.149968
v -9.158764 1.000000 -4.043575
v -9.269547 1.000000 -3.743965
v -9.158764 0.259207 -4.043575
v -3.573795 1.000000 -9.611827
v -3.477182 1.000000 -9.753168
v -3.477182 0.368811 -9.753168
v -3.573795 0.368811 -9.611827
v -13.160899 1.000000 -1.035835
v -3.808114 1.000000 -9.521423
v -3.808114 0.368811 -9.521423
v -1.214982 1.000000 -12.164818
v -1.214982 0.368811 -12.164818
v -3.453547 1.000000 -9.947006
v -3.453547 0.368811 -9.947006
v -9.012007 1.000000 -4.327301
v -9.012007 0.259207 -4.327301
v -12.157699 1.000000 -1.284282
v -12.157699 0.368811 -1.284282
v -4.974921 1.000000 -8.561618
v -4.974921 0.259207 -8.561618
v -3.974624 1.000000 -9.561247
v -3.974624 0.368811 -9.561247
v -1.328192 1.000000 -12.323927
v -1.328192 0.368811 -12.323927
v -5.014726 1.000000 -8.506068
v -5.014726 0.259207 -8.506068
v -8.392693 1.000000 -5.254893
v -8.392693 0.259207 -5.254893
v -12.316157 1.000000 -1.398396
v -12.316157 0.368811 -1.398396
v -10.069474 0.258510 -3.339203
v -8.335857 1.000000 -5.292840
v -8.335857 0.259207 -5.292840
v -1.945289 0.368811 -11.917847
v -1.945289 1.000000 -11.917847
v -6.772185 0.259207 -7.217154
v -7.226857 0.259207 -6.781107
v -1.480514 1.000000 -12.402090
v -1.480514 0.368811 -12.402090
v -11.906569 0.368811 -2.013171
v -11.906569 1.000000 -2.013171
v -4.606268 1.000000 -9.161961
v -4.525736 1.000000 -9.313045
v -4.525736 0.368811 -9.313045
v -4.606268 0.368811 -9.161961
v -7.946909 1.000000 -5.860661
v -7.946909 0.259207 -5.860661
v -5.860660 1.000000 -7.946909
v -5.860660 0.259207 -7.946909
v -4.829259 1.000000 -9.046408
v -4.829259 0.368811 -9.046408
v -12.393452 1.000000 -1.551161
v -12.393452 0.368811 -1.551161
v -7.003983 0.259207 -7.003983
v -7.932057 1.000000 -5.927364
v -7.932057 0.259207 -5.927364
v -5.927365 1.000000 -7.932057
v -5.927365 0.259207 -7.932057
v -1.925867 0.368811 -12.072699
v -1.925867 1.000000 -12.072699
v -4.999133 1.000000 -9.067732
v -4.999133 0.368811 -9.067732
v -12.061528 0.368811 -1.994630
v -12.061528 1.000000 -1.994630
v -1.729585 1.000000 -12.369813
v -1.729585 0.368811 -12.369813
v -7.290858 1.000000 -6.839968
v -7.290858 0.259207 -6.839968
v -6.839968 1.000000 -7.290858
v -6.839968 0.259207 -7.290858
v -12.359757 1.000000 -1.800044
v -12.359757 0.368811 -1.800044
v -1.856952 1.000000 -12.255406
v -1.856952 0.368811 -12.255406
v -10.069474 1.000000 -3.339203
v -8.977751 1.000000 -5.651955
v -8.977751 0.258510 -5.651955
v -12.244626 1.000000 -1.926758
v -12.244626 0.368811 -1.926758
v -2.522428 1.000000 -11.809174
v -2.522428 0.368811 -11.809174
v -7.079318 1.000000 -7.079318
v -7.079318 0.259207 -7.079318
v -5.159951 1.000000 -9.178497
v -5.159951 0.368811 -9.178497
v -11.804597 0.368811 -2.543757
v -11.804597 1.000000 -2.543757
v -2.596839 1.000000 -11.946358
v -2.596839 0.368811 -11.946358
v -11.941645 1.000000 -2.618417
v -11.941645 0.368811 -2.618417
v -2.727486 1.000000 -12.091488
v -2.727486 0.368811 -12.091488
v -12.086540 1.000000 -2.749325
v -12.086540 0.368811 -2.749325
v -3.294150 0.368811 -11.617563
v -3.294150 1.000000 -11.617563
v -7.364273 1.000000 -7.636236
v -7.364273 0.258510 -7.636236
v -11.611594 1.000000 -3.315131
v -11.611594 0.368811 -3.315131
v -2.887740 1.000000 -12.151737
v -2.887740 0.368811 -12.151737
v -12.146501 1.000000 -2.909689
v -12.146501 0.368811 -2.909689
v -3.292545 1.000000 -11.773621
v -3.292545 0.368811 -11.773621
v -11.767653 1.000000 -3.313809
v -11.767653 0.368811 -3.313809
v -3.131493 1.000000 -12.091217
v -3.131493 0.368811 -12.091217
v -3.244956 1.000000 -11.963007
v -3.244956 0.368811 -11.963007
v -12.085539 1.000000 -3.153331
v -12.085539 0.368811 -3.153331
v -11.957125 1.000000 -3.266562
v -11.957125 0.368811 -3.266562
v -3.973370 1.000000 -11.403137
v -3.973370 0.368811 -11.403137
v -3.698397 -1.000000 -12.672970
v -11.404988 0.368811 -3.968055
v -11.404988 1.000000 -3.968055
v -11.531879 1.000000 -4.058911
v -11.531879 0.368811 -4.058911
v -4.064285 1.000000 -11.529986
v -4.064285 0.368811 -11.529986
v -12.530576 -1.000000 -4.155345
v -4.715222 0.368811 -11.116919
v -4.715222 1.000000 -11.116919
v -11.119115 1.000000 -4.710041
v -11.119115 0.368811 -4.710041
v -11.659680 1.000000 -4.206553
v -11.659680 0.368811 -4.206553
v -4.211987 1.000000 -11.657719
v -4.211987 0.368811 -11.657719
v -3.698397 1.000000 -12.672970
v -11.274165 1.000000 -4.727811
v -11.274165 0.368811 -4.727811
v -4.733064 1.000000 -11.271960
v -4.733064 0.368811 -11.271960
v -5.199866 1.000000 -10.898653
v -5.199866 0.368811 -10.898653
v -11.699581 1.000000 -4.373045
v -11.699581 0.368811 -4.373045
v -4.378497 1.000000 -11.697543
v -4.378497 0.368811 -11.697543
v -10.865017 0.368811 -5.269782
v -10.865017 1.000000 -5.269782
v -11.467991 1.000000 -4.704085
v -11.467991 0.368811 -4.704085
v -4.709429 1.000000 -11.465797
v -4.709429 0.368811 -11.465797
v -12.530576 1.000000 -4.155345
v -11.609287 1.000000 -4.607406
v -11.609287 0.368811 -4.607406
v -4.612816 1.000000 -11.607140
v -4.612816 0.368811 -11.607140
v -5.304142 1.000000 -11.014765
v -5.304142 0.368811 -11.014765
v -10.980459 1.000000 -5.374803
v -10.980459 0.368811 -5.374803
v -5.905858 0.368811 -10.532808
v -5.905858 1.000000 -10.532808
v -10.494646 1.000000 -5.973411
v -10.494646 0.368811 -5.973411
v -5.464961 1.000000 -11.125530
v -5.464961 0.368811 -11.125530
v -11.090189 1.000000 -5.536330
v -11.090189 0.368811 -5.536330
v -5.940595 1.000000 -10.684959
v -5.940595 0.368811 -10.684959
v -6.443322 0.368811 -9.965633
v -6.443322 1.000000 -9.965633
v -6.563463 1.000000 -10.136082
v -6.563463 0.368811 -10.136082
v -10.646569 1.000000 -6.009123
v -10.646569 0.368811 -6.009123
v -10.179378 0.368811 -6.496112
v -10.179378 1.000000 -6.496112
v -5.634835 1.000000 -11.146855
v -5.634835 0.368811 -11.146855
v -11.110421 1.000000 -5.706336
v -11.110421 0.368811 -5.706336
v -5.938358 1.000000 -10.880219
v -5.938358 0.368811 -10.880219
v -9.729785 1.000000 -7.151958
v -9.729785 0.368811 -7.151958
v -7.216314 0.368811 -9.682150
v -7.216314 1.000000 -9.682150
v -7.081713 1.000000 -9.485893
v -7.081713 0.368811 -9.485893
v -10.841840 1.000000 -6.008141
v -10.841840 0.368811 -6.008141
v -10.281839 1.000000 -6.613832
v -10.281839 0.368811 -6.613832
v -6.681860 1.000000 -10.237761
v -6.681860 0.368811 -10.237761
v -5.857825 1.000000 -11.031301
v -5.857825 0.368811 -11.031301
v -9.305959 0.368811 -7.695344
v -9.305959 1.000000 -7.695344
v -7.545806 0.368811 -9.137134
v -7.545806 1.000000 -9.137134
v -7.696300 1.000000 -9.305169
v -7.696300 0.368811 -9.305169
v -10.993438 1.000000 -5.928582
v -10.993438 0.368811 -5.928582
v -8.779336 1.000000 -8.291108
v -8.779336 0.368811 -8.291108
v -8.292010 0.368811 -8.778483
v -8.292010 1.000000 -8.778483
v -8.185482 1.000000 -8.656427
v -8.185482 0.368811 -8.656427
v -9.876532 1.000000 -7.205076
v -9.876532 0.368811 -7.205076
v -7.270403 1.000000 -9.828543
v -7.270403 0.368811 -9.828543
v -10.372065 1.000000 -6.787011
v -10.372065 0.368811 -6.787011
v -6.855632 1.000000 -10.326836
v -6.855632 0.368811 -10.326836
v -9.393212 1.000000 -7.824740
v -9.393212 0.368811 -7.824740
v -7.825706 1.000000 -9.392409
v -7.825706 0.368811 -9.392409
v -8.918463 1.000000 -8.361820
v -8.918463 0.368811 -8.361820
v -8.362738 1.000000 -8.917603
v -8.362738 0.368811 -8.917603
v -10.070595 1.000000 -7.226781
v -10.070595 0.368811 -7.226781
v -6.623767 -1.000000 -11.419630
v -7.293395 1.000000 -10.022457
v -7.293395 0.368811 -10.022457
v -10.372414 1.000000 -6.958217
v -10.372414 0.368811 -6.958217
v -7.026838 1.000000 -10.326050
v -7.026838 0.368811 -10.326050
v -9.461521 1.000000 -8.007676
v -9.461521 0.368811 -8.007676
v -8.008648 1.000000 -9.460698
v -8.008648 0.368811 -9.460698
v -10.230408 1.000000 -7.165369
v -10.230408 0.368811 -7.165369
v -7.233044 1.000000 -10.182673
v -7.233044 0.368811 -10.182673
v -9.108399 1.000000 -8.407160
v -9.108399 0.368811 -8.407160
v -8.408094 1.000000 -9.107534
v -8.408094 0.368811 -9.107534
v -11.172022 -1.000000 -7.033361
v -9.440872 1.000000 -8.177632
v -9.440872 0.368811 -8.177632
v -8.178602 1.000000 -9.440033
v -8.178602 0.368811 -9.440033
v -9.274535 1.000000 -8.365808
v -9.274535 0.368811 -8.365808
v -8.366760 1.000000 -9.273676
v -8.366760 0.368811 -9.273676
v -6.623767 1.000000 -11.419630
v -11.172022 1.000000 -7.033361
v -9.164188 -1.000000 -9.502625
v -9.164188 1.000000 -9.502625
v 4.528599 1.000000 -9.593563
v -9.751410 1.000000 4.177867
v 2.101116 1.000000 -10.398556
v 0.510213 1.000000 12.058325
v 0.516477 1.000000 12.206362
v 0.523491 1.000000 12.372138
v 0.527195 1.000000 12.459665
v 3.382197 1.000000 11.589473
v 3.423855 1.000000 11.732218
v 3.470651 1.000000 11.892570
v 3.495642 1.000000 11.978205
v -1.118844 0.258510 10.475863
v -1.270318 0.258510 11.823311
v -0.633929 0.258510 11.871710
v -0.568080 0.258510 10.519210
v 2.386848 0.258510 11.649158
v 1.722036 0.258510 11.758465
v 4.396786 0.258510 11.039552
v 4.929221 0.258510 10.809589
v 6.055862 1.000000 10.440539
v 6.130248 1.000000 10.568785
v 6.213592 1.000000 10.712473
v 6.257679 1.000000 10.788481
v 7.453687 0.258510 9.252499
v 6.930903 0.258510 9.646304
v 8.378695 1.000000 8.688120
v 8.481600 1.000000 8.794827
v 8.596882 1.000000 8.914366
v 8.657839 1.000000 8.977574
v 9.112389 0.258510 7.622783
v 9.403082 0.258510 7.266952
v 10.214160 1.000000 6.430338
v 10.339623 1.000000 6.509323
v 10.480192 1.000000 6.597818
v 10.554549 1.000000 6.644630
v 11.838102 1.000000 3.925710
v 10.632692 0.258510 5.303784
v 10.810824 0.258510 4.923465
v 11.456472 1.000000 3.799156
v 11.597168 1.000000 3.845813
v 11.754782 1.000000 3.898080
v 11.559009 0.258510 2.717490
v 11.680884 0.258510 2.096495
v 12.429335 1.000000 0.978258
v 12.030151 1.000000 0.946840
v 12.177653 1.000000 0.958449
v 12.342627 1.000000 0.971433
v 11.852071 0.258510 -0.354302
v 11.829030 0.258510 -0.882657
v 12.305162 1.000000 -2.025179
v 12.218908 1.000000 -2.010984
v 12.055314 1.000000 -1.984060
v 11.909166 1.000000 -1.960007
v 11.273870 0.258510 -3.662962
v 11.401440 0.258510 -3.231019
v 10.131447 0.258510 -2.875648
v 10.022054 0.258510 -3.250497
v 10.527266 0.258510 -0.319412
v 10.507854 0.258510 -0.778175
v 10.258196 0.258510 2.405234
v 10.367107 0.258510 1.866221
v 4.365174 0.258510 9.587009
v 3.903689 0.258510 9.784727
v 1.532038 0.258510 10.420885
v 2.108133 0.258510 10.326071
v 0.424926 0.258510 -11.819204
v 1.114968 0.258510 -11.766750
v 1.728945 1.000000 -12.364656
v -0.510329 1.000000 -12.061034
v -0.516594 1.000000 -12.209118
v -0.523611 1.000000 -12.374960
v -0.527317 1.000000 -12.462551
v -2.457284 0.258510 -11.553811
v -1.912022 0.258510 -11.647544
v -3.495121 1.000000 -11.976421
v -3.470433 1.000000 -11.891825
v -3.423841 1.000000 -11.732171
v -3.382275 1.000000 -11.589743
v -5.085430 0.258510 -10.681237
v -4.622415 0.258510 -10.871698
v -6.258364 1.000000 -10.789661
v -6.214322 1.000000 -10.713733
v -6.131003 1.000000 -10.570088
v -6.056623 1.000000 -10.441854
v -7.545806 0.258510 -9.137134
v -7.081712 0.258510 -9.485893
v -8.660290 1.000000 -8.980116
v -8.599023 1.000000 -8.916586
v -8.483516 1.000000 -8.796813
v -8.380496 1.000000 -8.689989
v -9.549106 0.258510 -7.029792
v -9.132683 0.258510 -7.540188
v -10.559626 1.000000 -6.647826
v -10.484529 1.000000 -6.600549
v -10.343429 1.000000 -6.511719
v -10.217705 1.000000 -6.432570
v -10.917610 0.258510 -4.633884
v -10.665792 0.258510 -5.163280
v -11.840845 1.000000 -3.926619
v -11.757053 1.000000 -3.898832
v -11.599107 1.000000 -3.846455
v -11.458247 1.000000 -3.799743
v -11.700036 0.258510 -1.986555
v -11.596006 0.258510 -2.490145
v -12.433710 1.000000 -0.978601
v -12.346158 1.000000 -0.971711
v -12.180592 1.000000 -0.958679
v -12.032804 1.000000 -0.947048
v -11.841231 0.258510 0.770717
v -11.860693 0.258510 0.329875
v -12.304108 1.000000 2.025005
v -12.217900 1.000000 2.010817
v -12.054344 1.000000 1.983899
v -11.908221 1.000000 1.959851
v -11.274765 0.258510 3.756773
v -11.451302 0.258510 3.133914
v -2.005641 1.000000 12.218000
v -10.157753 0.258510 2.785491
v -10.000404 0.258510 3.324662
v -10.528174 0.258510 0.297868
v -10.512058 0.258510 0.678754
v -10.298334 0.258510 -2.206562
v -10.386618 0.258510 -1.769641
v -4.525761 0.258510 -9.518211
v -4.123466 0.258510 -9.690570
v -1.708538 0.258510 -10.391840
v -2.187844 0.258510 -10.312956
v 0.990121 0.258510 -10.485996
v 0.384249 0.258510 -10.533682
v 3.034376 0.258510 -10.089071
v 3.567666 0.258510 -9.912224
v 5.815657 0.258510 -8.783295
v 5.493054 0.258510 -8.986389
v 9.044973 0.258510 -5.395799
v 9.169190 0.258510 -5.181643
v 7.536263 0.258510 -7.356514
v 7.771852 0.258510 -7.112225
v 2.899611 1.000000 9.935839
v 2.870284 1.000000 9.835345
v 2.949231 1.000000 10.105865
v 0.432892 1.000000 10.230918
v 0.437380 1.000000 10.336981
v 0.444905 1.000000 10.514827
v 0.407461 1.000000 9.629881
v 0.411804 1.000000 9.732524
v 0.413225 1.000000 9.766095
v -2.028928 1.000000 10.041291
v -2.049731 1.000000 10.144247
v -2.084852 1.000000 10.318064
v -3.543920 0.258510 9.920094
v -3.010651 0.258510 10.096934
v -4.291633 1.000000 9.298243
v -4.359871 1.000000 9.383285
v -4.474353 1.000000 9.525958
v -6.297795 1.000000 8.076724
v -6.411654 1.000000 8.121189
v -6.602819 1.000000 8.195847
v -5.431338 0.258510 9.025237
v -5.753976 0.258510 8.822121
v -7.759004 0.258510 7.125490
v -7.370090 0.258510 7.528820
v -8.267208 1.000000 6.212618
v -8.403146 1.000000 6.334718
v -9.130045 0.258510 5.249125
v -9.005892 0.258510 5.463170
v -9.388256 1.000000 4.089662
v -9.493225 1.000000 4.115157
v -9.669175 1.000000 4.157893
v -9.736648 1.000000 1.602454
v -9.675160 1.000000 1.592335
v -9.760356 1.000000 1.606356
v -10.103222 1.000000 1.662785
v -10.208185 1.000000 1.680060
v -10.383956 1.000000 1.708988
v -10.315211 1.000000 -0.811864
v -10.492555 1.000000 -0.825822
v -10.209574 1.000000 -0.803550
v 9.535513 1.000000 2.621144
v 10.206112 1.000000 0.803278
v 10.312511 1.000000 0.811653
v 10.490309 1.000000 0.825646
v 10.104083 1.000000 -1.662925
v 10.209017 1.000000 -1.680195
v 10.384777 1.000000 -1.709121
v 9.760267 1.000000 -1.606340
v 9.736587 1.000000 -1.602443
v 9.675111 1.000000 -1.592325
v 9.412704 1.000000 -4.032751
v 9.510336 1.000000 -4.074580
v 9.673992 1.000000 -4.144696
v 8.187865 1.000000 -6.148153
v 8.268609 1.000000 -6.217843
v 8.403818 1.000000 -6.334542
v 6.458182 1.000000 -7.942371
v 6.525696 1.000000 -8.025400
v 6.638319 1.000000 -8.163907
v 4.492919 1.000000 -9.517977
v 4.861032 1.000000 -9.343554
v 4.416310 1.000000 -9.355686
v 4.370901 1.000000 -9.259489
v 2.028235 1.000000 -10.037867
v 2.049235 1.000000 -10.141794
v 2.084475 1.000000 -10.316198
v 1.949778 1.000000 -9.649575
v 1.943460 1.000000 -9.618309
v 1.927078 1.000000 -9.537231
v -0.413224 1.000000 -9.766096
v -0.411804 1.000000 -9.732524
v -0.407461 1.000000 -9.629881
v -0.437479 1.000000 -10.339327
v -0.445004 1.000000 -10.517185
v -0.432992 1.000000 -10.233281
v -3.244949 1.000000 -9.715642
v -3.165770 1.000000 -9.851480
v -3.032632 1.000000 -10.079886
v -1.947787 1.000000 9.639719
v -1.941163 1.000000 9.606938
v -1.924045 1.000000 9.522217
v -1.529211 1.000000 7.568156
v -1.511808 1.000000 7.482030
v -1.503289 1.000000 7.439866
v -7.423603 1.000000 1.221775
v -7.452166 1.000000 1.226475
v -7.515286 1.000000 1.236864
v -0.330319 1.000000 -7.806703
v -0.325821 1.000000 -7.700401
v -0.323594 1.000000 -7.647779
v 1.502402 1.000000 -7.435478
v 1.510293 1.000000 -7.474527
v 1.526929 1.000000 -7.556863
v 7.515225 1.000000 -1.236852
v 7.452092 1.000000 -1.226462
v 7.423498 1.000000 -1.221756
v 0.323595 1.000000 7.647780
v 0.325821 1.000000 7.700401
v 0.330319 1.000000 7.806704
v 0.826726 0.346083 -7.956208
v 0.994641 0.346083 -7.939639
v 0.826726 0.568314 -7.956208
v 0.994641 0.568314 -7.939639
v 0.843295 0.568314 -8.124123
v 1.011210 0.568314 -8.107553
v 0.843295 0.346083 -8.124123
v 1.011210 0.346083 -8.107553
v 0.899189 0.439091 -9.166534
v 1.160132 0.439091 -9.140786
v 0.899189 0.661321 -9.166534
v 1.160132 0.661321 -9.140786
v 0.924938 0.661321 -9.427478
v 1.185881 0.661321 -9.401730
v 0.924938 0.439091 -9.427478
v 1.185881 0.439091 -9.401730
v -0.826726 0.346083 -7.956208
v -0.994641 0.346083 -7.939639
v -0.826726 0.568314 -7.956208
v -0.994641 0.568314 -7.939639
v -0.843295 0.568314 -8.124123
v -1.011210 0.568314 -8.107553
v -0.843295 0.346083 -8.124123
v -1.011210 0.346083 -8.107553
v -0.899189 0.439091 -9.166534
v -1.160132 0.439091 -9.140786
v -0.899189 0.661321 -9.166534
v -1.160132 0.661321 -9.140786
v -0.924938 0.661321 -9.427478
v -1.185881 0.661321 -9.401730
v -0.924938 0.439091 -9.427478
v -1.185881 0.439091 -9.401730
v 0.826726 0.346083 7.956208
v 0.994641 0.346083 7.939639
v 0.826726 0.568314 7.956208
v 0.994641 0.568314 7.939639
v 0.843295 0.568314 8.124123
v 1.011210 0.568314 8.107553
v 0.843295 0.346083 8.124123
v 1.011210 0.346083 8.107553
v 0.899189 0.439091 9.166534
v 1.160132 0.439091 9.140786
v 0.899189 0.661321 9.166534
v 1.160132 0.661321 9.140786
v 0.924938 0.661321 9.427478
v 1.185881 0.661321 9.401730
v 0.924938 0.439091 9.427478
v 1.185881 0.439091 9.401730
v -0.826726 0.346083 7.956208
v -0.994641 0.346083 7.939639
v -0.826726 0.568314 7.956208
v -0.994641 0.568314 7.939639
v -0.843295 0.568314 8.124123
v -1.011210 0.568314 8.107553
v -0.843295 0.346083 8.124123
v -1.011210 0.346083 8.107553
v -0.899189 0.439091 9.166534
v -1.160132 0.439091 9.140786
v -0.899189 0.661321 9.166534
v -1.160132 0.661321 9.140786
v -0.924938 0.661321 9.427478
v -1.185881 0.661321 9.401730
v -0.924938 0.439091 9.427478
v -1.185881 0.439091 9.401730
v -2.209356 0.192407 -7.575069
v -2.341256 0.192407 -7.546454
v -2.209356 0.356649 -7.575069
v -2.341256 0.356649 -7.546454
v -2.237971 0.356649 -7.706970
v -2.369871 0.356649 -7.678354
v -2.237971 0.192407 -7.706970
v -2.369871 0.192407 -7.678354
v -2.490840 0.192407 -9.049366
v -2.696012 0.192407 -9.004854
v -2.490840 0.356649 -9.049366
v -2.696012 0.356649 -9.004854
v -2.535352 0.356649 -9.254538
v -2.740524 0.356649 -9.210026
v -2.535352 0.192407 -9.254538
v -2.740524 0.192407 -9.210026
v -3.779523 0.046835 -8.675195
v -3.263186 0.046835 -8.882309
v -3.779523 0.373919 -8.675195
v -3.263186 0.373919 -8.882309
v -3.861789 0.373919 -8.880284
v -3.345452 0.373919 -9.087399
v -3.861789 0.046835 -8.880284
v -3.345452 0.046835 -9.087399
v -4.453221 0.192408 -8.262211
v -4.274163 0.192408 -8.371822
v -4.453221 0.356649 -8.262211
v -4.274163 0.356649 -8.371822
v -4.562833 0.356649 -8.441269
v -4.383775 0.356649 -8.550881
v -4.562833 0.192408 -8.441269
v -4.383775 0.192408 -8.550881
v -3.637859 0.192408 -7.002065
v -3.522747 0.192408 -7.072532
v -3.637859 0.356649 -7.002065
v -3.522747 0.356649 -7.072532
v -3.708326 0.356649 -7.117177
v -3.593214 0.356649 -7.187644
v -3.708326 0.192408 -7.117177
v -3.593214 0.192408 -7.187644
v -4.993235 0.192407 -6.109872
v -5.103473 0.192407 -6.031999
v -4.993235 0.356649 -6.109872
v -5.103473 0.356649 -6.031999
v -5.071107 0.356649 -6.220109
v -5.181345 0.356649 -6.142237
v -5.071107 0.192407 -6.220109
v -5.181345 0.192407 -6.142237
v -5.828334 0.192407 -7.357026
v -5.999810 0.192407 -7.235894
v -5.828334 0.356649 -7.357026
v -5.999810 0.356649 -7.235894
v -5.949465 0.356649 -7.528502
v -6.120942 0.356649 -7.407370
v -5.949465 0.192407 -7.528502
v -6.120942 0.192407 -7.407370
v -6.868415 0.046835 -6.509123
v -6.474030 0.046835 -6.901502
v -6.868415 0.373919 -6.509123
v -6.474030 0.373919 -6.901502
v -7.024268 0.373919 -6.665772
v -6.629884 0.373919 -7.058152
v -7.024268 0.046835 -6.665772
v -6.629884 0.046835 -7.058152
v -7.327224 0.192408 -5.865757
v -7.205219 0.192408 -6.036613
v -7.327224 0.356649 -5.865757
v -7.205219 0.356649 -6.036613
v -7.498079 0.356649 -5.987761
v -7.376076 0.356649 -6.158617
v -7.498079 0.192408 -5.987761
v -7.376076 0.192408 -6.158617
v -6.084342 0.192408 -5.024312
v -6.005909 0.192408 -5.134151
v -6.084342 0.356649 -5.024312
v -6.005909 0.356649 -5.134151
v -6.194181 0.356649 -5.102745
v -6.115748 0.356649 -5.212584
v -6.194181 0.192408 -5.102745
v -6.115748 0.192408 -5.212584
v -6.879835 0.192407 -3.864039
v -6.954015 0.192407 -3.751283
v -6.879835 0.356649 -3.864039
v -6.954015 0.356649 -3.751283
v -6.992591 0.356649 -3.938218
v -7.066771 0.356649 -3.825462
v -6.992591 0.192407 -3.938218
v -7.066771 0.192407 -3.825462
v -8.112750 0.192407 -4.720020
v -8.228137 0.192407 -4.544627
v -8.112750 0.356649 -4.720020
v -8.228137 0.356649 -4.544627
v -8.288142 0.356649 -4.835407
v -8.403530 0.356649 -4.660015
v -8.288142 0.192407 -4.835407
v -8.403530 0.192407 -4.660015
v -8.771288 0.046835 -3.550817
v -8.547462 0.046835 -4.060133
v -8.771288 0.373919 -3.550817
v -8.547462 0.373919 -4.060133
v -8.973588 0.373919 -3.639721
v -8.749763 0.373919 -4.149037
v -8.973588 0.046835 -3.639721
v -8.749763 0.046835 -4.149037
v -8.963417 0.192408 -2.784324
v -8.912245 0.192408 -2.987937
v -8.963417 0.356649 -2.784324
v -8.912245 0.356649 -2.987937
v -9.167029 0.356649 -2.835496
v -9.115858 0.356649 -3.039109
v -9.167029 0.192408 -2.835496
v -9.115858 0.192408 -3.039109
v -7.499073 0.192408 -2.454960
v -7.466176 0.192408 -2.585858
v -7.499073 0.356649 -2.454960
v -7.466176 0.356649 -2.585858
v -7.629971 0.356649 -2.487858
v -7.597074 0.356649 -2.618755
v -7.629971 0.192408 -2.487858
v -7.597074 0.192408 -2.618755
v -7.853068 0.192407 -0.769571
v -7.875615 0.192407 -0.636499
v -7.853068 0.356649 -0.769571
v -7.875615 0.356649 -0.636499
v -7.986140 0.356649 -0.792117
v -8.008687 0.356649 -0.659045
v -7.986140 0.192407 -0.792117
v -8.008687 0.192407 -0.659045
v -9.326181 0.192407 -1.057184
v -9.361253 0.192407 -0.850189
v -9.326181 0.356649 -1.057184
v -9.361253 0.356649 -0.850189
v -9.533176 0.356649 -1.092256
v -9.568247 0.356649 -0.885261
v -9.533176 0.192407 -1.092256
v -9.568247 0.192407 -0.885261
v -9.458669 0.046835 0.278164
v -9.458669 0.046835 -0.278164
v -9.458669 0.373919 0.278164
v -9.458669 0.373919 -0.278164
v -9.679643 0.373919 0.278164
v -9.679643 0.373919 -0.278164
v -9.679643 0.046835 0.278164
v -9.679643 0.046835 -0.278164
v -9.326181 0.192408 1.057184
v -9.361253 0.192408 0.850190
v -9.326181 0.356649 1.057184
v -9.361253 0.356649 0.850190
v -9.533176 0.356649 1.092255
v -9.568247 0.356649 0.885261
v -9.533176 0.192408 1.092255
v -9.568247 0.192408 0.885261
v -7.853068 0.192408 0.769571
v -7.875615 0.192408 0.636499
v -7.853068 0.356649 0.769571
v -7.875615 0.356649 0.636499
v -7.986140 0.356649 0.792117
v -8.008687 0.356649 0.659045
v -7.986140 0.192408 0.792117
v -8.008687 0.192408 0.659045
v -7.503607 0.192407 2.441067
v -7.470952 0.192407 2.572026
v -7.503607 0.356649 2.441067
v -7.470952 0.356649 2.572026
v -7.634565 0.356649 2.473722
v -7.601911 0.356649 2.604680
v -7.634565 0.192407 2.473722
v -7.601911 0.192407 2.604680
v -8.968558 0.192407 2.767718
v -8.917764 0.192407 2.971426
v -8.968558 0.356649 2.767718
v -8.917764 0.356649 2.971426
v -9.172266 0.356649 2.818512
v -9.121470 0.356649 3.022220
v -9.172266 0.192407 2.818512
v -9.121470 0.192407 3.022220
v -8.554968 0.046835 4.044295
v -8.777849 0.046835 3.534566
v -8.554968 0.373919 4.044295
v -8.777849 0.373919 3.534566
v -8.757432 0.373919 4.132824
v -8.980314 0.373919 3.623095
v -8.757432 0.046835 4.132824
v -8.980314 0.046835 3.623095
v -8.121478 0.192408 4.704987
v -8.236540 0.192408 4.529380
v -8.121478 0.356649 4.704987
v -8.236540 0.356649 4.529380
v -8.297084 0.356649 4.820048
v -8.412146 0.356649 4.644443
v -8.297084 0.192408 4.820048
v -8.412146 0.192408 4.644443
v -6.886980 0.192408 3.851290
v -6.960951 0.192408 3.738397
v -6.886980 0.356649 3.851290
v -6.960951 0.356649 3.738397
v -6.999873 0.356649 3.925260
v -7.073843 0.356649 3.812367
v -6.999873 0.192408 3.925260
v -7.073843 0.192408 3.812367
v -6.106173 0.192407 4.997757
v -6.028219 0.192407 5.107937
v -6.106173 0.356649 4.997757
v -6.028219 0.356649 5.107937
v -6.216353 0.356649 5.075711
v -6.138399 0.356649 5.185891
v -6.216353 0.192407 5.075711
v -6.138399 0.192407 5.185891
v -7.352708 0.192407 5.833779
v -7.231449 0.192407 6.005166
v -7.352708 0.356649 5.833779
v -7.231449 0.356649 6.005166
v -7.524094 0.356649 5.955038
v -7.402835 0.356649 6.126424
v -7.524094 0.192407 5.955038
v -7.402835 0.192407 6.126424
v -6.504035 0.046835 6.873232
v -6.896707 0.046835 6.479138
v -6.504035 0.373919 6.873232
v -6.896707 0.373919 6.479138
v -6.660570 0.373919 7.029202
v -7.053241 0.373919 6.635108
v -6.660570 0.046835 7.029202
v -7.053241 0.046835 6.635108
v -5.860330 0.192408 7.331564
v -6.031276 0.192408 7.209687
v -5.860330 0.356649 7.331564
v -6.031276 0.356649 7.209687
v -5.982207 0.356649 7.502511
v -6.153153 0.356649 7.380633
v -5.982207 0.192408 7.502511
v -6.153153 0.192408 7.380633
v -5.019805 0.192408 6.088060
v -5.129703 0.192408 6.009708
v -5.019805 0.356649 6.088060
v -5.129703 0.356649 6.009708
v -5.098157 0.356649 6.197958
v -5.208055 0.356649 6.119606
v -5.098157 0.192408 6.197958
v -5.208055 0.192408 6.119606
v -3.732331 0.192407 6.952167
v -3.618183 0.192407 7.024186
v -3.732331 0.356649 6.952167
v -3.618183 0.356649 7.024186
v -3.804350 0.356649 7.066315
v -3.690202 0.356649 7.138334
v -3.804350 0.192407 7.066315
v -3.690202 0.192407 7.138334
v -4.564680 0.192407 8.201158
v -4.387122 0.192407 8.313185
v -4.564680 0.356649 8.201158
v -4.387122 0.356649 8.313185
v -4.676706 0.356649 8.378716
v -4.499148 0.356649 8.490743
v -4.676706 0.192407 8.378716
v -4.499148 0.192407 8.490743
v -3.383149 0.046835 8.837313
v -3.896635 0.046835 8.623226
v -3.383149 0.373919 8.837313
v -3.896635 0.373919 8.623226
v -3.468185 0.373919 9.041269
v -3.981670 0.373919 8.827183
v -3.468185 0.046835 9.041269
v -3.981670 0.046835 8.827183
v -2.613136 0.192408 9.014811
v -2.817687 0.192408 8.967525
v -2.613136 0.356649 9.014811
v -2.817687 0.356649 8.967525
v -2.660422 0.356649 9.219361
v -2.864972 0.356649 9.172076
v -2.660422 0.192408 9.219361
v -2.864972 0.192408 9.172076
v -2.311717 0.192408 7.544461
v -2.443217 0.192408 7.514062
v -2.311717 0.356649 7.544461
v -2.443217 0.356649 7.514062
v -2.342115 0.356649 7.675961
v -2.473616 0.356649 7.645563
v -2.342115 0.192408 7.675961
v -2.473616 0.192408 7.645563
v 2.295500 0.192407 7.549410
v 2.427066 0.192407 7.519294
v 2.295500 0.356649 7.549410
v 2.427066 0.356649 7.519294
v 2.325616 0.356649 7.680976
v 2.457182 0.356649 7.650860
v 2.325616 0.192407 7.680976
v 2.457182 0.192407 7.650860
v 2.593760 0.192407 9.020405
v 2.798412 0.192407 8.973558
v 2.593760 0.356649 9.020405
v 2.798412 0.356649 8.973558
v 2.640605 0.356649 9.225057
v 2.845257 0.356649 9.178210
v 2.640605 0.192407 9.225057
v 2.845257 0.192407 9.178210
v 3.878097 0.046835 8.631579
v 3.364152 0.046835 8.844562
v 3.878097 0.373919 8.631579
v 3.364152 0.373919 8.844562
v 3.962694 0.373919 8.835718
v 3.448749 0.373919 9.048700
v 3.962694 0.046835 8.835718
v 3.448749 0.046835 9.048700
v 4.547048 0.192408 8.210947
v 4.369249 0.192408 8.322592
v 4.547048 0.356649 8.210947
v 4.369249 0.356649 8.322592
v 4.658692 0.356649 8.388745
v 4.480893 0.356649 8.500390
v 4.658692 0.192408 8.388745
v 4.480893 0.192408 8.500390
v 3.717384 0.192408 6.960171
v 3.603081 0.192408 7.031944
v 3.717384 0.356649 6.960171
v 3.603081 0.356649 7.031944
v 3.789157 0.356649 7.074473
v 3.674855 0.356649 7.146247
v 3.789157 0.192408 7.074473
v 3.674855 0.192408 7.146247
v 5.008789 0.192407 6.097127
v 5.118828 0.192407 6.018973
v 5.008789 0.356649 6.097127
v 5.118828 0.356649 6.018973
v 5.086943 0.356649 6.207166
v 5.196981 0.356649 6.129012
v 5.086943 0.192407 6.207166
v 5.196981 0.192407 6.129012
v 5.847064 0.192407 7.342148
v 6.018231 0.192407 7.220580
v 5.847064 0.356649 7.342148
v 6.018231 0.356649 7.220580
v 5.968632 0.356649 7.513315
v 6.139799 0.356649 7.391747
v 5.968632 0.192407 7.513315
v 6.139799 0.192407 7.391747
v 6.884981 0.046835 6.491598
v 6.491598 0.046835 6.884981
v 6.884981 0.373919 6.491598
v 6.491598 0.373919 6.884981
v 7.041233 0.373919 6.647850
v 6.647850 0.373919 7.041233
v 7.041233 0.046835 6.647850
v 6.647850 0.046835 7.041233
v 7.342148 0.192408 5.847064
v 7.220580 0.192408 6.018230
v 7.342148 0.356649 5.847064
v 7.220580 0.356649 6.018230
v 7.513315 0.356649 5.968632
v 7.391747 0.356649 6.139799
v 7.513315 0.192408 5.968632
v 7.391747 0.192408 6.139799
v 6.097126 0.192408 5.008790
v 6.018973 0.192408 5.118828
v 6.097126 0.356649 5.008790
v 6.018973 0.356649 5.118828
v 6.207166 0.356649 5.086943
v 6.129012 0.356649 5.196981
v 6.207166 0.192408 5.086943
v 6.129012 0.192408 5.196981
v 6.886437 0.192407 3.852261
v 6.960423 0.192407 3.739378
v 6.886437 0.356649 3.852261
v 6.960423 0.356649 3.739378
v 6.999320 0.356649 3.926247
v 7.073306 0.356649 3.813365
v 6.999320 0.192407 3.926247
v 7.073306 0.192407 3.813365
v 8.120814 0.192407 4.706131
v 8.235901 0.192407 4.530541
v 8.120814 0.356649 4.706131
v 8.235901 0.356649 4.530541
v 8.296404 0.356649 4.821218
v 8.411491 0.356649 4.645628
v 8.296404 0.192407 4.821218
v 8.411491 0.192407 4.645628
v 8.777351 0.046835 3.535804
v 8.554398 0.046835 4.045502
v 8.777351 0.373919 3.535804
v 8.554398 0.373919 4.045502
v 8.979803 0.373919 3.624361
v 8.756849 0.373919 4.134059
v 8.979803 0.046835 3.624361
v 8.756849 0.046835 4.134059
v 8.968168 0.192408 2.768982
v 8.917344 0.192408 2.972683
v 8.968168 0.356649 2.768982
v 8.917344 0.356649 2.972683
v 9.171868 0.356649 2.819806
v 9.121045 0.356649 3.023506
v 9.171868 0.192408 2.819806
v 9.121045 0.192408 3.023506
v 7.503263 0.192408 2.442125
v 7.470590 0.192408 2.573079
v 7.503263 0.356649 2.442125
v 7.470590 0.356649 2.573079
v 7.634217 0.356649 2.474798
v 7.601543 0.356649 2.605752
v 7.634217 0.192408 2.474798
v 7.601543 0.192408 2.605752
v 7.853068 0.192407 0.769571
v 7.875615 0.192407 0.636499
v 7.853068 0.356649 0.769571
v 7.875615 0.356649 0.636499
v 7.986140 0.356649 0.792117
v 8.008687 0.356649 0.659045
v 7.986140 0.192407 0.792117
v 8.008687 0.192407 0.659045
v 9.326181 0.192407 1.057184
v 9.361253 0.192407 0.850189
v 9.326181 0.356649 1.057184
v 9.361253 0.356649 0.850189
v 9.533176 0.356649 1.092256
v 9.568247 0.356649 0.885261
v 9.533176 0.192407 1.092256
v 9.568247 0.192407 0.885261
v 9.458669 0.046835 -0.278164
v 9.458669 0.046835 0.278164
v 9.458669 0.373919 -0.278164
v 9.458669 0.373919 0.278164
v 9.679643 0.373919 -0.278164
v 9.679643 0.373919 0.278164
v 9.679643 0.046835 -0.278164
v 9.679643 0.046835 0.278164
v 9.326181 0.192408 -1.057184
v 9.361253 0.192408 -0.850190
v 9.326181 0.356649 -1.057184
v 9.361253 0.356649 -0.850190
v 9.533176 0.356649 -1.092255
v 9.568247 0.356649 -0.885261
v 9.533176 0.192408 -1.092255
v 9.568247 0.192408 -0.885261
v 7.853068 0.192408 -0.769571
v 7.875615 0.192408 -0.636499
v 7.853068 0.356649 -0.769571
v 7.875615 0.356649 -0.636499
v 7.986140 0.356649 -0.792117
v 8.008687 0.356649 -0.659045
v 7.986140 0.192408 -0.792117
v 8.008687 0.192408 -0.659045
v 7.487148 0.192407 -2.491093
v 7.453619 0.192407 -2.621831
v 7.487148 0.356649 -2.491093
v 7.453619 0.356649 -2.621831
v 7.617886 0.356649 -2.524621
v 7.584357 0.356649 -2.655359
v 7.617886 0.192407 -2.524621
v 7.584357 0.192407 -2.655359
v 8.949886 0.192407 -2.827514
v 8.897733 0.192407 -3.030878
v 8.949886 0.356649 -2.827514
v 8.897733 0.356649 -3.030878
v 9.153250 0.356649 -2.879667
v 9.101097 0.356649 -3.083031
v 9.153250 0.192407 -2.879667
v 9.101097 0.192407 -3.083031
v 8.527784 0.046835 -4.101303
v 8.754064 0.046835 -3.593072
v 8.527784 0.373919 -4.101303
v 8.754064 0.373919 -3.593072
v 8.729654 0.373919 -4.191181
v 8.955933 0.373919 -3.682950
v 8.729654 0.046835 -4.191181
v 8.955933 0.046835 -3.682950
v 8.089895 0.192408 -4.759086
v 8.206126 0.192408 -4.584251
v 8.089895 0.356649 -4.759086
v 8.206126 0.356649 -4.584251
v 8.264729 0.356649 -4.875317
v 8.380961 0.356649 -4.700483
v 8.264729 0.192408 -4.875317
v 8.380961 0.192408 -4.700483
v 6.861123 0.192408 -3.897168
v 6.935845 0.192408 -3.784772
v 6.861123 0.356649 -3.897168
v 6.935845 0.356649 -3.784772
v 6.973519 0.356649 -3.971891
v 7.048242 0.356649 -3.859494
v 6.973519 0.192408 -3.971891
v 7.048242 0.192408 -3.859494
v 6.089357 0.192407 -5.018233
v 6.011033 0.192407 -5.128151
v 6.089357 0.356649 -5.018233
v 6.011033 0.356649 -5.128151
v 6.199274 0.356649 -5.096557
v 6.120951 0.356649 -5.206475
v 6.199274 0.192407 -5.096557
v 6.120951 0.192407 -5.206475
v 7.333077 0.192407 -5.858437
v 7.211244 0.192407 -6.029415
v 7.333077 0.356649 -5.858437
v 7.211244 0.356649 -6.029415
v 7.504055 0.356649 -5.980270
v 7.382222 0.356649 -6.151248
v 7.504055 0.192407 -5.980270
v 7.382222 0.192407 -6.151248
v 6.480919 0.046835 -6.895034
v 6.874911 0.046835 -6.502261
v 6.480919 0.373919 -6.895034
v 6.874911 0.373919 -6.502261
v 6.636929 0.373919 -7.051528
v 7.030921 0.373919 -6.658755
v 6.636929 0.046835 -7.051528
v 7.030921 0.046835 -6.658755
v 5.835678 0.192408 -7.351202
v 6.007032 0.192408 -7.229899
v 5.835678 0.356649 -7.351202
v 6.007032 0.356649 -7.229899
v 5.956981 0.356649 -7.522556
v 6.128335 0.356649 -7.401254
v 5.956981 0.192408 -7.522556
v 6.128335 0.192408 -7.401254
v 4.999333 0.192408 -6.104883
v 5.109493 0.192408 -6.026900
v 4.999333 0.356649 -6.104883
v 5.109493 0.356649 -6.026900
v 5.077316 0.356649 -6.215043
v 5.187476 0.356649 -6.137060
v 5.077316 0.192408 -6.215043
v 5.187476 0.192408 -6.137060
v 3.654896 0.192407 -6.993187
v 3.539955 0.192407 -7.063934
v 3.654896 0.356649 -6.993187
v 3.539955 0.356649 -7.063934
v 3.725643 0.356649 -7.108128
v 3.610702 0.356649 -7.178875
v 3.725643 0.192407 -7.108128
v 3.610702 0.192407 -7.178875
v 4.473323 0.192407 -8.251345
v 4.294531 0.192407 -8.361392
v 4.473323 0.356649 -8.251345
v 4.294531 0.356649 -8.361392
v 4.583371 0.356649 -8.430136
v 4.404579 0.356649 -8.540184
v 4.583371 0.192407 -8.430136
v 4.404579 0.192407 -8.540184
v 3.284801 0.046835 -8.874339
v 3.800632 0.046835 -8.665968
v 3.284801 0.373919 -8.874339
v 3.800632 0.373919 -8.665968
v 3.367566 0.373919 -9.079227
v 3.883397 0.373919 -8.870856
v 3.367566 0.046835 -9.079227
v 3.883397 0.046835 -8.870856
v 2.512864 0.192408 -9.043275
v 2.717927 0.192408 -8.998264
v 2.512864 0.356649 -9.043275
v 2.717927 0.356649 -8.998264
v 2.557875 0.356649 -9.248338
v 2.762938 0.356649 -9.203327
v 2.557875 0.192408 -9.248338
v 2.762938 0.192408 -9.203327
v 2.227791 0.192408 -7.569668
v 2.359622 0.192408 -7.540732
v 2.227791 0.356649 -7.569668
v 2.359622 0.356649 -7.540732
v 2.256728 0.356649 -7.701499
v 2.388558 0.356649 -7.672562
v 2.256728 0.192408 -7.701499
v 2.388558 0.192408 -7.672562
v -8.268114 1.000000 6.597631
vt 0.313435 0.269118
vt 0.313435 0.267089
vt 0.320914 0.267089
vt 0.320914 0.269118
vt 0.313435 0.264113
vt 0.320914 0.264113
vt 0.313435 0.271431
vt 0.320914 0.271431
vt 0.525992 0.385359
vt 0.313435 0.271813
vt 0.518863 0.378758
vt 0.520337 0.387169
vt 0.534736 0.384675
vt 0.534822 0.385986
vt 0.516539 0.386986
vt 0.515271 0.379489
vt 0.538786 0.384362
vt 0.538882 0.385661
vt 0.508524 0.391038
vt 0.508116 0.389799
vt 0.534230 0.377197
vt 0.538248 0.376912
vt 0.547614 0.383622
vt 0.550833 0.384731
vt 0.504166 0.392477
vt 0.503770 0.391226
vt 0.853207 0.352769
vt 0.845728 0.352769
vt 0.548160 0.376060
vt 0.551396 0.376207
vt 0.491184 0.396788
vt 0.495380 0.393977
vt 0.501491 0.384089
vt 0.505799 0.382695
vt 0.853207 0.354798
vt 0.845728 0.354798
vt 0.555949 0.384190
vt 0.556425 0.376634
vt 0.487705 0.388992
vt 0.492248 0.387069
vt 0.408409 0.254396
vt 0.415888 0.254396
vt 0.853207 0.357774
vt 0.845728 0.357774
vt 0.564586 0.385597
vt 0.564356 0.386893
vt 0.901197 0.384306
vt 0.908676 0.384306
vt 0.849110 0.373053
vt 0.841631 0.373053
vt 0.408409 0.252368
vt 0.415888 0.252368
vt 0.567502 0.386085
vt 0.567271 0.387365
vt 0.901197 0.381992
vt 0.908676 0.381992
vt 0.849110 0.375367
vt 0.841631 0.375367
vt 0.408409 0.249392
vt 0.415888 0.249392
vt 0.576159 0.387523
vt 0.580923 0.389730
vt 0.565902 0.378218
vt 0.568794 0.378728
vt 0.901198 0.379964
vt 0.908676 0.379964
vt 0.849110 0.377396
vt 0.841631 0.377396
vt 0.583347 0.381555
vt 0.578353 0.380201
vt 0.419501 0.268984
vt 0.412022 0.268984
vt 0.901197 0.376988
vt 0.908676 0.376988
vt 0.583914 0.389569
vt 0.585995 0.382387
vt 0.419501 0.271013
vt 0.412022 0.271013
vt 0.591996 0.393081
vt 0.591447 0.394281
vt 0.336588 0.238134
vt 0.329109 0.238134
vt 0.419501 0.273988
vt 0.412022 0.273988
vt 0.596251 0.394954
vt 0.595714 0.396134
vt 0.336588 0.240448
vt 0.329109 0.240448
vt 0.608773 0.401840
vt 0.604241 0.398375
vt 0.595124 0.386254
vt 0.599341 0.388170
vt 0.336588 0.242477
vt 0.329109 0.242476
vt 0.608069 0.391754
vt 0.613047 0.394463
vt 0.070519 0.264979
vt 0.063040 0.264979
vt 0.336588 0.245452
vt 0.329109 0.245452
vt 0.611500 0.402237
vt 0.615205 0.395761
vt 0.070519 0.267008
vt 0.063040 0.267008
vt 0.336587 0.247481
vt 0.329109 0.247481
vt 0.618471 0.407554
vt 0.617653 0.408590
vt 0.070519 0.269984
vt 0.063040 0.269984
vt 0.622784 0.410874
vt 0.621973 0.411885
vt 0.070519 0.272012
vt 0.063040 0.272012
vt 0.632732 0.420185
vt 0.629678 0.416106
vt 0.623143 0.401668
vt 0.627417 0.405039
vt 0.635091 0.410689
vt 0.638778 0.414182
vt 0.636116 0.422277
vt 0.641456 0.416980
vt 0.641496 0.429034
vt 0.640450 0.429841
vt 0.645515 0.434123
vt 0.644479 0.434901
vt 0.651409 0.443666
vt 0.650974 0.440921
vt 0.560809 0.225327
vt 0.651439 0.429616
vt 0.657761 0.437427
vt 0.659102 0.439699
vt 0.560809 0.222962
vt 0.553330 0.222963
vt 0.671922 0.467794
vt 0.663543 0.470319
vt 0.560809 0.220934
vt 0.553330 0.220934
vt 0.677519 0.498427
vt 0.668784 0.499270
vt 0.560809 0.217958
vt 0.553330 0.217958
vt 0.677520 0.529108
vt 0.668698 0.528611
vt 0.560809 0.215929
vt 0.553330 0.215929
vt 0.356326 0.240436
vt 0.356326 0.242465
vt 0.348847 0.242465
vt 0.348847 0.240436
vt 0.356326 0.245433
vt 0.348847 0.245440
vt 0.356326 0.238122
vt 0.348847 0.238122
vt 0.569924 0.635392
vt 0.571902 0.642693
vt 0.572542 0.633738
vt 0.574713 0.642007
vt 0.561028 0.636158
vt 0.560900 0.635033
vt 0.577227 0.633472
vt 0.579098 0.640796
vt 0.554321 0.637079
vt 0.554188 0.635771
vt 0.585031 0.629234
vt 0.585504 0.630463
vt 0.542144 0.636768
vt 0.545582 0.637833
vt 0.561913 0.643731
vt 0.589330 0.627673
vt 0.589787 0.628889
vt 0.541844 0.645297
vt 0.601313 0.623303
vt 0.598099 0.625922
vt 0.592423 0.635868
vt 0.588190 0.637470
vt 0.538015 0.637490
vt 0.537774 0.645085
vt 0.605263 0.630866
vt 0.601663 0.632658
vt 0.375927 0.256010
vt 0.368448 0.256010
vt 0.529384 0.636089
vt 0.529573 0.634797
vt 0.829430 0.360307
vt 0.821952 0.360307
vt 0.639100 0.243718
vt 0.631621 0.243718
vt 0.375927 0.258324
vt 0.368448 0.258324
vt 0.526464 0.635633
vt 0.526661 0.634336
vt 0.829430 0.362621
vt 0.821952 0.362621
vt 0.639100 0.246032
vt 0.631621 0.246031
vt 0.375927 0.260353
vt 0.368448 0.260353
vt 0.512118 0.632000
vt 0.517876 0.634287
vt 0.516074 0.641659
vt 0.510094 0.640326
vt 0.528253 0.643480
vt 0.525343 0.643036
vt 0.829430 0.364649
vt 0.821952 0.364649
vt 0.639100 0.248060
vt 0.631621 0.248060
vt 0.375927 0.263329
vt 0.368448 0.263328
vt 0.501864 0.629121
vt 0.502366 0.627917
vt 0.508343 0.639859
vt 0.510055 0.632591
vt 0.829430 0.367625
vt 0.821952 0.367625
vt 0.495678 0.626531
vt 0.496177 0.625319
vt 0.590140 0.142209
vt 0.593732 0.135650
vt 0.868768 0.381756
vt 0.861289 0.381756
vt 0.484025 0.620179
vt 0.487582 0.623146
vt 0.498987 0.636019
vt 0.492826 0.633458
vt 0.588111 0.141098
vt 0.591703 0.134538
vt 0.868768 0.383785
vt 0.861289 0.383785
vt 0.483864 0.629756
vt 0.479870 0.627631
vt 0.194709 0.276743
vt 0.187230 0.276744
vt 0.586331 0.140123
vt 0.589924 0.133564
vt 0.868768 0.386760
vt 0.861289 0.386760
vt 0.480284 0.619095
vt 0.476626 0.625736
vt 0.194709 0.278772
vt 0.187230 0.278772
vt 0.583721 0.138694
vt 0.587313 0.132134
vt 0.473219 0.613818
vt 0.473998 0.612769
vt 0.194709 0.281748
vt 0.187230 0.281748
vt 0.581942 0.137720
vt 0.585534 0.131160
vt 0.469557 0.611107
vt 0.470331 0.610051
vt 0.194709 0.283776
vt 0.187230 0.283777
vt 0.459492 0.601981
vt 0.462492 0.605895
vt 0.468767 0.619828
vt 0.465126 0.617140
vt 0.457353 0.611484
vt 0.453741 0.608301
vt 0.456828 0.600886
vt 0.451809 0.606484
vt 0.451169 0.594035
vt 0.452179 0.593204
vt 0.447753 0.589926
vt 0.448760 0.589090
vt 0.439919 0.578367
vt 0.442079 0.583119
vt 0.163279 0.263597
vt 0.442015 0.594727
vt 0.435470 0.587011
vt 0.432463 0.582670
vt 0.163279 0.261203
vt 0.155800 0.261202
vt 0.418417 0.554143
vt 0.426698 0.551316
vt 0.163279 0.259174
vt 0.155800 0.259174
vt 0.411606 0.522619
vt 0.420323 0.521768
vt 0.163279 0.256198
vt 0.155800 0.256198
vt 0.412192 0.490677
vt 0.421054 0.491324
vt 0.163279 0.254170
vt 0.155800 0.254170
vt 0.945534 0.230745
vt 0.945534 0.231553
vt 0.936757 0.231553
vt 0.936757 0.230745
vt 0.945534 0.232361
vt 0.936757 0.232361
vt 0.936756 0.204821
vt 0.945533 0.204821
vt 0.945534 0.241796
vt 0.936757 0.241797
vt 0.945533 0.204011
vt 0.936756 0.204011
vt 0.945535 0.244395
vt 0.936757 0.244396
vt 0.945535 0.246994
vt 0.936757 0.246995
vt 0.945535 0.256430
vt 0.936758 0.256430
vt 0.936758 0.257238
vt 0.945535 0.257238
vt 0.836183 0.475909
vt 0.836183 0.476719
vt 0.827405 0.476719
vt 0.827405 0.475909
vt 0.827405 0.489934
vt 0.836183 0.489934
vt 0.836183 0.475099
vt 0.827405 0.475099
vt 0.836183 0.493719
vt 0.827405 0.493719
vt 0.827405 0.449176
vt 0.836183 0.449176
vt 0.836183 0.497504
vt 0.827405 0.497504
vt 0.827405 0.510719
vt 0.836183 0.510719
vt 0.160742 0.109780
vt 0.160742 0.110588
vt 0.151964 0.110588
vt 0.151964 0.109780
vt 0.160742 0.120023
vt 0.151964 0.120023
vt 0.160742 0.108972
vt 0.151964 0.108972
vt 0.160742 0.122622
vt 0.151964 0.122622
vt 0.151964 0.083048
vt 0.160742 0.083048
vt 0.160742 0.125221
vt 0.151964 0.125221
vt 0.160742 0.134657
vt 0.151964 0.134657
vt 0.160742 0.135465
vt 0.151964 0.135465
vt 0.761565 0.187080
vt 0.761565 0.196543
vt 0.760258 0.196543
vt 0.760258 0.180583
vt 0.761565 0.201879
vt 0.760258 0.201879
vt 0.769043 0.180583
vt 0.769044 0.187080
vt 0.769044 0.196543
vt 0.769044 0.201879
vt 0.761565 0.211348
vt 0.760258 0.214680
vt 0.761565 0.177522
vt 0.769043 0.177522
vt 0.769044 0.211348
vt 0.769044 0.214680
vt 0.760258 0.168052
vt 0.761565 0.168052
vt 0.769043 0.248763
vt 0.760258 0.248763
vt 0.760258 0.161786
vt 0.761565 0.161786
vt 0.769044 0.282828
vt 0.760258 0.282828
vt 0.761565 0.152324
vt 0.760258 0.146468
vt 0.769043 0.161786
vt 0.769043 0.168052
vt 0.769044 0.316881
vt 0.760258 0.316881
vt 0.769044 0.146468
vt 0.769044 0.152324
vt 0.761565 0.141933
vt 0.769043 0.141933
vt 0.760258 0.132471
vt 0.761565 0.132471
vt 0.760258 0.124972
vt 0.761565 0.124972
vt 0.761565 0.115501
vt 0.760258 0.112324
vt 0.769044 0.124972
vt 0.769043 0.132471
vt 0.769044 0.112324
vt 0.769044 0.115501
vt 0.761565 0.106624
vt 0.769044 0.106624
vt 0.760258 0.097166
vt 0.761565 0.097167
vt 0.760258 0.092190
vt 0.761565 0.092190
vt 0.761565 0.082727
vt 0.760258 0.078145
vt 0.769044 0.092190
vt 0.769044 0.097166
vt 0.769043 0.078145
vt 0.769044 0.082727
vt 0.761565 0.073997
vt 0.836932 0.327606
vt 0.760258 0.064533
vt 0.761565 0.064533
vt 0.829453 0.325906
vt 0.836932 0.325906
vt 0.760258 0.059089
vt 0.761565 0.059089
vt 0.836932 0.324057
vt 0.829453 0.324057
vt 0.760258 0.043963
vt 0.761565 0.049631
vt 0.932797 0.296726
vt 0.769044 0.064533
vt 0.836932 0.321743
vt 0.829453 0.321743
vt 0.769044 0.043963
vt 0.769044 0.049631
vt 0.940276 0.299041
vt 0.932797 0.299041
vt 0.836932 0.319714
vt 0.829453 0.319715
vt 0.761565 0.040806
vt 0.572272 0.182111
vt 0.932797 0.300890
vt 0.940276 0.300890
vt 0.836932 0.316739
vt 0.829453 0.316739
vt 0.760258 0.031338
vt 0.761565 0.031338
vt 0.564793 0.180433
vt 0.572272 0.180434
vt 0.932797 0.303203
vt 0.940276 0.303203
vt 0.760258 0.023583
vt 0.761565 0.023583
vt 0.572272 0.178584
vt 0.564793 0.178584
vt 0.932797 0.305232
vt 0.940276 0.305232
vt 0.760258 0.009793
vt 0.761565 0.014120
vt 0.084815 0.212218
vt 0.769044 0.031338
vt 0.572272 0.176271
vt 0.564793 0.176270
vt 0.932797 0.308208
vt 0.940276 0.308208
vt 0.769043 0.009793
vt 0.769044 0.014120
vt 0.092294 0.214560
vt 0.084815 0.214560
vt 0.572272 0.174242
vt 0.564793 0.174242
vt 0.084815 0.216410
vt 0.092294 0.216410
vt 0.572272 0.171266
vt 0.564793 0.171266
vt 0.084815 0.218723
vt 0.092294 0.218723
vt 0.084815 0.220752
vt 0.092294 0.220752
vt 0.965274 0.169026
vt 0.965274 0.169836
vt 0.956497 0.169836
vt 0.956497 0.169026
vt 0.965274 0.170646
vt 0.956497 0.170646
vt 0.956497 0.143103
vt 0.965274 0.143103
vt 0.965274 0.183861
vt 0.956497 0.183861
vt 0.965274 0.142294
vt 0.956497 0.142294
vt 0.798741 0.186891
vt 0.804484 0.186951
vt 0.804262 0.208572
vt 0.798520 0.208515
vt 0.798755 0.185558
vt 0.804498 0.185619
vt 0.804253 0.209924
vt 0.798511 0.209867
vt 0.804432 0.245255
vt 0.798689 0.245302
vt 0.798678 0.243970
vt 0.804421 0.243922
vt 0.798505 0.222345
vt 0.804247 0.222301
vt 0.798498 0.220993
vt 0.804241 0.220949
vt 0.875914 0.243898
vt 0.870171 0.243899
vt 0.870171 0.242566
vt 0.875913 0.242565
vt 0.870160 0.220945
vt 0.875903 0.220940
vt 0.870155 0.219592
vt 0.875898 0.219588
vt 0.160742 0.180816
vt 0.160742 0.184601
vt 0.151964 0.184601
vt 0.151964 0.180816
vt 0.160742 0.197817
vt 0.151964 0.197817
vt 0.151964 0.177032
vt 0.160742 0.177032
vt 0.160742 0.198626
vt 0.151964 0.198626
vt 0.160742 0.163816
vt 0.151964 0.163816
vt 0.160742 0.163006
vt 0.151964 0.163006
vt 0.160742 0.162197
vt 0.151964 0.162197
vt 0.599176 0.571652
vt 0.613025 0.556025
vt 0.616827 0.558659
vt 0.602245 0.575109
vt 0.622735 0.537532
vt 0.627058 0.539173
vt 0.581997 0.583515
vt 0.584163 0.587600
vt 0.627736 0.517247
vt 0.632328 0.517799
vt 0.562470 0.590924
vt 0.563590 0.595411
vt 0.627738 0.496354
vt 0.632328 0.495789
vt 0.541732 0.593442
vt 0.541738 0.598067
vt 0.520992 0.590925
vt 0.519889 0.595415
vt 0.501461 0.583510
vt 0.499315 0.587606
vt 0.869623 0.185598
vt 0.875364 0.185489
vt 0.875770 0.207110
vt 0.870028 0.207216
vt 0.869598 0.184266
vt 0.875339 0.184156
vt 0.875791 0.208462
vt 0.870049 0.208568
vt 0.965274 0.232190
vt 0.965274 0.232998
vt 0.956497 0.232998
vt 0.956497 0.232190
vt 0.965274 0.233806
vt 0.956497 0.233806
vt 0.956497 0.206266
vt 0.965274 0.206266
vt 0.965274 0.205456
vt 0.956497 0.205456
vt 0.872917 0.357262
vt 0.872917 0.359631
vt 0.865439 0.359631
vt 0.865439 0.357262
vt 0.872917 0.361659
vt 0.865439 0.361659
vt 0.900592 0.480112
vt 0.900592 0.480920
vt 0.891815 0.480920
vt 0.891815 0.480112
vt 0.900592 0.490356
vt 0.891815 0.490356
vt 0.900592 0.479304
vt 0.891815 0.479304
vt 0.900592 0.492955
vt 0.891815 0.492955
vt 0.900592 0.495554
vt 0.891815 0.495554
vt 0.900592 0.504989
vt 0.891815 0.504989
vt 0.900592 0.505797
vt 0.891815 0.505797
vt 0.900592 0.506606
vt 0.891815 0.506605
vt 0.250002 0.153160
vt 0.250002 0.156136
vt 0.242523 0.156136
vt 0.242523 0.153160
vt 0.250002 0.158165
vt 0.242523 0.158165
vt 0.250002 0.151132
vt 0.242523 0.151132
vt 0.250002 0.148818
vt 0.242523 0.148818
vt 0.250002 0.146969
vt 0.242523 0.146969
vt 0.183026 0.252776
vt 0.183026 0.255090
vt 0.175547 0.255090
vt 0.175547 0.252776
vt 0.183026 0.257118
vt 0.175547 0.257118
vt 0.175547 0.252114
vt 0.183026 0.252114
vt 0.752355 0.839397
vt 0.752355 0.877106
vt 0.728658 0.877106
vt 0.728658 0.839397
vt 0.752355 0.914816
vt 0.728658 0.914816
vt 0.752355 0.801688
vt 0.728658 0.801688
vt 0.752355 0.952525
vt 0.728658 0.952525
vt 0.752355 0.763979
vt 0.728658 0.763979
vt 0.752355 0.990234
vt 0.728658 0.990234
vt 0.752355 0.726269
vt 0.728658 0.726269
vt 0.752355 0.688560
vt 0.728658 0.688560
vt 0.752355 0.650851
vt 0.728658 0.650851
vt 0.908948 0.362111
vt 0.916427 0.362110
vt 0.916427 0.362739
vt 0.908948 0.362739
vt 0.916427 0.359797
vt 0.908948 0.359797
vt 0.833526 0.340473
vt 0.833526 0.342501
vt 0.826047 0.342501
vt 0.826047 0.340473
vt 0.833526 0.345477
vt 0.826047 0.345477
vt 0.833526 0.338159
vt 0.826047 0.338159
vt 0.833526 0.347506
vt 0.826047 0.347506
vt 0.900592 0.554934
vt 0.900592 0.568149
vt 0.891815 0.568149
vt 0.891815 0.554934
vt 0.900592 0.568959
vt 0.891815 0.568959
vt 0.900592 0.551149
vt 0.891815 0.551149
vt 0.900592 0.547364
vt 0.891815 0.547364
vt 0.891815 0.534149
vt 0.900592 0.534149
vt 0.900592 0.533339
vt 0.891815 0.533339
vt 0.112465 0.130067
vt 0.112465 0.127091
vt 0.119943 0.127092
vt 0.119943 0.130067
vt 0.112465 0.125063
vt 0.119943 0.125063
vt 0.112465 0.132096
vt 0.119943 0.132096
vt 0.112465 0.134410
vt 0.119943 0.134410
vt 0.898125 0.208397
vt 0.898125 0.209205
vt 0.889347 0.209205
vt 0.889347 0.208397
vt 0.898125 0.235129
vt 0.889347 0.235129
vt 0.898125 0.207589
vt 0.889347 0.207589
vt 0.898125 0.235939
vt 0.889347 0.235939
vt 0.916427 0.350380
vt 0.916427 0.352764
vt 0.908948 0.352764
vt 0.908948 0.350380
vt 0.916427 0.354792
vt 0.908948 0.354792
vt 0.115993 0.252383
vt 0.108515 0.252383
vt 0.108515 0.250811
vt 0.115993 0.250811
vt 0.108515 0.248961
vt 0.115993 0.248961
vt 0.108515 0.246835
vt 0.108515 0.246648
vt 0.115993 0.246648
vt 0.108515 0.244619
vt 0.115993 0.244619
vt 0.451248 0.252554
vt 0.451248 0.254928
vt 0.443769 0.254928
vt 0.443769 0.252554
vt 0.451248 0.250526
vt 0.443769 0.250526
vt 0.200241 0.091214
vt 0.200241 0.093813
vt 0.191464 0.093813
vt 0.191464 0.091214
vt 0.200241 0.096412
vt 0.191464 0.096412
vt 0.200241 0.081779
vt 0.191464 0.081779
vt 0.200241 0.105848
vt 0.191464 0.105848
vt 0.200241 0.080971
vt 0.191464 0.080971
vt 0.200241 0.106656
vt 0.191464 0.106656
vt 0.200241 0.107464
vt 0.191464 0.107464
vt 0.200241 0.133388
vt 0.191464 0.133388
vt 0.809597 0.377592
vt 0.809597 0.380568
vt 0.802119 0.380568
vt 0.802119 0.377592
vt 0.809597 0.382596
vt 0.802119 0.382596
vt 0.809597 0.375563
vt 0.802119 0.375563
vt 0.451248 0.243208
vt 0.451248 0.245521
vt 0.443769 0.245521
vt 0.443769 0.243207
vt 0.451248 0.247550
vt 0.443769 0.247550
vt 0.443770 0.242620
vt 0.451248 0.242620
vt 0.880842 0.474982
vt 0.880842 0.475790
vt 0.872065 0.475790
vt 0.872065 0.474982
vt 0.880842 0.501714
vt 0.872065 0.501714
vt 0.880842 0.474174
vt 0.872065 0.474174
vt 0.880842 0.502523
vt 0.872065 0.502523
vt 0.880842 0.464738
vt 0.872065 0.464738
vt 0.880842 0.462139
vt 0.872065 0.462139
vt 0.880842 0.459540
vt 0.872065 0.459540
vt 0.880842 0.450104
vt 0.872065 0.450104
vt 0.880842 0.449296
vt 0.872065 0.449296
vt 0.115993 0.235452
vt 0.108515 0.235452
vt 0.108515 0.233267
vt 0.115993 0.233267
vt 0.108515 0.237301
vt 0.115993 0.237301
vt 0.108515 0.239615
vt 0.115993 0.239615
vt 0.821393 0.271629
vt 0.821393 0.274604
vt 0.813914 0.274604
vt 0.813914 0.271629
vt 0.821393 0.276633
vt 0.813914 0.276633
vt 0.821393 0.269600
vt 0.813914 0.269600
vt 0.821393 0.267286
vt 0.813914 0.267286
vt 0.470913 0.260370
vt 0.470913 0.262684
vt 0.463434 0.262684
vt 0.463434 0.260370
vt 0.470913 0.263183
vt 0.463434 0.263183
vt 0.470913 0.258341
vt 0.463434 0.258341
vt 0.451158 0.199427
vt 0.458636 0.199427
vt 0.458637 0.201643
vt 0.451158 0.201643
vt 0.458636 0.203493
vt 0.451158 0.203493
vt 0.458637 0.205806
vt 0.451158 0.205806
vt 0.458637 0.207835
vt 0.451158 0.207835
vt 0.200241 0.169007
vt 0.200241 0.169380
vt 0.200241 0.169817
vt 0.191464 0.169817
vt 0.191464 0.169007
vt 0.200241 0.170627
vt 0.191464 0.170627
vt 0.191464 0.155792
vt 0.200241 0.155792
vt 0.200241 0.152007
vt 0.191464 0.152007
vt 0.200241 0.148222
vt 0.191464 0.148222
vt 0.200241 0.135007
vt 0.191464 0.135007
vt 0.200241 0.134197
vt 0.191464 0.134197
vt 0.451158 0.217002
vt 0.458637 0.217002
vt 0.458637 0.218688
vt 0.451158 0.218688
vt 0.458636 0.215153
vt 0.451158 0.215153
vt 0.458637 0.212839
vt 0.451158 0.212839
vt 0.458637 0.210811
vt 0.451158 0.210811
vt 0.471175 0.238681
vt 0.471175 0.241108
vt 0.463697 0.241108
vt 0.463697 0.238681
vt 0.471175 0.236652
vt 0.463697 0.236652
vt 0.082940 0.083463
vt 0.082799 0.080490
vt 0.090270 0.080136
vt 0.090411 0.083109
vt 0.082703 0.078464
vt 0.090174 0.078110
vt 0.083036 0.085489
vt 0.090507 0.085135
vt 0.210682 0.255067
vt 0.210682 0.258043
vt 0.203204 0.258043
vt 0.203204 0.255067
vt 0.210682 0.260072
vt 0.203204 0.260072
vt 0.210682 0.253039
vt 0.203204 0.253039
vt 0.210682 0.262385
vt 0.203204 0.262385
vt 0.881026 0.323169
vt 0.873548 0.323169
vt 0.873548 0.321380
vt 0.881026 0.321380
vt 0.873548 0.319531
vt 0.881026 0.319531
vt 0.873548 0.317217
vt 0.881026 0.317217
vt 0.463697 0.228563
vt 0.471175 0.228563
vt 0.471175 0.229334
vt 0.463697 0.229334
vt 0.471175 0.231648
vt 0.463697 0.231648
vt 0.809745 0.360435
vt 0.809745 0.362749
vt 0.802266 0.362749
vt 0.802266 0.360435
vt 0.809745 0.363343
vt 0.802266 0.363343
vt 0.809745 0.358407
vt 0.802266 0.358406
vt 0.898125 0.271559
vt 0.898125 0.272368
vt 0.889347 0.272368
vt 0.889347 0.271559
vt 0.898125 0.298292
vt 0.889347 0.298292
vt 0.898125 0.270749
vt 0.889347 0.270749
vt 0.898125 0.299100
vt 0.889347 0.299100
vt 0.889347 0.257534
vt 0.898125 0.257534
vt 0.898125 0.269282
vt 0.881026 0.306021
vt 0.873548 0.306021
vt 0.873548 0.303748
vt 0.881026 0.303748
vt 0.873548 0.307870
vt 0.881027 0.307870
vt 0.873548 0.310184
vt 0.881026 0.310184
vt 0.873548 0.312212
vt 0.881026 0.312212
vt 0.521323 0.220948
vt 0.521323 0.222977
vt 0.513844 0.222977
vt 0.513844 0.220948
vt 0.521323 0.225291
vt 0.513844 0.225344
vt 0.521323 0.225346
vt 0.880842 0.537334
vt 0.880842 0.538143
vt 0.872065 0.538143
vt 0.872065 0.537334
vt 0.880842 0.538953
vt 0.872065 0.538953
vt 0.880842 0.524118
vt 0.872065 0.524118
vt 0.880842 0.564877
vt 0.872065 0.564877
vt 0.880842 0.520333
vt 0.872065 0.520333
vt 0.872065 0.516548
vt 0.880842 0.516548
vt 0.880842 0.503333
vt 0.872065 0.503333
vt 0.285391 0.203435
vt 0.285391 0.205463
vt 0.277912 0.205463
vt 0.277912 0.203435
vt 0.285391 0.207777
vt 0.277912 0.207777
vt 0.285391 0.200459
vt 0.277912 0.200459
vt 0.285391 0.198430
vt 0.277912 0.198430
vt 0.805667 0.322108
vt 0.813146 0.322107
vt 0.813146 0.324294
vt 0.805667 0.324294
vt 0.813146 0.326143
vt 0.805667 0.326143
vt 0.813146 0.328457
vt 0.805667 0.328457
vt 0.805667 0.339653
vt 0.813146 0.339653
vt 0.813146 0.341152
vt 0.805667 0.341152
vt 0.813146 0.337804
vt 0.805667 0.337804
vt 0.813146 0.335490
vt 0.805667 0.335490
vt 0.813146 0.333461
vt 0.805667 0.333461
vt 0.266092 0.236241
vt 0.258613 0.236241
vt 0.258613 0.234545
vt 0.266092 0.234545
vt 0.258613 0.232696
vt 0.266092 0.232696
vt 0.258613 0.230382
vt 0.266092 0.230382
vt 0.909097 0.299964
vt 0.909097 0.297935
vt 0.916576 0.297935
vt 0.916576 0.299964
vt 0.909097 0.295621
vt 0.916576 0.295621
vt 0.909097 0.302940
vt 0.916576 0.302939
vt 0.909097 0.304968
vt 0.916576 0.304968
vt 0.266092 0.219186
vt 0.258613 0.219186
vt 0.258613 0.216902
vt 0.266092 0.216902
vt 0.258613 0.221036
vt 0.266092 0.221036
vt 0.258613 0.223349
vt 0.266092 0.223349
vt 0.258613 0.225378
vt 0.266092 0.225378
vt 0.541104 0.159497
vt 0.548583 0.159497
vt 0.548583 0.161811
vt 0.541104 0.161811
vt 0.548583 0.163661
vt 0.541104 0.163660
vt 0.548583 0.165974
vt 0.541104 0.165974
vt 0.864638 0.308196
vt 0.864638 0.310225
vt 0.857159 0.310225
vt 0.857159 0.308196
vt 0.864638 0.312538
vt 0.857159 0.312538
vt 0.864638 0.305220
vt 0.857159 0.305220
vt 0.864638 0.314388
vt 0.857159 0.314387
vt 0.864638 0.303192
vt 0.857159 0.303191
vt 0.541104 0.177170
vt 0.548583 0.177170
vt 0.548583 0.178976
vt 0.541104 0.178976
vt 0.548583 0.175321
vt 0.541104 0.175321
vt 0.548583 0.173007
vt 0.541104 0.173007
vt 0.548583 0.170979
vt 0.541104 0.170979
vt 0.420259 0.201492
vt 0.420259 0.199464
vt 0.427738 0.199464
vt 0.427738 0.201492
vt 0.420259 0.197150
vt 0.427738 0.197150
vt 0.420259 0.204468
vt 0.427738 0.204468
vt 0.420259 0.195301
vt 0.427738 0.195301
vt 0.054857 0.240468
vt 0.054873 0.242782
vt 0.047394 0.242831
vt 0.047378 0.240458
vt 0.054886 0.244830
vt 0.047408 0.244860
vt 0.054896 0.247806
vt 0.047417 0.247836
vt 0.836183 0.538262
vt 0.836183 0.539070
vt 0.827405 0.539070
vt 0.827405 0.538262
vt 0.836183 0.539878
vt 0.827405 0.539878
vt 0.827405 0.512339
vt 0.836183 0.512339
vt 0.836183 0.549314
vt 0.827405 0.549314
vt 0.836183 0.511529
vt 0.827405 0.511529
vt 0.836183 0.551913
vt 0.827405 0.551913
vt 0.836183 0.554512
vt 0.827405 0.554512
vt 0.836183 0.563948
vt 0.827405 0.563948
vt 0.836183 0.564756
vt 0.827405 0.564756
vt 0.945530 0.168390
vt 0.945530 0.169199
vt 0.936753 0.169201
vt 0.936752 0.168391
vt 0.945533 0.182438
vt 0.936755 0.182417
vt 0.945530 0.167580
vt 0.936752 0.167582
vt 0.945533 0.186201
vt 0.936755 0.186201
vt 0.936747 0.141658
vt 0.945524 0.141656
vt 0.945533 0.189986
vt 0.936755 0.189986
vt 0.945533 0.203201
vt 0.936756 0.203202
vt 0.917875 0.232998
vt 0.917875 0.233806
vt 0.909097 0.233806
vt 0.909097 0.232998
vt 0.917875 0.243242
vt 0.909097 0.243242
vt 0.917875 0.232190
vt 0.909097 0.232190
vt 0.917875 0.245841
vt 0.909097 0.245841
vt 0.909097 0.206266
vt 0.917875 0.206266
vt 0.917875 0.248440
vt 0.909097 0.248440
vt 0.917875 0.257876
vt 0.909097 0.257876
vt 0.917875 0.258684
vt 0.909097 0.258684
vt 0.838876 0.208743
vt 0.838875 0.209552
vt 0.830098 0.209552
vt 0.830098 0.208743
vt 0.838876 0.210362
vt 0.830098 0.210362
vt 0.830098 0.182819
vt 0.838876 0.182819
vt 0.830098 0.223577
vt 0.838876 0.223577
vt 0.838876 0.182011
vt 0.830098 0.182011
vt 0.814541 0.186146
vt 0.820283 0.186207
vt 0.820062 0.207827
vt 0.814320 0.207770
vt 0.814555 0.184814
vt 0.820297 0.184874
vt 0.820053 0.209179
vt 0.814310 0.209122
vt 0.820232 0.244510
vt 0.814489 0.244558
vt 0.814478 0.243225
vt 0.820220 0.243177
vt 0.814305 0.221601
vt 0.820047 0.221557
vt 0.814298 0.220249
vt 0.820041 0.220204
vt 0.484265 0.441955
vt 0.470414 0.457595
vt 0.466605 0.454973
vt 0.481197 0.438495
vt 0.460713 0.476098
vt 0.456384 0.474470
vt 0.501455 0.430086
vt 0.499304 0.425993
vt 0.455724 0.496380
vt 0.451131 0.495842
vt 0.520992 0.422681
vt 0.519881 0.418192
vt 0.455737 0.517256
vt 0.451150 0.517838
vt 0.541732 0.420167
vt 0.541734 0.415542
vt 0.562464 0.422689
vt 0.563579 0.418201
vt 0.581984 0.430100
vt 0.584126 0.426004
vt 0.142483 0.151296
vt 0.136740 0.151298
vt 0.136740 0.149965
vt 0.142482 0.149963
vt 0.136729 0.128343
vt 0.142471 0.128339
vt 0.136723 0.126991
vt 0.142466 0.126986
vt 0.917875 0.187646
vt 0.917875 0.191431
vt 0.909097 0.191431
vt 0.909097 0.187646
vt 0.917874 0.204647
vt 0.909097 0.204647
vt 0.909097 0.183861
vt 0.917875 0.183861
vt 0.917875 0.205456
vt 0.909097 0.205456
vt 0.917875 0.170646
vt 0.909097 0.170646
vt 0.917875 0.169836
vt 0.909097 0.169836
vt 0.917875 0.169026
vt 0.909097 0.169026
vt 0.136190 0.092997
vt 0.141931 0.092887
vt 0.142338 0.114508
vt 0.136596 0.114615
vt 0.136164 0.091664
vt 0.141906 0.091555
vt 0.142358 0.115861
vt 0.136617 0.115967
vt 0.838875 0.271906
vt 0.838876 0.272714
vt 0.830098 0.272714
vt 0.830098 0.271906
vt 0.838876 0.273522
vt 0.830098 0.273522
vt 0.830098 0.245982
vt 0.838875 0.245982
vt 0.838876 0.245172
vt 0.830098 0.245172
vt 0.924897 0.362698
vt 0.924897 0.360322
vt 0.932376 0.360322
vt 0.932376 0.362698
vt 0.924897 0.358294
vt 0.932376 0.358294
vt 0.219991 0.155155
vt 0.219991 0.155963
vt 0.211214 0.155963
vt 0.211214 0.155155
vt 0.219991 0.165399
vt 0.211214 0.165399
vt 0.219991 0.154347
vt 0.211214 0.154347
vt 0.219991 0.167998
vt 0.211214 0.167998
vt 0.219991 0.170597
vt 0.211214 0.170597
vt 0.219991 0.180032
vt 0.211213 0.180032
vt 0.219991 0.180840
vt 0.211213 0.180840
vt 0.219991 0.181648
vt 0.211214 0.181648
vt 0.897247 0.331414
vt 0.897247 0.328438
vt 0.904726 0.328438
vt 0.904726 0.331414
vt 0.897247 0.326410
vt 0.904726 0.326410
vt 0.897247 0.333443
vt 0.904726 0.333443
vt 0.897247 0.335756
vt 0.904726 0.335756
vt 0.897247 0.337606
vt 0.904726 0.337606
vt 0.760258 0.589244
vt 0.761565 0.594818
vt 0.761565 0.604280
vt 0.760258 0.604280
vt 0.769044 0.589244
vt 0.769044 0.594818
vt 0.761565 0.609508
vt 0.760258 0.609508
vt 0.761565 0.586028
vt 0.769044 0.586028
vt 0.769043 0.604280
vt 0.769044 0.609508
vt 0.761565 0.618973
vt 0.760258 0.623380
vt 0.760258 0.576556
vt 0.761565 0.576556
vt 0.769044 0.618973
vt 0.769044 0.623380
vt 0.760258 0.570463
vt 0.761565 0.570463
vt 0.769043 0.628621
vt 0.761565 0.628621
vt 0.760258 0.555117
vt 0.761565 0.561004
vt 0.769044 0.570463
vt 0.769044 0.576556
vt 0.761565 0.638080
vt 0.760258 0.638080
vt 0.769044 0.555117
vt 0.769044 0.561004
vt 0.761565 0.645751
vt 0.760258 0.645751
vt 0.761565 0.553109
vt 0.769044 0.553109
vt 0.769043 0.638080
vt 0.769044 0.645751
vt 0.761565 0.655226
vt 0.769044 0.655226
vt 0.769044 0.657543
vt 0.760258 0.657542
vt 0.760258 0.543632
vt 0.761565 0.543632
vt 0.769043 0.691709
vt 0.760258 0.691710
vt 0.760258 0.536686
vt 0.761565 0.536686
vt 0.769044 0.725859
vt 0.760258 0.725859
vt 0.760258 0.521021
vt 0.761565 0.527225
vt 0.769044 0.536686
vt 0.769044 0.543632
vt 0.769043 0.760008
vt 0.760258 0.760008
vt 0.769043 0.521021
vt 0.769043 0.527225
vt 0.761565 0.520218
vt 0.928847 0.267113
vt 0.760258 0.510735
vt 0.761565 0.510735
vt 0.936326 0.268907
vt 0.928847 0.268908
vt 0.761565 0.502930
vt 0.760258 0.502930
vt 0.928847 0.270757
vt 0.936326 0.270757
vt 0.635118 0.173113
vt 0.769044 0.510735
vt 0.760258 0.486944
vt 0.761565 0.493468
vt 0.928847 0.273070
vt 0.936326 0.273071
vt 0.642597 0.175869
vt 0.635118 0.175869
vt 0.769044 0.486944
vt 0.769044 0.493468
vt 0.928847 0.275099
vt 0.936326 0.275099
vt 0.635118 0.177718
vt 0.642597 0.177718
vt 0.761565 0.485547
vt 0.119699 0.168332
vt 0.928847 0.278075
vt 0.936326 0.278075
vt 0.635118 0.180032
vt 0.642597 0.180032
vt 0.760258 0.476066
vt 0.761565 0.476066
vt 0.112220 0.166412
vt 0.119699 0.166412
vt 0.635118 0.182060
vt 0.642597 0.182060
vt 0.760258 0.469187
vt 0.761565 0.469187
vt 0.119698 0.164563
vt 0.112220 0.164563
vt 0.635118 0.185036
vt 0.642597 0.185036
vt 0.760258 0.452883
vt 0.761565 0.459725
vt 0.379181 0.140148
vt 0.769043 0.476066
vt 0.119699 0.162249
vt 0.112220 0.162249
vt 0.769043 0.452883
vt 0.769044 0.459725
vt 0.386659 0.142968
vt 0.379181 0.142968
vt 0.119698 0.160221
vt 0.112220 0.160221
vt 0.379181 0.144817
vt 0.386659 0.144817
vt 0.119698 0.157245
vt 0.112220 0.157245
vt 0.379181 0.147131
vt 0.386659 0.147131
vt 0.379181 0.149160
vt 0.386659 0.149160
vt 0.896680 0.350381
vt 0.896680 0.352695
vt 0.889201 0.352695
vt 0.889201 0.350381
vt 0.896680 0.354723
vt 0.889201 0.354723
vt 0.889201 0.349750
vt 0.896680 0.349750
vt 0.885106 0.383686
vt 0.892585 0.383686
vt 0.892585 0.384167
vt 0.885106 0.384167
vt 0.892585 0.381372
vt 0.885106 0.381372
vt 0.541070 0.215941
vt 0.541070 0.217969
vt 0.533591 0.217969
vt 0.533591 0.215940
vt 0.541070 0.220945
vt 0.533591 0.220945
vt 0.541070 0.213627
vt 0.533591 0.213627
vt 0.541070 0.222973
vt 0.533591 0.222974
vt 0.219991 0.113589
vt 0.219991 0.126804
vt 0.211214 0.126804
vt 0.211214 0.113589
vt 0.219991 0.127614
vt 0.211214 0.127614
vt 0.219991 0.109804
vt 0.211214 0.109804
vt 0.219991 0.106019
vt 0.211213 0.106019
vt 0.211214 0.092804
vt 0.219991 0.092804
vt 0.219991 0.091994
vt 0.211214 0.091994
vt 0.858625 0.143059
vt 0.858625 0.143867
vt 0.849848 0.143867
vt 0.849848 0.143059
vt 0.858625 0.169791
vt 0.849848 0.169790
vt 0.858625 0.142251
vt 0.849848 0.142251
vt 0.858625 0.170600
vt 0.849848 0.170600
vt 0.171714 0.213938
vt 0.171714 0.210962
vt 0.179193 0.210962
vt 0.179193 0.213938
vt 0.171714 0.208933
vt 0.179193 0.208933
vt 0.171714 0.215966
vt 0.179193 0.215966
vt 0.171714 0.218280
vt 0.179193 0.218280
vt 0.892585 0.371988
vt 0.892585 0.374339
vt 0.885106 0.374339
vt 0.885106 0.371988
vt 0.892585 0.376367
vt 0.885106 0.376367
vt 0.752355 0.349177
vt 0.752355 0.386886
vt 0.728658 0.386886
vt 0.728658 0.349177
vt 0.752355 0.424595
vt 0.728658 0.424595
vt 0.752355 0.311468
vt 0.728658 0.311468
vt 0.752355 0.462305
vt 0.728658 0.462305
vt 0.752355 0.273758
vt 0.728658 0.273758
vt 0.752355 0.500014
vt 0.728658 0.500014
vt 0.752355 0.236049
vt 0.728658 0.236049
vt 0.752356 0.198340
vt 0.728658 0.198340
vt 0.752355 0.160630
vt 0.728658 0.160630
vt 0.694486 0.127930
vt 0.701965 0.127930
vt 0.701965 0.130471
vt 0.694486 0.130471
vt 0.701965 0.132320
vt 0.694486 0.132320
vt 0.701965 0.134634
vt 0.694486 0.134634
vt 0.701965 0.136552
vt 0.701965 0.136663
vt 0.694486 0.136663
vt 0.816433 0.457440
vt 0.816433 0.460039
vt 0.807655 0.460039
vt 0.807655 0.457440
vt 0.816433 0.462638
vt 0.807655 0.462638
vt 0.816433 0.448004
vt 0.807656 0.448004
vt 0.816433 0.472073
vt 0.807656 0.472073
vt 0.816433 0.447196
vt 0.807656 0.447196
vt 0.816433 0.472881
vt 0.807655 0.472881
vt 0.816433 0.473689
vt 0.807655 0.473689
vt 0.816433 0.499613
vt 0.807655 0.499613
vt 0.163435 0.218675
vt 0.163435 0.221121
vt 0.155957 0.221121
vt 0.155957 0.218675
vt 0.163435 0.216646
vt 0.155957 0.216646
vt 0.936017 0.376950
vt 0.936017 0.379925
vt 0.928538 0.379925
vt 0.928538 0.376950
vt 0.936017 0.381954
vt 0.928538 0.381954
vt 0.936017 0.374921
vt 0.928538 0.374921
vt 0.180492 0.101784
vt 0.180491 0.102592
vt 0.171714 0.102591
vt 0.171714 0.101784
vt 0.180491 0.128515
vt 0.171714 0.128515
vt 0.180492 0.100975
vt 0.171714 0.100975
vt 0.180491 0.129325
vt 0.171714 0.129325
vt 0.180491 0.091540
vt 0.171714 0.091540
vt 0.180491 0.088941
vt 0.171714 0.088941
vt 0.180492 0.086342
vt 0.171714 0.086342
vt 0.180491 0.076906
vt 0.171714 0.076906
vt 0.180492 0.076098
vt 0.171714 0.076098
vt 0.163435 0.209328
vt 0.163435 0.211642
vt 0.155957 0.211642
vt 0.155957 0.209328
vt 0.163435 0.213670
vt 0.155957 0.213670
vt 0.155957 0.208501
vt 0.163435 0.208501
vt 0.694486 0.145830
vt 0.701965 0.145830
vt 0.701965 0.148867
vt 0.694486 0.148867
vt 0.701965 0.143981
vt 0.694486 0.143981
vt 0.701965 0.141667
vt 0.694486 0.141667
vt 0.069015 0.195633
vt 0.069015 0.192658
vt 0.076494 0.192658
vt 0.076494 0.195633
vt 0.069015 0.190629
vt 0.076494 0.190629
vt 0.069015 0.197662
vt 0.076494 0.197662
vt 0.069015 0.199976
vt 0.076494 0.199976
vt 0.638900 0.274671
vt 0.638900 0.276984
vt 0.631421 0.276984
vt 0.631421 0.274671
vt 0.638900 0.277311
vt 0.631421 0.277311
vt 0.638900 0.272642
vt 0.631421 0.272642
vt 0.336176 0.097110
vt 0.343634 0.097661
vt 0.343417 0.100603
vt 0.335958 0.100052
vt 0.343281 0.102447
vt 0.335822 0.101896
vt 0.343110 0.104754
vt 0.335652 0.104204
vt 0.342961 0.106777
vt 0.335503 0.106227
vt 0.816433 0.535233
vt 0.816433 0.536043
vt 0.807656 0.536043
vt 0.807656 0.535233
vt 0.816433 0.536852
vt 0.807656 0.536852
vt 0.807655 0.522018
vt 0.816433 0.522018
vt 0.816433 0.518233
vt 0.807655 0.518233
vt 0.816433 0.514448
vt 0.807656 0.514448
vt 0.816433 0.501232
vt 0.807655 0.501232
vt 0.816433 0.500423
vt 0.807655 0.500423
vt 0.334828 0.115369
vt 0.342286 0.115920
vt 0.342120 0.118165
vt 0.334662 0.117614
vt 0.342422 0.114076
vt 0.334964 0.113525
vt 0.342593 0.111768
vt 0.335134 0.111217
vt 0.342742 0.109745
vt 0.335284 0.109194
vt 0.920625 0.278790
vt 0.920625 0.281258
vt 0.913146 0.281258
vt 0.913146 0.278790
vt 0.920625 0.276762
vt 0.913146 0.276762
vt 0.439255 0.269176
vt 0.439255 0.272152
vt 0.431776 0.272152
vt 0.431776 0.269176
vt 0.439255 0.274180
vt 0.431776 0.274180
vt 0.439255 0.267147
vt 0.431776 0.267147
vt 0.439255 0.276494
vt 0.431776 0.276494
vt 0.231546 0.126265
vt 0.231397 0.123293
vt 0.238866 0.122920
vt 0.239015 0.125892
vt 0.231296 0.121267
vt 0.238765 0.120894
vt 0.231647 0.128291
vt 0.239116 0.127918
vt 0.121462 0.047651
vt 0.113984 0.047651
vt 0.113984 0.044816
vt 0.121462 0.044816
vt 0.113984 0.042966
vt 0.121462 0.042966
vt 0.113984 0.040653
vt 0.121462 0.040653
vt 0.913146 0.268559
vt 0.920625 0.268559
vt 0.920625 0.269444
vt 0.913146 0.269444
vt 0.920625 0.271757
vt 0.913146 0.271757
vt 0.560616 0.244571
vt 0.560616 0.246885
vt 0.553137 0.246885
vt 0.553137 0.244571
vt 0.560616 0.247232
vt 0.553137 0.247232
vt 0.560616 0.242542
vt 0.553137 0.242542
vt 0.858625 0.206220
vt 0.858625 0.207030
vt 0.849848 0.207030
vt 0.849848 0.206220
vt 0.858625 0.232954
vt 0.849848 0.232954
vt 0.858626 0.205411
vt 0.849848 0.205411
vt 0.849848 0.233762
vt 0.858625 0.233762
vt 0.849848 0.192195
vt 0.858625 0.192195
vt 0.121462 0.029457
vt 0.113984 0.029457
vt 0.113984 0.026230
vt 0.121462 0.026230
vt 0.113984 0.031306
vt 0.121462 0.031306
vt 0.113984 0.033620
vt 0.121462 0.033620
vt 0.113984 0.035648
vt 0.121462 0.035648
vt 0.643291 0.228850
vt 0.643291 0.230879
vt 0.635812 0.230879
vt 0.635812 0.228850
vt 0.643291 0.233310
vt 0.635812 0.233310
vt 0.813427 0.304228
vt 0.813427 0.306257
vt 0.805948 0.306257
vt 0.805948 0.304228
vt 0.813427 0.308571
vt 0.805948 0.308571
vt 0.813427 0.301252
vt 0.805948 0.301252
vt 0.813427 0.299224
vt 0.805948 0.299224
vt 0.180491 0.164135
vt 0.180492 0.164945
vt 0.171714 0.164945
vt 0.171714 0.164135
vt 0.180492 0.165754
vt 0.171714 0.165755
vt 0.180491 0.150920
vt 0.171714 0.150920
vt 0.180492 0.191678
vt 0.171714 0.191678
vt 0.180491 0.147135
vt 0.171714 0.147135
vt 0.171714 0.143350
vt 0.180491 0.143350
vt 0.180492 0.130135
vt 0.171714 0.130135
vt 0.465659 0.118023
vt 0.458180 0.118023
vt 0.458180 0.114900
vt 0.465659 0.114901
vt 0.458180 0.113051
vt 0.465659 0.113051
vt 0.458180 0.110738
vt 0.465659 0.110738
vt 0.465659 0.099542
vt 0.458180 0.099542
vt 0.458180 0.097112
vt 0.465659 0.097112
vt 0.458180 0.101391
vt 0.465659 0.101391
vt 0.458180 0.103705
vt 0.465659 0.103705
vt 0.458180 0.105733
vt 0.465659 0.105733
vt 0.065065 0.163298
vt 0.065065 0.161269
vt 0.072544 0.161269
vt 0.072544 0.163298
vt 0.065065 0.158956
vt 0.072544 0.158956
vt 0.065065 0.166274
vt 0.072544 0.166274
vt 0.065065 0.168302
vt 0.072544 0.168302
vt 0.441959 0.118476
vt 0.434480 0.118476
vt 0.434480 0.115577
vt 0.441959 0.115577
vt 0.434480 0.113728
vt 0.441959 0.113728
vt 0.434480 0.111414
vt 0.441959 0.111414
vt 0.441959 0.100219
vt 0.434480 0.100219
vt 0.434480 0.097112
vt 0.441959 0.097112
vt 0.434480 0.102068
vt 0.441959 0.102068
vt 0.434480 0.104381
vt 0.441959 0.104381
vt 0.434480 0.106410
vt 0.441959 0.106410
vt 0.418259 0.161898
vt 0.410780 0.161898
vt 0.410780 0.158987
vt 0.418259 0.158987
vt 0.410780 0.157138
vt 0.418259 0.157138
vt 0.410780 0.154824
vt 0.418259 0.154824
vt 0.952547 0.276580
vt 0.952547 0.274551
vt 0.960026 0.274552
vt 0.960026 0.276580
vt 0.952547 0.272238
vt 0.960026 0.272238
vt 0.952547 0.279556
vt 0.960025 0.279556
vt 0.952547 0.270389
vt 0.960026 0.270389
vt 0.952547 0.281585
vt 0.960026 0.281585
vt 0.418259 0.143628
vt 0.410780 0.143628
vt 0.410780 0.141550
vt 0.418259 0.141550
vt 0.410780 0.145478
vt 0.418259 0.145478
vt 0.410780 0.147791
vt 0.418259 0.147791
vt 0.410780 0.149820
vt 0.418259 0.149820
vt 0.394980 0.175013
vt 0.394980 0.172984
vt 0.402459 0.172984
vt 0.402459 0.175013
vt 0.394980 0.170671
vt 0.402459 0.170671
vt 0.394980 0.177989
vt 0.402459 0.177989
vt 0.394980 0.168822
vt 0.402459 0.168822
vt 0.120535 0.062647
vt 0.119121 0.064061
vt 0.117259 0.062199
vt 0.118673 0.060785
vt 0.113984 0.058923
vt 0.115397 0.057510
vt 0.117259 0.059372
vt 0.115846 0.060785
vt 0.150211 0.281583
vt 0.148014 0.279386
vt 0.149876 0.277525
vt 0.152073 0.279721
vt 0.153935 0.273466
vt 0.156132 0.275663
vt 0.154270 0.277525
vt 0.152073 0.275328
vt 0.353509 0.276869
vt 0.355371 0.278731
vt 0.353957 0.280145
vt 0.352095 0.278283
vt 0.357233 0.283420
vt 0.355371 0.281558
vt 0.356784 0.280145
vt 0.358646 0.282007
vt 0.335382 0.259741
vt 0.337243 0.261603
vt 0.335047 0.263799
vt 0.333185 0.261938
vt 0.339105 0.267858
vt 0.337244 0.265996
vt 0.339440 0.263799
vt 0.341302 0.265661
vt 0.075898 0.101643
vt 0.077760 0.103505
vt 0.076346 0.104919
vt 0.074484 0.103057
vt 0.079621 0.108194
vt 0.077760 0.106332
vt 0.079173 0.104919
vt 0.081035 0.106781
vt 0.205511 0.272923
vt 0.207372 0.274785
vt 0.205175 0.276982
vt 0.203314 0.275120
vt 0.209234 0.281041
vt 0.207372 0.279179
vt 0.209569 0.276982
vt 0.211431 0.278844
vt 0.364794 0.148821
vt 0.363381 0.147407
vt 0.365243 0.145545
vt 0.366656 0.146959
vt 0.368518 0.142269
vt 0.369932 0.143683
vt 0.368070 0.145545
vt 0.366656 0.144131
vt 0.436677 0.136462
vt 0.434480 0.134265
vt 0.436342 0.132403
vt 0.438539 0.134600
vt 0.440401 0.128345
vt 0.442598 0.130542
vt 0.440736 0.132403
vt 0.438539 0.130206
vt 0.158564 0.026219
vt 0.159940 0.027595
vt 0.158809 0.028726
vt 0.157433 0.027350
vt 0.161316 0.031233
vt 0.159940 0.029857
vt 0.161071 0.028726
vt 0.162447 0.030102
vt 0.798498 0.399738
vt 0.799874 0.398362
vt 0.801633 0.400121
vt 0.800257 0.401497
vt 0.804768 0.396986
vt 0.803392 0.398362
vt 0.801633 0.396603
vt 0.803010 0.395227
vt 0.927441 0.340505
vt 0.924823 0.340505
vt 0.924823 0.336629
vt 0.927441 0.336629
vt 0.924823 0.326162
vt 0.927441 0.326162
vt 0.927441 0.330037
vt 0.924823 0.330037
vt 0.876017 0.336920
vt 0.876017 0.343512
vt 0.872141 0.343512
vt 0.872141 0.336920
vt 0.869523 0.336920
vt 0.869523 0.343512
vt 0.865648 0.343512
vt 0.865648 0.336920
vt 0.065736 0.289107
vt 0.063977 0.290866
vt 0.062601 0.289490
vt 0.064360 0.287731
vt 0.062601 0.285972
vt 0.060842 0.287731
vt 0.059466 0.286355
vt 0.061225 0.284596
vt 0.110748 0.300469
vt 0.111879 0.301600
vt 0.110503 0.302976
vt 0.109372 0.301845
vt 0.108241 0.302976
vt 0.109372 0.304107
vt 0.107996 0.305483
vt 0.106865 0.304352
vt 0.803512 0.412492
vt 0.802136 0.413868
vt 0.801005 0.412737
vt 0.802381 0.411361
vt 0.801005 0.414999
vt 0.799629 0.416375
vt 0.798498 0.415244
vt 0.799874 0.413868
vt 0.496068 0.229244
vt 0.497444 0.230621
vt 0.495685 0.232380
vt 0.494309 0.231004
vt 0.499203 0.232379
vt 0.500579 0.233756
vt 0.498820 0.235515
vt 0.497444 0.234138
vt 0.856267 0.330048
vt 0.856267 0.336640
vt 0.852391 0.336640
vt 0.852392 0.330048
vt 0.849773 0.330048
vt 0.849773 0.336640
vt 0.845898 0.336640
vt 0.845898 0.330048
vt 0.222548 0.317286
vt 0.220789 0.319045
vt 0.219413 0.317669
vt 0.221171 0.315910
vt 0.219413 0.314151
vt 0.217653 0.315910
vt 0.216277 0.314534
vt 0.218036 0.312775
vt 0.080279 0.304613
vt 0.079148 0.305744
vt 0.077772 0.304368
vt 0.078903 0.303237
vt 0.077772 0.302106
vt 0.076641 0.303237
vt 0.075265 0.301861
vt 0.076396 0.300730
vt 0.847029 0.417472
vt 0.848405 0.418848
vt 0.847274 0.419979
vt 0.845898 0.418603
vt 0.849536 0.419979
vt 0.850912 0.421355
vt 0.849781 0.422486
vt 0.848405 0.421110
vt 0.384395 0.279671
vt 0.383019 0.281047
vt 0.381260 0.279288
vt 0.382636 0.277912
vt 0.381260 0.282806
vt 0.379884 0.284182
vt 0.378125 0.282423
vt 0.379501 0.281047
vt 0.249233 0.239172
vt 0.249233 0.245764
vt 0.245357 0.245764
vt 0.245357 0.239172
vt 0.242739 0.239172
vt 0.242739 0.245764
vt 0.238863 0.245764
vt 0.238863 0.239172
vt 0.552152 0.203194
vt 0.549534 0.203194
vt 0.549534 0.199318
vt 0.552152 0.199318
vt 0.549534 0.188851
vt 0.552152 0.188851
vt 0.552152 0.192727
vt 0.549534 0.192727
vt 0.461517 0.295473
vt 0.459758 0.293714
vt 0.461134 0.292337
vt 0.462893 0.294096
vt 0.464269 0.289202
vt 0.466028 0.290961
vt 0.464652 0.292337
vt 0.462893 0.290578
vt 0.866778 0.415103
vt 0.865648 0.413972
vt 0.867024 0.412596
vt 0.868154 0.413727
vt 0.869531 0.410089
vt 0.870661 0.411220
vt 0.869285 0.412596
vt 0.868155 0.411465
vt 0.428159 0.306825
vt 0.429535 0.305449
vt 0.430666 0.306580
vt 0.429290 0.307956
vt 0.433172 0.304073
vt 0.431796 0.305449
vt 0.430666 0.304318
vt 0.432042 0.302942
vt 0.465467 0.273057
vt 0.466843 0.274433
vt 0.465084 0.276193
vt 0.463708 0.274817
vt 0.468220 0.279328
vt 0.466843 0.277951
vt 0.468602 0.276193
vt 0.469979 0.277569
vt 0.138708 0.260210
vt 0.136090 0.260210
vt 0.136090 0.256335
vt 0.138708 0.256335
vt 0.136090 0.245867
vt 0.138708 0.245867
vt 0.138708 0.249743
vt 0.136090 0.249743
vt 0.860217 0.272390
vt 0.860217 0.278982
vt 0.856341 0.278982
vt 0.856342 0.272390
vt 0.853723 0.272390
vt 0.853723 0.278982
vt 0.849848 0.278982
vt 0.849848 0.272390
vt 0.634183 0.291697
vt 0.632424 0.293456
vt 0.631048 0.292080
vt 0.632807 0.290321
vt 0.631048 0.288562
vt 0.629289 0.290321
vt 0.627913 0.288945
vt 0.629671 0.287186
vt 0.116347 0.178196
vt 0.117478 0.179326
vt 0.116102 0.180703
vt 0.114971 0.179572
vt 0.113841 0.180703
vt 0.114972 0.181833
vt 0.113595 0.183210
vt 0.112465 0.182079
vt 0.819312 0.415252
vt 0.817936 0.416628
vt 0.816805 0.415497
vt 0.818181 0.414121
vt 0.816805 0.417759
vt 0.815429 0.419135
vt 0.814298 0.418004
vt 0.815674 0.416628
vt 0.049936 0.280544
vt 0.048560 0.281920
vt 0.046801 0.280161
vt 0.048177 0.278785
vt 0.046801 0.283679
vt 0.045425 0.285055
vt 0.043666 0.283296
vt 0.045042 0.281920
vt 0.347504 0.217139
vt 0.347504 0.223731
vt 0.343628 0.223731
vt 0.343629 0.217139
vt 0.341010 0.217139
vt 0.341010 0.223731
vt 0.337135 0.223731
vt 0.337135 0.217139
vt 0.097335 0.293836
vt 0.095576 0.295595
vt 0.094200 0.294219
vt 0.095959 0.292460
vt 0.094200 0.290701
vt 0.092441 0.292460
vt 0.091065 0.291084
vt 0.092824 0.289325
vt 0.373748 0.310759
vt 0.372617 0.311890
vt 0.371241 0.310514
vt 0.372372 0.309383
vt 0.371241 0.308252
vt 0.370110 0.309383
vt 0.368734 0.308007
vt 0.369865 0.306876
vt 0.177909 0.311633
vt 0.179285 0.313009
vt 0.178154 0.314140
vt 0.176778 0.312764
vt 0.180416 0.314140
vt 0.181792 0.315516
vt 0.180661 0.316647
vt 0.179285 0.315271
vt 0.895056 0.394626
vt 0.896432 0.396002
vt 0.894673 0.397761
vt 0.893297 0.396385
vt 0.898191 0.397761
vt 0.899567 0.399137
vt 0.897808 0.400896
vt 0.896432 0.399520
vt 0.241333 0.178132
vt 0.241332 0.184723
vt 0.237457 0.184723
vt 0.237457 0.178131
vt 0.234839 0.178131
vt 0.234839 0.184723
vt 0.230963 0.184723
vt 0.230963 0.178131
vt 0.410953 0.232745
vt 0.408335 0.232745
vt 0.408335 0.228870
vt 0.410953 0.228870
vt 0.408335 0.218402
vt 0.410953 0.218402
vt 0.410953 0.222278
vt 0.408335 0.222278
vt 0.414118 0.294910
vt 0.412359 0.293151
vt 0.413735 0.291775
vt 0.415494 0.293534
vt 0.416870 0.288640
vt 0.418629 0.290399
vt 0.417253 0.291775
vt 0.415494 0.290016
vt 0.910161 0.414618
vt 0.909030 0.415749
vt 0.907654 0.414373
vt 0.908785 0.413242
vt 0.905147 0.411866
vt 0.906278 0.410735
vt 0.907654 0.412111
vt 0.906523 0.413242
vt 0.294234 0.260336
vt 0.295496 0.260336
vt 0.295263 0.264114
vt 0.294078 0.264065
vt 0.294234 0.256602
vt 0.295263 0.256559
vt 0.292990 0.277132
vt 0.291938 0.276946
vt 0.268100 0.262977
vt 0.268100 0.260336
vt 0.292989 0.243541
vt 0.291949 0.243725
vt 0.268100 0.257696
vt 0.292555 0.277816
vt 0.291765 0.277991
vt 0.266423 0.272430
vt 0.266853 0.262925
vt 0.267086 0.260337
vt 0.266423 0.248243
vt 0.291764 0.242682
vt 0.292555 0.242857
vt 0.266853 0.257748
vt 0.266239 0.273462
vt 0.265372 0.272244
vt 0.265372 0.248429
vt 0.266239 0.247211
vt 0.265556 0.273030
vt 0.265556 0.247643
vt 0.870860 0.156628
vt 0.871016 0.160356
vt 0.869830 0.160406
vt 0.869598 0.156628
vt 0.896994 0.159269
vt 0.896994 0.156628
vt 0.873156 0.173238
vt 0.872104 0.173424
vt 0.870860 0.152894
vt 0.869831 0.152851
vt 0.898672 0.168721
vt 0.896994 0.153988
vt 0.898241 0.159217
vt 0.898008 0.156628
vt 0.873330 0.174283
vt 0.872539 0.174108
vt 0.872104 0.139832
vt 0.873145 0.140016
vt 0.899722 0.168535
vt 0.898855 0.169754
vt 0.898672 0.144535
vt 0.898241 0.154040
vt 0.873330 0.138974
vt 0.872539 0.139149
vt 0.899537 0.169322
vt 0.898855 0.143503
vt 0.899722 0.144721
vt 0.899538 0.143934
vt 0.324131 0.261348
vt 0.324476 0.269944
vt 0.324106 0.269848
vt 0.322064 0.262442
vt 0.322064 0.268760
vt 0.485245 0.872508
vt 0.526024 0.918537
vt 0.508821 0.906663
vt 0.494959 0.891017
vt 0.480243 0.852212
vt 0.545568 0.925950
vt 0.480243 0.831309
vt 0.566319 0.928469
vt 0.485245 0.811014
vt 0.587070 0.925950
vt 0.494959 0.792505
vt 0.606615 0.918537
vt 0.508820 0.776859
vt 0.623817 0.906663
vt 0.526023 0.764984
vt 0.637679 0.891017
vt 0.545568 0.757572
vt 0.647393 0.872508
vt 0.652395 0.852212
vt 0.566319 0.755052
vt 0.587070 0.757572
vt 0.652395 0.831309
vt 0.606614 0.764984
vt 0.647393 0.811013
vt 0.623817 0.776858
vt 0.637679 0.792505
vt 0.329607 0.537196
vt 0.329607 0.574905
vt 0.247018 0.694555
vt 0.211759 0.707927
vt 0.320583 0.611518
vt 0.278052 0.673134
vt 0.174325 0.712472
vt 0.320583 0.500582
vt 0.303058 0.644908
vt 0.136891 0.707927
vt 0.303059 0.467192
vt 0.101632 0.694555
vt 0.278053 0.438966
vt 0.070598 0.673134
vt 0.247019 0.417545
vt 0.045592 0.644908
vt 0.211760 0.404173
vt 0.028068 0.611518
vt 0.174325 0.399628
vt 0.019043 0.574904
vt 0.136891 0.404173
vt 0.019043 0.537195
vt 0.101632 0.417545
vt 0.028068 0.500581
vt 0.070598 0.438966
vt 0.045592 0.467192
vt 0.493649 0.945110
vt 0.471531 0.948712
vt 0.481744 0.937017
vt 0.499615 0.967991
vt 0.496974 0.947370
vt 0.473534 0.927881
vt 0.506804 0.954053
vt 0.448727 0.923421
vt 0.470514 0.924522
vt 0.519574 0.958791
vt 0.461488 0.914478
vt 0.531570 0.979847
vt 0.522324 0.959812
vt 0.455838 0.903897
vt 0.535214 0.964596
vt 0.432858 0.893309
vt 0.452702 0.898024
vt 0.546587 0.965895
vt 0.544283 0.981341
vt 0.447215 0.887747
vt 0.551184 0.966420
vt 0.549583 0.981964
vt 0.429258 0.878978
vt 0.443964 0.874949
vt 0.565434 0.983825
vt 0.565321 0.968034
vt 0.427261 0.871026
vt 0.442191 0.867970
vt 0.576432 0.966605
vt 0.577864 0.982243
vt 0.424574 0.860331
vt 0.439754 0.858378
vt 0.581828 0.965911
vt 0.584080 0.981451
vt 0.424574 0.843391
vt 0.439646 0.843247
vt 0.599276 0.979516
vt 0.595376 0.964168
vt 0.424574 0.836836
vt 0.439605 0.837492
vt 0.607030 0.959653
vt 0.612356 0.974532
vt 0.424574 0.826367
vt 0.439538 0.828075
vt 0.613105 0.957299
vt 0.619363 0.971863
vt 0.428193 0.810184
vt 0.442987 0.813639
vt 0.631182 0.967359
vt 0.623633 0.953220
vt 0.429488 0.804394
vt 0.444192 0.808595
vt 0.643621 0.958697
vt 0.431994 0.793189
vt 0.446580 0.798602
vt 0.648448 0.935829
vt 0.647705 0.955854
vt 0.439439 0.778683
vt 0.659231 0.947827
vt 0.442580 0.772564
vt 0.460471 0.771671
vt 0.668161 0.937554
vt 0.447548 0.762886
vt 0.668381 0.913005
vt 0.671733 0.933445
vt 0.458043 0.750827
vt 0.681656 0.922029
vt 0.463167 0.744940
vt 0.480404 0.748846
vt 0.687434 0.910804
vt 0.469920 0.737181
vt 0.682272 0.886073
vt 0.690983 0.903909
vt 0.482721 0.728153
vt 0.697294 0.891648
vt 0.488398 0.724150
vt 0.505219 0.731455
vt 0.685140 0.874067
vt 0.700549 0.878199
vt 0.497784 0.717530
vt 0.686523 0.868281
vt 0.702166 0.871520
vt 0.512069 0.711924
vt 0.517986 0.726509
vt 0.705334 0.858429
vt 0.689314 0.856600
vt 0.517741 0.709699
vt 0.522911 0.724601
vt 0.689240 0.846227
vt 0.705250 0.846825
vt 0.529552 0.705064
vt 0.533475 0.720508
vt 0.689191 0.839309
vt 0.705192 0.838843
vt 0.544469 0.703173
vt 0.546770 0.718798
vt 0.705085 0.824241
vt 0.689098 0.826298
vt 0.549656 0.702515
vt 0.551250 0.718221
vt 0.686123 0.814588
vt 0.701785 0.811104
vt 0.563417 0.700770
vt 0.563531 0.716641
vt 0.684511 0.808243
vt 0.699942 0.803769
vt 0.578035 0.702325
vt 0.576563 0.718129
vt 0.696752 0.791072
vt 0.681637 0.796928
vt 0.585663 0.703136
vt 0.583175 0.718884
vt 0.676289 0.786912
vt 0.597388 0.704383
vt 0.593638 0.720079
vt 0.680397 0.761063
vt 0.673153 0.781040
vt 0.607395 0.725185
vt 0.667364 0.770197
vt 0.629343 0.716479
vt 0.610143 0.726205
vt 0.658915 0.760796
vt 0.622047 0.730623
vt 0.657629 0.735611
vt 0.655895 0.757436
vt 0.632058 0.737428
vt 0.647108 0.747659
vt 0.637549 0.741160
vt 0.538036 0.667547
vt 0.575349 0.664860
vt 0.578244 0.679473
vt 0.537263 0.681305
vt 0.610885 0.653138
vt 0.616830 0.665565
vt 0.501706 0.661088
vt 0.498153 0.675101
vt 0.642094 0.633314
vt 0.650611 0.644855
vt 0.495874 0.672702
vt 0.495491 0.674201
vt 0.652950 0.640713
vt 0.653931 0.641973
vt 0.495735 0.670648
vt 0.652301 0.638762
vt 0.494904 0.668003
vt 0.652060 0.636234
vt 0.493237 0.665928
vt 0.652690 0.633502
vt 0.651995 0.636006
vt 0.490040 0.664353
vt 0.654973 0.630913
vt 0.466690 0.645832
vt 0.475016 0.657918
vt 0.668595 0.606032
vt 0.666289 0.619568
vt 0.487854 0.664558
vt 0.476376 0.659642
vt 0.471897 0.656640
vt 0.668696 0.617184
vt 0.665681 0.621678
vt 0.657037 0.630317
vt 0.485805 0.665831
vt 0.476868 0.662004
vt 0.462698 0.652272
vt 0.674625 0.610670
vt 0.666104 0.624076
vt 0.659356 0.630770
vt 0.484503 0.667191
vt 0.476783 0.663886
vt 0.469447 0.656684
vt 0.462186 0.653103
vt 0.455358 0.646865
vt 0.679898 0.602248
vt 0.675412 0.611257
vt 0.670959 0.616298
vt 0.666875 0.625813
vt 0.661029 0.631576
vt 0.483436 0.669204
vt 0.476017 0.666179
vt 0.466992 0.657769
vt 0.461204 0.654695
vt 0.456443 0.648975
vt 0.452812 0.644782
vt 0.681524 0.599367
vt 0.679677 0.604623
vt 0.676924 0.612377
vt 0.673596 0.616379
vt 0.668291 0.627540
vt 0.662663 0.633024
vt 0.465390 0.658971
vt 0.460305 0.656149
vt 0.456600 0.651546
vt 0.436697 0.623060
vt 0.442092 0.636866
vt 0.687674 0.573580
vt 0.689691 0.585148
vt 0.680496 0.607091
vt 0.678307 0.613397
vt 0.675496 0.616900
vt 0.464172 0.660605
vt 0.459558 0.657353
vt 0.456251 0.653458
vt 0.450677 0.644526
vt 0.442970 0.638840
vt 0.439436 0.634931
vt 0.691496 0.582303
vt 0.689660 0.587294
vt 0.683383 0.598243
vt 0.681536 0.608749
vt 0.679257 0.614097
vt 0.676939 0.617806
vt 0.455340 0.655214
vt 0.448442 0.645342
vt 0.442858 0.641232
vt 0.431367 0.628380
vt 0.694537 0.576575
vt 0.690706 0.589423
vt 0.685787 0.598044
vt 0.682896 0.609939
vt 0.446899 0.646398
vt 0.442314 0.643030
vt 0.437107 0.634436
vt 0.430689 0.629090
vt 0.426388 0.622470
vt 0.697221 0.568450
vt 0.695469 0.576949
vt 0.693476 0.580901
vt 0.691919 0.590839
vt 0.687650 0.598348
vt 0.445295 0.648300
vt 0.440978 0.645148
vt 0.434552 0.634962
vt 0.429399 0.630456
vt 0.426955 0.624810
vt 0.424411 0.619791
vt 0.698043 0.565275
vt 0.697596 0.570785
vt 0.697246 0.577647
vt 0.696025 0.580346
vt 0.693738 0.592058
vt 0.689728 0.599301
vt 0.432772 0.635794
vt 0.428224 0.631707
vt 0.426526 0.627390
vt 0.413268 0.593618
vt 0.415376 0.608698
vt 0.702644 0.550935
vt 0.698486 0.537689
vt 0.699001 0.572933
vt 0.698865 0.578276
vt 0.697964 0.580392
vt 0.431241 0.637148
vt 0.427280 0.632707
vt 0.425769 0.629196
vt 0.422424 0.619013
vt 0.415749 0.610847
vt 0.413296 0.606173
vt 0.703079 0.553064
vt 0.699599 0.563839
vt 0.703653 0.547771
vt 0.700422 0.574246
vt 0.700002 0.578724
vt 0.699403 0.580853
vt 0.424610 0.630612
vt 0.420084 0.619256
vt 0.415066 0.613175
vt 0.406829 0.597586
vt 0.704563 0.554982
vt 0.701857 0.563222
vt 0.705975 0.539023
vt 0.701953 0.575002
vt 0.418347 0.619904
vt 0.414111 0.614814
vt 0.411179 0.605154
vt 0.406008 0.598146
vt 0.403951 0.591875
vt 0.706048 0.556164
vt 0.703706 0.563200
vt 0.706734 0.530047
vt 0.706946 0.539196
vt 0.705238 0.545987
vt 0.416356 0.621360
vt 0.412278 0.616616
vt 0.408615 0.605090
vt 0.404450 0.599231
vt 0.403973 0.594325
vt 0.402649 0.588753
vt 0.708187 0.557092
vt 0.705911 0.563786
vt 0.706840 0.526718
vt 0.707630 0.532276
vt 0.708803 0.539528
vt 0.707596 0.544899
vt 0.406718 0.605510
vt 0.403037 0.600227
vt 0.402987 0.596775
vt 0.397570 0.559422
vt 0.396164 0.574887
vt 0.700379 0.500093
vt 0.707430 0.510621
vt 0.709491 0.534120
vt 0.710495 0.539831
vt 0.709514 0.544525
vt 0.404812 0.606565
vt 0.401766 0.601110
vt 0.401863 0.598378
vt 0.400908 0.587501
vt 0.396010 0.577061
vt 0.394761 0.571946
vt 0.707734 0.507308
vt 0.708404 0.512525
vt 0.707964 0.524863
vt 0.711172 0.535139
vt 0.711759 0.540057
vt 0.711327 0.544703
vt 0.400419 0.599530
vt 0.398570 0.587146
vt 0.394788 0.579151
vt 0.390375 0.561744
vt 0.707945 0.499650
vt 0.710321 0.513910
vt 0.709999 0.523571
vt 0.712942 0.535601
vt 0.396719 0.587335
vt 0.393466 0.580507
vt 0.392952 0.570474
vt 0.389442 0.562121
vt 0.389196 0.556857
vt 0.706307 0.489284
vt 0.708926 0.499568
vt 0.708868 0.505180
vt 0.712054 0.514590
vt 0.711792 0.522973
vt 0.394344 0.588272
vt 0.391141 0.581868
vt 0.390493 0.569842
vt 0.387674 0.562874
vt 0.388666 0.559281
vt 0.388625 0.553452
vt 0.705643 0.486067
vt 0.707703 0.491202
vt 0.710802 0.499400
vt 0.710907 0.503533
vt 0.714347 0.514826
vt 0.714144 0.522843
vt 0.388562 0.569835
vt 0.386075 0.563566
vt 0.387187 0.561443
vt 0.390510 0.522406
vt 0.385503 0.537409
vt 0.693423 0.463258
vt 0.702944 0.472819
vt 0.709947 0.492504
vt 0.712514 0.499243
vt 0.712675 0.502686
vt 0.386341 0.570478
vt 0.384528 0.564210
vt 0.385762 0.562721
vt 0.387240 0.551797
vt 0.384835 0.539486
vt 0.384844 0.534220
vt 0.702462 0.469559
vt 0.704348 0.474425
vt 0.706315 0.484002
vt 0.711824 0.493061
vt 0.713767 0.499132
vt 0.714347 0.502420
vt 0.384139 0.563497
vt 0.385053 0.550859
vt 0.383150 0.541220
vt 0.382954 0.522899
vt 0.700609 0.460970
vt 0.706539 0.475291
vt 0.708003 0.482276
vt 0.713731 0.493063
vt 0.383206 0.550573
vt 0.381543 0.542215
vt 0.383437 0.532348
vt 0.381966 0.523025
vt 0.383023 0.517184
vt 0.696943 0.452460
vt 0.701543 0.460667
vt 0.703065 0.467233
vt 0.708382 0.475519
vt 0.709612 0.481283
vt 0.380637 0.550885
vt 0.378882 0.542991
vt 0.381191 0.531119
vt 0.380082 0.523295
vt 0.381919 0.519385
vt 0.383304 0.513784
vt 0.695461 0.449535
vt 0.698778 0.453992
vt 0.703329 0.460086
vt 0.704671 0.465162
vt 0.710631 0.475182
vt 0.711846 0.480623
vt 0.379312 0.530623
vt 0.378369 0.523553
vt 0.379936 0.521116
vt 0.392502 0.484765
vt 0.384066 0.498540
vt 0.677811 0.429215
vt 0.690234 0.437642
vt 0.701281 0.454728
vt 0.704961 0.459554
vt 0.706201 0.463930
vt 0.376907 0.530690
vt 0.376671 0.523791
vt 0.378221 0.522022
vt 0.382348 0.511852
vt 0.382915 0.500382
vt 0.384186 0.495307
vt 0.688914 0.434635
vt 0.691978 0.438940
vt 0.695686 0.447419
vt 0.703240 0.454829
vt 0.706078 0.459189
vt 0.707791 0.463280
vt 0.376329 0.522406
vt 0.380443 0.510424
vt 0.380863 0.501641
vt 0.384993 0.483587
vt 0.684225 0.425189
vt 0.694356 0.439374
vt 0.696980 0.445458
vt 0.704950 0.454413
vt 0.378715 0.509708
vt 0.379065 0.502207
vt 0.383258 0.493183
vt 0.384010 0.483479
vt 0.386559 0.477471
vt 0.679580 0.419043
vt 0.685071 0.424688
vt 0.688940 0.432261
vt 0.696245 0.439256
vt 0.698358 0.444218
vt 0.376056 0.509387
vt 0.376233 0.502303
vt 0.381362 0.491483
vt 0.382124 0.483290
vt 0.384974 0.479309
vt 0.387601 0.474299
vt 0.677400 0.416517
vt 0.681744 0.420124
vt 0.686697 0.423739
vt 0.690013 0.429897
vt 0.698464 0.438503
vt 0.700412 0.443197
vt 0.379651 0.490567
vt 0.380406 0.483129
vt 0.382624 0.480498
vt 0.402845 0.448951
vt 0.391434 0.460749
vt 0.654355 0.399707
vt 0.667692 0.403958
vt 0.684368 0.420288
vt 0.688183 0.422876
vt 0.691220 0.428354
vt 0.377211 0.490050
vt 0.378649 0.482952
vt 0.380724 0.480976
vt 0.387093 0.472256
vt 0.389885 0.462281
vt 0.392278 0.457677
vt 0.665668 0.401305
vt 0.669689 0.404814
vt 0.677081 0.414397
vt 0.686304 0.419957
vt 0.689289 0.422230
vt 0.692792 0.427234
vt 0.378628 0.480902
vt 0.385550 0.470518
vt 0.387577 0.463062
vt 0.395778 0.446145
vt 0.659661 0.394216
vt 0.672098 0.404682
vt 0.677832 0.412151
vt 0.687860 0.419187
vt 0.384020 0.469497
vt 0.385677 0.463232
vt 0.391845 0.455443
vt 0.394821 0.445844
vt 0.398197 0.441498
vt 0.651298 0.387499
vt 0.660329 0.393508
vt 0.665087 0.398955
vt 0.673904 0.404125
vt 0.678844 0.410586
vt 0.381260 0.468597
vt 0.382589 0.462693
vt 0.390373 0.453432
vt 0.392976 0.445298
vt 0.396193 0.442978
vt 0.399996 0.438600
vt 0.648666 0.385545
vt 0.653610 0.387991
vt 0.661608 0.392143
vt 0.665505 0.396338
vt 0.675997 0.402791
vt 0.680634 0.409002
vt 0.388900 0.452211
vt 0.391298 0.444821
vt 0.393614 0.443672
vt 0.421549 0.416641
vt 0.407415 0.425685
vt 0.624479 0.376567
vt 0.637094 0.376774
vt 0.656145 0.387462
vt 0.662775 0.390893
vt 0.666255 0.394499
vt 0.386222 0.451056
vt 0.389100 0.444169
vt 0.391668 0.443760
vt 0.400013 0.436481
vt 0.405535 0.426810
vt 0.408988 0.422904
vt 0.634523 0.374638
vt 0.639210 0.377062
vt 0.647793 0.383544
vt 0.657914 0.386624
vt 0.663758 0.389841
vt 0.667519 0.392921
vt 0.389291 0.443190
vt 0.398951 0.434403
vt 0.403100 0.427022
vt 0.415392 0.412211
vt 0.628377 0.370172
vt 0.641429 0.376276
vt 0.647903 0.381119
vt 0.659520 0.385179
vt 0.397725 0.433028
vt 0.401212 0.426735
vt 0.409121 0.420623
vt 0.414549 0.411686
vt 0.419366 0.407815
vt 0.617898 0.365368
vt 0.628858 0.369328
vt 0.633396 0.372509
vt 0.642965 0.375237
vt 0.648441 0.379300
vt 0.395097 0.431358
vt 0.398231 0.425420
vt 0.408195 0.418302
vt 0.412912 0.410702
vt 0.417036 0.408759
vt 0.421859 0.405453
vt 0.614821 0.364134
vt 0.620304 0.365273
vt 0.629773 0.367702
vt 0.633173 0.369912
vt 0.644600 0.373304
vt 0.649813 0.377084
vt 0.407072 0.416748
vt 0.411415 0.409821
vt 0.414321 0.408794
vt 0.447734 0.389590
vt 0.433513 0.393301
vt 0.589287 0.361568
vt 0.602192 0.358781
vt 0.622693 0.364131
vt 0.630606 0.366211
vt 0.633462 0.367984
vt 0.404813 0.415006
vt 0.409672 0.408779
vt 0.412375 0.408401
vt 0.422405 0.403399
vt 0.431401 0.393968
vt 0.435848 0.390885
vt 0.435854 0.390767
vt 0.599003 0.357266
vt 0.604392 0.358550
vt 0.613483 0.362420
vt 0.624247 0.362888
vt 0.631346 0.364900
vt 0.634291 0.366235
vt 0.410352 0.407354
vt 0.421895 0.401128
vt 0.428955 0.393620
vt 0.436570 0.388555
vt 0.597342 0.355224
vt 0.606457 0.357254
vt 0.613031 0.360084
vt 0.625559 0.361022
vt 0.421046 0.399500
vt 0.427166 0.392911
vt 0.436414 0.385969
vt 0.596508 0.352583
vt 0.607770 0.355883
vt 0.613153 0.358224
vt 0.419020 0.397376
vt 0.424705 0.391070
vt 0.435856 0.384125
vt 0.596367 0.350528
vt 0.609015 0.353550
vt 0.614057 0.355710
vt 0.434372 0.382078
vt 0.439401 0.378243
vt 0.593051 0.347138
vt 0.596895 0.348516
vt 0.479069 0.369981
vt 0.472810 0.356626
vt 0.552370 0.355388
vt 0.553236 0.340762
vt 0.514732 0.358267
vt 0.511962 0.343764
vt 0.347696 0.247111
vt 0.347697 0.240794
vt 0.345575 0.248220
vt 0.345655 0.239706
vt 0.345035 0.239544
vt 0.844578 0.359444
vt 0.844578 0.353127
vt 0.842535 0.360533
vt 0.842471 0.352022
vt 0.841948 0.360685
vt 0.433644 0.050276
vt 0.434327 0.050708
vt 0.434511 0.051495
vt 0.433460 0.051309
vt 0.433030 0.060813
vt 0.431783 0.060761
vt 0.407945 0.046792
vt 0.408119 0.045748
vt 0.432797 0.063402
vt 0.431783 0.063402
vt 0.405805 0.059674
vt 0.406894 0.046606
vt 0.407328 0.045923
vt 0.433030 0.065991
vt 0.431783 0.066043
vt 0.405649 0.063402
vt 0.404620 0.059624
vt 0.434511 0.075309
vt 0.433460 0.075495
vt 0.405649 0.067137
vt 0.404387 0.063402
vt 0.433644 0.076528
vt 0.434327 0.076096
vt 0.407934 0.080014
vt 0.404620 0.067180
vt 0.408119 0.081056
vt 0.406893 0.080198
vt 0.407328 0.080881
vt 0.367298 0.264999
vt 0.367298 0.258682
vt 0.365256 0.266087
vt 0.365256 0.257594
vt 0.364784 0.266209
vt 0.365217 0.257584
vt 0.286755 0.050275
vt 0.286939 0.051308
vt 0.285888 0.051494
vt 0.286072 0.050707
vt 0.312281 0.045747
vt 0.312454 0.046791
vt 0.288616 0.060760
vt 0.287369 0.060812
vt 0.313506 0.046605
vt 0.313071 0.045922
vt 0.314594 0.059673
vt 0.288616 0.063401
vt 0.287602 0.063401
vt 0.315780 0.059623
vt 0.314750 0.063401
vt 0.288616 0.066041
vt 0.287369 0.065989
vt 0.316013 0.063401
vt 0.314750 0.067135
vt 0.286939 0.075494
vt 0.285888 0.075308
vt 0.315780 0.067179
vt 0.312466 0.080013
vt 0.286755 0.076526
vt 0.286072 0.076095
vt 0.313506 0.080197
vt 0.312281 0.081055
vt 0.313071 0.080880
vt 0.162743 0.767992
vt 0.150247 0.770630
vt 0.160147 0.767865
vt 0.165274 0.768582
vt 0.170998 0.773149
vt 0.150713 0.768041
vt 0.174298 0.771339
vt 0.141520 0.768467
vt 0.184706 0.774956
vt 0.190543 0.780562
vt 0.149960 0.767749
vt 0.142243 0.768107
vt 0.129497 0.773149
vt 0.132110 0.769165
vt 0.175103 0.771266
vt 0.184121 0.774399
vt 0.193495 0.778388
vt 0.142506 0.767343
vt 0.149627 0.767013
vt 0.129537 0.769532
vt 0.175625 0.770649
vt 0.184093 0.773592
vt 0.195847 0.779495
vt 0.141054 0.741460
vt 0.148677 0.741107
vt 0.127071 0.770353
vt 0.183645 0.745997
vt 0.193087 0.749278
vt 0.197962 0.781005
vt 0.140703 0.740731
vt 0.148960 0.740348
vt 0.118341 0.773934
vt 0.183582 0.745190
vt 0.193638 0.748684
vt 0.205254 0.786993
vt 0.207746 0.792436
vt 0.139938 0.740465
vt 0.149697 0.740012
vt 0.109952 0.780561
vt 0.182965 0.744665
vt 0.194447 0.748655
vt 0.209885 0.790021
vt 0.140624 0.736214
vt 0.143593 0.736015
vt 0.108820 0.778405
vt 0.188994 0.742176
vt 0.198067 0.745638
vt 0.206026 0.787231
vt 0.210223 0.789640
vt 0.214578 0.793090
vt 0.132510 0.737134
vt 0.145183 0.734755
vt 0.150003 0.734806
vt 0.108661 0.778101
vt 0.117533 0.773935
vt 0.106444 0.779521
vt 0.186162 0.741262
vt 0.190937 0.741595
vt 0.197005 0.743910
vt 0.200788 0.746843
vt 0.206829 0.753273
vt 0.206744 0.786860
vt 0.210913 0.788860
vt 0.214081 0.791854
vt 0.218077 0.796788
vt 0.221607 0.808082
vt 0.126745 0.741240
vt 0.129572 0.737604
vt 0.133978 0.735734
vt 0.138880 0.735178
vt 0.146132 0.732645
vt 0.150188 0.732649
vt 0.156309 0.736027
vt 0.154709 0.734732
vt 0.108308 0.777430
vt 0.116956 0.773369
vt 0.106960 0.778900
vt 0.092749 0.792436
vt 0.098113 0.783952
vt 0.181690 0.740129
vt 0.192600 0.739986
vt 0.192621 0.739953
vt 0.196845 0.741554
vt 0.196837 0.741602
vt 0.207561 0.750385
vt 0.223553 0.767125
vt 0.226577 0.771180
vt 0.214561 0.790610
vt 0.224890 0.805816
vt 0.121923 0.739355
vt 0.123015 0.741880
vt 0.134732 0.733522
vt 0.137658 0.733214
vt 0.146230 0.732126
vt 0.150247 0.731638
vt 0.153750 0.732626
vt 0.159279 0.736212
vt 0.162928 0.739551
vt 0.096255 0.754465
vt 0.106689 0.749565
vt 0.106894 0.778095
vt 0.095906 0.785325
vt 0.170387 0.740610
vt 0.173914 0.738160
vt 0.181298 0.738735
vt 0.184925 0.739653
vt 0.202782 0.746467
vt 0.207878 0.749133
vt 0.212180 0.752802
vt 0.210207 0.754981
vt 0.223802 0.766354
vt 0.227256 0.770413
vt 0.229201 0.774700
vt 0.219285 0.797353
vt 0.225403 0.805462
vt 0.227083 0.808723
vt 0.229679 0.813102
vt 0.121415 0.738180
vt 0.127740 0.736733
vt 0.119392 0.742974
vt 0.116786 0.740531
vt 0.170988 0.737664
vt 0.166678 0.739856
vt 0.095912 0.753811
vt 0.106678 0.748756
vt 0.095133 0.754992
vt 0.093980 0.787070
vt 0.175767 0.737334
vt 0.180639 0.736394
vt 0.184517 0.737376
vt 0.204603 0.745041
vt 0.208411 0.747032
vt 0.211352 0.750950
vt 0.214722 0.754349
vt 0.213349 0.757092
vt 0.223432 0.765634
vt 0.227519 0.770116
vt 0.230438 0.774152
vt 0.220553 0.796942
vt 0.226441 0.804745
vt 0.226872 0.807407
vt 0.232984 0.823741
vt 0.231321 0.826591
vt 0.120563 0.736211
vt 0.126343 0.734888
vt 0.118056 0.738949
vt 0.107243 0.748176
vt 0.113935 0.741385
vt 0.169556 0.736180
vt 0.095780 0.753559
vt 0.094518 0.754466
vt 0.087434 0.793866
vt 0.177210 0.735525
vt 0.180329 0.735291
vt 0.184546 0.736890
vt 0.204935 0.744623
vt 0.208663 0.746037
vt 0.211485 0.748640
vt 0.224410 0.761091
vt 0.226744 0.762936
vt 0.230738 0.766483
vt 0.231681 0.774682
vt 0.237247 0.783201
vt 0.244235 0.792463
vt 0.227614 0.806300
vt 0.230732 0.813920
vt 0.232967 0.822933
vt 0.236742 0.832396
vt 0.120165 0.735291
vt 0.126199 0.734558
vt 0.118512 0.736681
vt 0.102856 0.745455
vt 0.100131 0.746650
vt 0.093710 0.754531
vt 0.078746 0.803842
vt 0.078888 0.808082
vt 0.177482 0.734945
vt 0.211649 0.748097
vt 0.216747 0.754236
vt 0.223812 0.759152
vt 0.228769 0.763069
vt 0.231563 0.765551
vt 0.234966 0.770238
vt 0.237862 0.781997
vt 0.245237 0.791771
vt 0.245408 0.794017
vt 0.232059 0.813799
vt 0.233521 0.822345
vt 0.237613 0.834845
vt 0.236323 0.846887
vt 0.118483 0.735929
vt 0.103925 0.743731
vt 0.112004 0.740763
vt 0.093867 0.749914
vt 0.088239 0.752846
vt 0.078968 0.803065
vt 0.086695 0.794192
vt 0.072914 0.811260
vt 0.218779 0.753019
vt 0.224257 0.756801
vt 0.230888 0.762142
vt 0.232956 0.763979
vt 0.234595 0.768244
vt 0.237073 0.772339
vt 0.237401 0.780726
vt 0.245565 0.791545
vt 0.246735 0.793756
vt 0.257111 0.811595
vt 0.251376 0.804086
vt 0.238033 0.837410
vt 0.104096 0.741385
vt 0.110319 0.739025
vt 0.093281 0.748798
vt 0.098139 0.746266
vt 0.081949 0.760557
vt 0.085699 0.754396
vt 0.089066 0.750994
vt 0.078582 0.802356
vt 0.085939 0.793907
vt 0.071451 0.813408
vt 0.231416 0.761742
vt 0.233602 0.763250
vt 0.235266 0.766030
vt 0.244842 0.781080
vt 0.246681 0.783419
vt 0.247830 0.794548
vt 0.252242 0.803047
vt 0.257920 0.811567
vt 0.238922 0.846803
vt 0.092300 0.746929
vt 0.096323 0.744833
vt 0.078793 0.762647
vt 0.077683 0.759880
vt 0.088931 0.748684
vt 0.058492 0.785971
vt 0.066949 0.776260
vt 0.069173 0.826591
vt 0.070394 0.815782
vt 0.235583 0.765487
vt 0.239069 0.772704
vt 0.244714 0.779055
vt 0.250101 0.788414
vt 0.254034 0.794157
vt 0.252073 0.801706
vt 0.258511 0.812121
vt 0.239544 0.857804
vt 0.236323 0.867790
vt 0.091832 0.746036
vt 0.096020 0.744448
vt 0.075918 0.765108
vt 0.075318 0.761686
vt 0.078313 0.757952
vt 0.083673 0.754284
vt 0.088770 0.748150
vt 0.057717 0.785738
vt 0.066612 0.775523
vt 0.067150 0.824642
vt 0.241343 0.771989
vt 0.245684 0.776889
vt 0.248619 0.784022
vt 0.251137 0.787699
vt 0.254173 0.792133
vt 0.255550 0.796718
vt 0.261041 0.807455
vt 0.239297 0.847519
vt 0.239836 0.857051
vt 0.239721 0.867238
vt 0.069781 0.766510
vt 0.077924 0.755636
vt 0.081642 0.753070
vt 0.057004 0.786124
vt 0.066896 0.774765
vt 0.064249 0.833287
vt 0.250896 0.783615
vt 0.252872 0.786501
vt 0.255376 0.790157
vt 0.257392 0.797569
vt 0.261429 0.805464
vt 0.262229 0.810183
vt 0.260117 0.815670
vt 0.240066 0.847767
vt 0.240572 0.856718
vt 0.239593 0.869834
vt 0.068948 0.765570
vt 0.073292 0.761786
vt 0.065771 0.770003
vt 0.056647 0.779861
vt 0.063658 0.772098
vt 0.064175 0.832482
vt 0.066605 0.825240
vt 0.064171 0.846886
vt 0.061491 0.842311
vt 0.251434 0.783379
vt 0.253696 0.785933
vt 0.255727 0.789803
vt 0.259743 0.797454
vt 0.262958 0.803579
vt 0.263756 0.814290
vt 0.265914 0.845789
vt 0.266479 0.855768
vt 0.239003 0.872365
vt 0.067550 0.763993
vt 0.071188 0.760824
vt 0.066148 0.768010
vt 0.048679 0.796387
vt 0.054778 0.782177
vt 0.056802 0.777838
vt 0.061661 0.772457
vt 0.063558 0.831960
vt 0.065798 0.825284
vt 0.060901 0.844842
vt 0.263951 0.811256
vt 0.264916 0.813850
vt 0.265840 0.819898
vt 0.266636 0.845422
vt 0.267237 0.856051
vt 0.236246 0.881389
vt 0.066893 0.763250
vt 0.070823 0.760538
vt 0.065483 0.765794
vt 0.052833 0.782754
vt 0.055878 0.775684
vt 0.059380 0.771731
vt 0.041299 0.816810
vt 0.038906 0.823940
vt 0.060774 0.847438
vt 0.266258 0.811438
vt 0.266878 0.813106
vt 0.266444 0.817961
vt 0.266723 0.822740
vt 0.263959 0.824161
vt 0.266886 0.844652
vt 0.267573 0.856788
vt 0.233313 0.890113
vt 0.231321 0.888085
vt 0.065149 0.765219
vt 0.050561 0.782318
vt 0.038099 0.824003
vt 0.040694 0.816272
vt 0.060950 0.856872
vt 0.267019 0.811317
vt 0.267779 0.812764
vt 0.268071 0.816317
vt 0.265127 0.827761
vt 0.275030 0.842187
vt 0.275030 0.872490
vt 0.236320 0.882194
vt 0.233858 0.889516
vt 0.230061 0.898970
vt 0.046798 0.785932
vt 0.050161 0.782137
vt 0.037574 0.824620
vt 0.040647 0.815464
vt 0.064171 0.867790
vt 0.061702 0.868911
vt 0.268577 0.816003
vt 0.269396 0.833524
vt 0.265843 0.831478
vt 0.268022 0.869996
vt 0.266771 0.843190
vt 0.236936 0.882716
vt 0.234665 0.889472
vt 0.229002 0.901344
vt 0.221607 0.906594
vt 0.032716 0.812764
vt 0.046636 0.799573
vt 0.062701 0.878293
vt 0.061318 0.868199
vt 0.060658 0.857625
vt 0.268317 0.823995
vt 0.270219 0.831670
vt 0.269944 0.836449
vt 0.267729 0.873769
vt 0.273589 0.838573
vt 0.274149 0.838612
vt 0.259157 0.897970
vt 0.261588 0.890736
vt 0.227536 0.903490
vt 0.045000 0.802986
vt 0.033519 0.837198
vt 0.025464 0.842186
vt 0.069173 0.888085
vt 0.063150 0.880853
vt 0.060547 0.867961
vt 0.059922 0.857959
vt 0.270653 0.824425
vt 0.272076 0.830201
vt 0.272026 0.830225
vt 0.271382 0.837879
vt 0.266975 0.877478
vt 0.262395 0.890673
vt 0.259762 0.898508
vt 0.221697 0.910902
vt 0.032765 0.840907
vt 0.064050 0.883291
vt 0.034723 0.870242
vt 0.034016 0.858908
vt 0.267778 0.901912
vt 0.262920 0.890056
vt 0.259807 0.899317
vt 0.213060 0.920810
vt 0.207745 0.922240
vt 0.032472 0.844680
vt 0.067909 0.891902
vt 0.034006 0.870617
vt 0.033257 0.858625
vt 0.221475 0.911679
vt 0.213799 0.920484
vt 0.206514 0.927606
vt 0.025464 0.872489
vt 0.032921 0.857888
vt 0.078887 0.906594
vt 0.070815 0.901574
vt 0.033764 0.871390
vt 0.255442 0.911790
vt 0.221860 0.912389
vt 0.214555 0.920769
vt 0.204588 0.929351
vt 0.073411 0.905953
vt 0.069762 0.900756
vt 0.067936 0.892709
vt 0.253803 0.915202
vt 0.241934 0.928793
vt 0.233545 0.938416
vt 0.202382 0.930724
vt 0.026609 0.874042
vt 0.025830 0.873976
vt 0.075604 0.908860
vt 0.067389 0.893304
vt 0.068435 0.900877
vt 0.253696 0.928744
vt 0.251757 0.918386
vt 0.242709 0.929026
vt 0.233882 0.939153
vt 0.194051 0.935155
vt 0.190542 0.934115
vt 0.028805 0.874773
vt 0.075091 0.909215
vt 0.073623 0.907269
vt 0.082417 0.917888
vt 0.049118 0.910590
vt 0.043927 0.904330
vt 0.251979 0.930682
vt 0.251365 0.930417
vt 0.243094 0.928818
vt 0.233598 0.939911
vt 0.191674 0.936270
vt 0.030219 0.876227
vt 0.074053 0.909931
vt 0.072880 0.908376
vt 0.081210 0.917323
vt 0.085916 0.921586
vt 0.092749 0.922240
vt 0.048252 0.911629
vt 0.043118 0.904367
vt 0.249084 0.930025
vt 0.245327 0.932991
vt 0.237634 0.941760
vt 0.193534 0.935776
vt 0.191833 0.936574
vt 0.182074 0.940772
vt 0.170998 0.941527
vt 0.034962 0.884551
vt 0.030717 0.879161
vt 0.056259 0.922213
vt 0.055086 0.920659
vt 0.079942 0.917734
vt 0.090645 0.924615
vt 0.048421 0.912971
vt 0.042520 0.903820
vt 0.247151 0.930640
vt 0.243422 0.928641
vt 0.245212 0.935017
vt 0.239627 0.941382
vt 0.235541 0.943875
vt 0.193601 0.936581
vt 0.192185 0.937245
vt 0.182882 0.940772
vt 0.173340 0.944345
vt 0.033014 0.889276
vt 0.055257 0.922905
vt 0.053760 0.920920
vt 0.063248 0.931475
vt 0.090332 0.924969
vt 0.086413 0.922822
vt 0.094420 0.927034
vt 0.043928 0.916158
vt 0.039071 0.906363
vt 0.246209 0.937194
vt 0.241889 0.942072
vt 0.230686 0.948135
vt 0.224576 0.949568
vt 0.205361 0.959684
vt 0.204239 0.960210
vt 0.183458 0.941338
vt 0.170874 0.945164
vt 0.035722 0.888258
vt 0.033831 0.892137
vt 0.031449 0.887985
vt 0.029863 0.881001
vt 0.054929 0.923131
vt 0.052664 0.920128
vt 0.062633 0.932679
vt 0.089671 0.925714
vt 0.085933 0.924066
vt 0.093650 0.926786
vt 0.109952 0.934115
vt 0.101641 0.933107
vt 0.045400 0.918744
vt 0.042101 0.915275
vt 0.038668 0.908351
vt 0.037904 0.903626
vt 0.235183 0.945872
vt 0.231525 0.949082
vt 0.224979 0.953143
vt 0.205977 0.960210
vt 0.204582 0.960864
vt 0.193703 0.965152
vt 0.168300 0.945529
vt 0.036932 0.891845
vt 0.035196 0.895988
vt 0.029164 0.887500
vt 0.027923 0.882465
vt 0.050370 0.926278
vt 0.063094 0.933950
vt 0.073797 0.943632
vt 0.071293 0.939977
vt 0.092928 0.927149
vt 0.103739 0.934641
vt 0.039766 0.915346
vt 0.037092 0.910249
vt 0.235868 0.948081
vt 0.232926 0.950663
vt 0.227006 0.953048
vt 0.222611 0.954945
vt 0.221701 0.952029
vt 0.206784 0.960145
vt 0.204714 0.961116
vt 0.193713 0.965962
vt 0.158890 0.946217
vt 0.034477 0.897707
vt 0.033184 0.894060
vt 0.049335 0.926993
vt 0.045227 0.920765
vt 0.052525 0.929546
vt 0.054323 0.931918
vt 0.073147 0.944366
vt 0.070056 0.940524
vt 0.075889 0.946686
vt 0.106077 0.935776
vt 0.036190 0.902540
vt 0.236148 0.948552
vt 0.233601 0.951426
vt 0.229108 0.954014
vt 0.213815 0.960889
vt 0.218545 0.954119
vt 0.211260 0.962414
vt 0.206632 0.964772
vt 0.193147 0.966541
vt 0.149781 0.946635
vt 0.150247 0.944046
vt 0.033267 0.900596
vt 0.031519 0.895666
vt 0.047599 0.928191
vt 0.043991 0.922721
vt 0.050599 0.928910
vt 0.062381 0.941261
vt 0.072896 0.944649
vt 0.068813 0.939994
vt 0.075631 0.947454
vt 0.114826 0.939311
vt 0.033885 0.902340
vt 0.229455 0.954288
vt 0.221977 0.956872
vt 0.215839 0.961020
vt 0.210415 0.964259
vt 0.207218 0.965887
vt 0.199372 0.968470
vt 0.196636 0.969640
vt 0.158166 0.946577
vt 0.150534 0.946927
vt 0.140347 0.946811
vt 0.032716 0.901912
vt 0.031220 0.895843
vt 0.046798 0.928744
vt 0.043757 0.922948
vt 0.048315 0.929276
vt 0.064462 0.943388
vt 0.060390 0.940872
vt 0.054416 0.933944
vt 0.069784 0.948162
vt 0.075993 0.948178
vt 0.126196 0.943337
vt 0.129496 0.941527
vt 0.033010 0.902472
vt 0.222360 0.959185
vt 0.217882 0.962276
vt 0.210528 0.966570
vt 0.208199 0.967756
vt 0.201361 0.968871
vt 0.187414 0.973019
vt 0.157902 0.947340
vt 0.150867 0.947663
vt 0.137751 0.946684
vt 0.047552 0.929594
vt 0.058136 0.941542
vt 0.053361 0.936152
vt 0.068951 0.949102
vt 0.064809 0.945387
vt 0.073975 0.951922
vt 0.125391 0.943411
vt 0.115404 0.939875
vt 0.135220 0.946094
vt 0.210719 0.967221
vt 0.208663 0.968640
vt 0.203164 0.970321
vt 0.195552 0.971354
vt 0.189350 0.973627
vt 0.184570 0.973895
vt 0.180994 0.971731
vt 0.159329 0.973225
vt 0.151817 0.973570
vt 0.067553 0.950680
vt 0.064111 0.947592
vt 0.071951 0.951794
vt 0.076315 0.953762
vt 0.124869 0.944027
vt 0.115422 0.940682
vt 0.203405 0.970634
vt 0.195358 0.973686
vt 0.191032 0.975326
vt 0.179284 0.975146
vt 0.177369 0.972822
vt 0.159681 0.973955
vt 0.151534 0.974328
vt 0.066893 0.951426
vt 0.063862 0.948005
vt 0.069833 0.952726
vt 0.085976 0.956838
vt 0.086019 0.960480
vt 0.116849 0.968679
vt 0.106144 0.964889
vt 0.183312 0.975486
vt 0.179585 0.976368
vt 0.171810 0.976915
vt 0.160445 0.974221
vt 0.150797 0.974664
vt 0.069331 0.953109
vt 0.089093 0.958985
vt 0.088564 0.962022
vt 0.083993 0.960598
vt 0.076917 0.955699
vt 0.116913 0.969486
vt 0.105586 0.965476
vt 0.182873 0.977758
vt 0.180090 0.978416
vt 0.173648 0.977773
vt 0.168875 0.977407
vt 0.173638 0.973458
vt 0.157801 0.978608
vt 0.150535 0.978659
vt 0.093866 0.964764
vt 0.092450 0.960733
vt 0.081959 0.961825
vt 0.076480 0.958044
vt 0.117529 0.970011
vt 0.104777 0.965496
vt 0.182902 0.978410
vt 0.180329 0.979385
vt 0.175059 0.979607
vt 0.160769 0.978387
vt 0.156220 0.979880
vt 0.150452 0.979920
vt 0.144385 0.978702
vt 0.093280 0.965880
vt 0.089397 0.963872
vt 0.100475 0.968182
vt 0.112302 0.972767
vt 0.103204 0.969367
vt 0.175236 0.980004
vt 0.167418 0.978818
vt 0.162520 0.979410
vt 0.155287 0.981997
vt 0.150313 0.982032
vt 0.145983 0.979951
vt 0.141415 0.978522
vt 0.137589 0.975113
vt 0.092292 0.967763
vt 0.089269 0.966182
vt 0.098484 0.968571
vt 0.115140 0.973661
vt 0.110362 0.973361
vt 0.104278 0.971088
vt 0.166680 0.981043
vt 0.163768 0.981396
vt 0.155208 0.982435
vt 0.150247 0.983038
vt 0.146946 0.982055
vt 0.132242 0.977502
vt 0.133816 0.974820
vt 0.091831 0.968640
vt 0.089098 0.966753
vt 0.096672 0.970011
vt 0.096569 0.969999
vt 0.121220 0.975105
vt 0.108681 0.975030
vt 0.104457 0.973428
vt 0.147062 0.982651
vt 0.139677 0.979569
vt 0.133706 0.978905
vt 0.129304 0.977025
vt 0.130107 0.974066
vt 0.096392 0.970369
vt 0.120917 0.976336
vt 0.116388 0.975261
vt 0.138447 0.981605
vt 0.134455 0.981120
vt 0.120410 0.978390
vt 0.116811 0.977535
vt 0.127471 0.977893
vt 0.120165 0.979385
vt 0.116782 0.978102
vt 0.126069 0.979734
vt 0.125915 0.980083
vt 0.909827 0.375317
vt 0.909826 0.381635
vt 0.911900 0.374221
vt 0.911869 0.382723
vt 0.912300 0.382834
vt 0.631621 0.251036
vt 0.630471 0.252707
vt 0.630471 0.246389
vt 0.628429 0.253795
vt 0.628429 0.245301
vt 0.628382 0.253807
vt 0.627913 0.245167
vt 0.410871 0.275659
vt 0.410871 0.269342
vt 0.408829 0.276747
vt 0.408799 0.268246
vt 0.408409 0.276856
vt 0.865439 0.364635
vt 0.864288 0.366306
vt 0.864288 0.359989
vt 0.862246 0.367394
vt 0.862192 0.358886
vt 0.861698 0.367536
vt 0.327958 0.247123
vt 0.327959 0.240805
vt 0.325840 0.248231
vt 0.325917 0.239717
vt 0.325285 0.239554
vt 0.258418 0.040579
vt 0.259101 0.041011
vt 0.259286 0.041797
vt 0.258235 0.041611
vt 0.257804 0.051116
vt 0.256558 0.051064
vt 0.232719 0.037095
vt 0.232893 0.036050
vt 0.257571 0.053704
vt 0.256558 0.053704
vt 0.230579 0.049976
vt 0.231668 0.036909
vt 0.232102 0.036225
vt 0.257804 0.056293
vt 0.256558 0.056345
vt 0.230423 0.053705
vt 0.229394 0.049927
vt 0.259286 0.065612
vt 0.258235 0.065798
vt 0.230423 0.057439
vt 0.229161 0.053705
vt 0.258418 0.066830
vt 0.259101 0.066398
vt 0.232708 0.070316
vt 0.229394 0.057482
vt 0.232893 0.071359
vt 0.231668 0.070500
vt 0.232102 0.071184
vt 0.494669 0.070299
vt 0.493468 0.070875
vt 0.488386 0.071237
vt 0.487114 0.070838
vt 0.495157 0.069059
vt 0.486456 0.069680
vt 0.483386 0.048274
vt 0.495157 0.047435
vt 0.483744 0.046970
vt 0.494618 0.046195
vt 0.484942 0.046344
vt 0.493342 0.045744
vt 0.235487 0.159372
vt 0.234913 0.149921
vt 0.237540 0.149937
vt 0.237540 0.159359
vt 0.239330 0.150401
vt 0.239330 0.158895
vt 0.241372 0.151489
vt 0.241372 0.157807
vt 0.175547 0.260094
vt 0.174397 0.261765
vt 0.174397 0.255447
vt 0.172275 0.262873
vt 0.172355 0.254359
vt 0.171714 0.254193
vt 0.061890 0.271654
vt 0.061890 0.265337
vt 0.059848 0.272742
vt 0.059822 0.264242
vt 0.059466 0.272842
vt 0.870086 0.286086
vt 0.877641 0.286625
vt 0.876369 0.287024
vt 0.871288 0.286661
vt 0.869598 0.284846
vt 0.878300 0.285467
vt 0.881369 0.264061
vt 0.869598 0.263222
vt 0.870137 0.261981
vt 0.881011 0.262757
vt 0.871413 0.261531
vt 0.879812 0.262130
vt 0.127596 0.123851
vt 0.127173 0.133305
vt 0.124926 0.133290
vt 0.124926 0.123869
vt 0.123136 0.132826
vt 0.123136 0.124333
vt 0.121094 0.131738
vt 0.121094 0.125421
vt 0.908948 0.357768
vt 0.907798 0.359439
vt 0.907798 0.353122
vt 0.905756 0.360527
vt 0.905686 0.352015
vt 0.905147 0.360685
vt 0.824897 0.347148
vt 0.824897 0.340831
vt 0.822771 0.348258
vt 0.822855 0.339742
vt 0.822198 0.339572
vt 0.365755 0.050275
vt 0.365938 0.051308
vt 0.364887 0.051494
vt 0.365072 0.050707
vt 0.391280 0.045747
vt 0.391465 0.046789
vt 0.367615 0.060760
vt 0.366368 0.060812
vt 0.392070 0.045922
vt 0.392505 0.046605
vt 0.393749 0.059666
vt 0.366601 0.063401
vt 0.367615 0.063401
vt 0.394779 0.059623
vt 0.393749 0.063401
vt 0.366368 0.065989
vt 0.367615 0.066041
vt 0.395012 0.063401
vt 0.393593 0.067129
vt 0.365938 0.075494
vt 0.364887 0.075308
vt 0.394779 0.067179
vt 0.391453 0.080011
vt 0.365755 0.076526
vt 0.365072 0.076095
vt 0.392505 0.080197
vt 0.391280 0.081055
vt 0.392070 0.080880
vt 0.384738 0.101640
vt 0.385421 0.102072
vt 0.385606 0.102859
vt 0.384555 0.102673
vt 0.384124 0.112177
vt 0.382878 0.112125
vt 0.359039 0.098156
vt 0.359213 0.097111
vt 0.383891 0.114766
vt 0.382878 0.114766
vt 0.356899 0.111038
vt 0.357988 0.097970
vt 0.358422 0.097286
vt 0.384124 0.117354
vt 0.382878 0.117406
vt 0.356743 0.114766
vt 0.355714 0.110988
vt 0.385606 0.126673
vt 0.384555 0.126859
vt 0.356743 0.118500
vt 0.355481 0.114766
vt 0.384738 0.127891
vt 0.385421 0.127459
vt 0.359028 0.131378
vt 0.355714 0.118543
vt 0.359213 0.132420
vt 0.357988 0.131562
vt 0.358422 0.132245
vt 0.442619 0.252196
vt 0.442619 0.245879
vt 0.440518 0.253300
vt 0.440577 0.244791
vt 0.440009 0.244644
vt 0.123160 0.238406
vt 0.122548 0.247852
vt 0.120976 0.247842
vt 0.120976 0.238420
vt 0.119186 0.247378
vt 0.119186 0.238884
vt 0.117144 0.246290
vt 0.117144 0.239972
vt 0.115993 0.241643
vt 0.800968 0.382238
vt 0.800968 0.375921
vt 0.798926 0.383326
vt 0.798895 0.374825
vt 0.798498 0.383437
vt 0.424237 0.101640
vt 0.424920 0.102072
vt 0.425105 0.102858
vt 0.424054 0.102673
vt 0.423624 0.112177
vt 0.422377 0.112125
vt 0.398539 0.098156
vt 0.398712 0.097111
vt 0.423391 0.114766
vt 0.422377 0.114766
vt 0.396399 0.111038
vt 0.397487 0.097970
vt 0.397922 0.097286
vt 0.423624 0.117354
vt 0.422377 0.117406
vt 0.396243 0.114766
vt 0.395213 0.110988
vt 0.425105 0.126673
vt 0.424054 0.126859
vt 0.396243 0.118500
vt 0.394980 0.114766
vt 0.424238 0.127891
vt 0.424920 0.127460
vt 0.398527 0.131378
vt 0.395213 0.118543
vt 0.398712 0.132420
vt 0.397487 0.131562
vt 0.397922 0.132245
vt 0.807009 0.277840
vt 0.806398 0.268389
vt 0.808932 0.268406
vt 0.808932 0.277827
vt 0.810722 0.268870
vt 0.810722 0.277363
vt 0.812764 0.269958
vt 0.812764 0.276275
vt 0.462283 0.260012
vt 0.462283 0.253695
vt 0.463434 0.255366
vt 0.460241 0.261100
vt 0.460201 0.252596
vt 0.459758 0.261225
vt 0.552179 0.222605
vt 0.552179 0.216287
vt 0.550087 0.223706
vt 0.550138 0.215199
vt 0.549608 0.215062
vt 0.444489 0.214044
vt 0.443959 0.204598
vt 0.446175 0.204612
vt 0.446175 0.214034
vt 0.447965 0.205076
vt 0.447965 0.213570
vt 0.450007 0.206164
vt 0.450007 0.212482
vt 0.097678 0.076542
vt 0.097678 0.086005
vt 0.095540 0.086092
vt 0.095094 0.076681
vt 0.093730 0.085713
vt 0.093328 0.077229
vt 0.091639 0.084723
vt 0.091340 0.078413
vt 0.462546 0.238323
vt 0.462546 0.232005
vt 0.463697 0.233676
vt 0.460392 0.239440
vt 0.460504 0.230917
vt 0.459758 0.230724
vt 0.202053 0.259714
vt 0.202053 0.253397
vt 0.200011 0.260802
vt 0.199930 0.252287
vt 0.199364 0.260970
vt 0.801116 0.360077
vt 0.801116 0.353760
vt 0.802266 0.355431
vt 0.799074 0.361165
vt 0.799013 0.352656
vt 0.798498 0.361314
vt 0.888282 0.308975
vt 0.887798 0.318423
vt 0.886009 0.318411
vt 0.886009 0.308990
vt 0.884219 0.317947
vt 0.884219 0.309454
vt 0.882177 0.316859
vt 0.882177 0.310542
vt 0.881026 0.315188
vt 0.270934 0.206670
vt 0.270463 0.197220
vt 0.272930 0.197236
vt 0.272930 0.206657
vt 0.274720 0.197700
vt 0.274720 0.206193
vt 0.276762 0.198788
vt 0.276762 0.205105
vt 0.512694 0.222619
vt 0.512694 0.216302
vt 0.513844 0.217973
vt 0.510599 0.223721
vt 0.510652 0.215214
vt 0.510108 0.215073
vt 0.799186 0.336694
vt 0.798498 0.327249
vt 0.800685 0.327263
vt 0.800685 0.336684
vt 0.802475 0.327727
vt 0.802475 0.336220
vt 0.804517 0.328815
vt 0.804517 0.335132
vt 0.805667 0.330486
vt 0.923947 0.296726
vt 0.923278 0.306173
vt 0.921558 0.306162
vt 0.921558 0.296741
vt 0.919768 0.305698
vt 0.919768 0.297205
vt 0.917726 0.304610
vt 0.917726 0.298293
vt 0.273359 0.222140
vt 0.272770 0.231588
vt 0.271074 0.231577
vt 0.271074 0.222155
vt 0.269284 0.231113
vt 0.269284 0.222619
vt 0.267242 0.230025
vt 0.267242 0.223707
vt 0.266092 0.228354
vt 0.850266 0.311431
vt 0.849848 0.301982
vt 0.852177 0.301997
vt 0.852177 0.311419
vt 0.853967 0.302461
vt 0.853967 0.310955
vt 0.856009 0.303549
vt 0.856009 0.309867
vt 0.534316 0.174213
vt 0.533808 0.164765
vt 0.536122 0.164780
vt 0.536122 0.174201
vt 0.537912 0.165244
vt 0.537912 0.173737
vt 0.539954 0.166332
vt 0.539954 0.172649
vt 0.541104 0.168003
vt 0.435014 0.198255
vt 0.434463 0.207702
vt 0.432720 0.207691
vt 0.432720 0.198269
vt 0.430930 0.207227
vt 0.430930 0.198734
vt 0.428888 0.206139
vt 0.428888 0.199822
vt 0.099618 0.217514
vt 0.099087 0.226962
vt 0.097276 0.226951
vt 0.097276 0.217529
vt 0.095486 0.226487
vt 0.095486 0.217993
vt 0.093444 0.225399
vt 0.093444 0.219081
vt 0.092294 0.223728
vt 0.822771 0.322948
vt 0.822198 0.313501
vt 0.824471 0.313516
vt 0.824471 0.322937
vt 0.826261 0.313980
vt 0.826261 0.322473
vt 0.828303 0.315068
vt 0.828303 0.321385
vt 0.558133 0.177475
vt 0.557508 0.168028
vt 0.559811 0.168043
vt 0.559811 0.177465
vt 0.561601 0.168507
vt 0.561601 0.177001
vt 0.563643 0.169595
vt 0.563643 0.175913
vt 0.947573 0.301994
vt 0.947146 0.311443
vt 0.945258 0.311431
vt 0.945258 0.302009
vt 0.943468 0.310967
vt 0.943468 0.302473
vt 0.941426 0.309879
vt 0.941426 0.303561
vt 0.046272 0.249510
vt 0.046252 0.243193
vt 0.044233 0.250605
vt 0.044147 0.242096
vt 0.043666 0.250754
vt 0.417038 0.247721
vt 0.417038 0.254039
vt 0.419080 0.246633
vt 0.419135 0.255141
vt 0.419630 0.246491
vt 0.473143 0.050276
vt 0.473826 0.050708
vt 0.474011 0.051495
vt 0.472960 0.051309
vt 0.471283 0.060761
vt 0.472529 0.060813
vt 0.447618 0.045748
vt 0.447433 0.046790
vt 0.445148 0.059667
vt 0.472296 0.063402
vt 0.471283 0.063402
vt 0.446393 0.046606
vt 0.446827 0.045923
vt 0.445148 0.063402
vt 0.444119 0.059624
vt 0.472529 0.065990
vt 0.471283 0.066043
vt 0.445305 0.067130
vt 0.443886 0.063402
vt 0.472960 0.075495
vt 0.474011 0.075309
vt 0.447444 0.080012
vt 0.444119 0.067180
vt 0.473143 0.076528
vt 0.473826 0.076096
vt 0.446393 0.080198
vt 0.447618 0.081056
vt 0.446827 0.080881
vt 0.608336 0.132457
vt 0.608519 0.133490
vt 0.607468 0.133676
vt 0.607653 0.132889
vt 0.633861 0.127929
vt 0.634046 0.128971
vt 0.610196 0.142942
vt 0.608949 0.142994
vt 0.634651 0.128104
vt 0.635086 0.128787
vt 0.636330 0.141848
vt 0.609182 0.145583
vt 0.610196 0.145583
vt 0.637360 0.141805
vt 0.636330 0.145583
vt 0.608949 0.148171
vt 0.610196 0.148224
vt 0.637593 0.145583
vt 0.636174 0.149311
vt 0.608519 0.157676
vt 0.607468 0.157490
vt 0.637360 0.149361
vt 0.634034 0.162193
vt 0.608336 0.158708
vt 0.607653 0.158277
vt 0.635086 0.162379
vt 0.633861 0.163237
vt 0.634651 0.163062
vt 0.820801 0.369296
vt 0.820801 0.362978
vt 0.818759 0.370384
vt 0.818759 0.361891
vt 0.818248 0.361758
vt 0.841631 0.380371
vt 0.840481 0.382042
vt 0.840481 0.375725
vt 0.838406 0.383139
vt 0.838439 0.374637
vt 0.837998 0.374522
vt 0.860138 0.388431
vt 0.860138 0.382114
vt 0.858096 0.389519
vt 0.858074 0.381020
vt 0.857748 0.389610
vt 0.932376 0.355318
vt 0.933526 0.353647
vt 0.933526 0.359965
vt 0.935568 0.352559
vt 0.935630 0.361069
vt 0.936145 0.352409
vt 0.586401 0.130323
vt 0.591942 0.133357
vt 0.586454 0.127902
vt 0.593877 0.132089
vt 0.594392 0.131541
vt 0.676225 0.132458
vt 0.676908 0.132890
vt 0.677092 0.133677
vt 0.676042 0.133491
vt 0.674365 0.142943
vt 0.675611 0.142995
vt 0.650515 0.128972
vt 0.650700 0.127930
vt 0.648230 0.141849
vt 0.675378 0.145584
vt 0.674365 0.145584
vt 0.649475 0.128788
vt 0.649909 0.128105
vt 0.648230 0.145584
vt 0.647201 0.141806
vt 0.675611 0.148172
vt 0.674365 0.148225
vt 0.648386 0.149312
vt 0.646968 0.145584
vt 0.676042 0.157677
vt 0.677092 0.157491
vt 0.647201 0.149362
vt 0.650526 0.162194
vt 0.676225 0.158710
vt 0.676908 0.158278
vt 0.649475 0.162380
vt 0.650700 0.163238
vt 0.649909 0.163063
vt 0.286406 0.172260
vt 0.285134 0.172658
vt 0.280053 0.172296
vt 0.278851 0.171721
vt 0.287065 0.171102
vt 0.278363 0.170481
vt 0.278363 0.148856
vt 0.290134 0.149696
vt 0.278902 0.147616
vt 0.289776 0.148392
vt 0.280178 0.147166
vt 0.288578 0.147765
vt 0.911230 0.325206
vt 0.911978 0.334652
vt 0.909708 0.334637
vt 0.909709 0.325215
vt 0.907919 0.334173
vt 0.907919 0.325679
vt 0.905877 0.333085
vt 0.905877 0.326767
vt 0.889201 0.357699
vt 0.888050 0.359370
vt 0.888050 0.353053
vt 0.885938 0.360476
vt 0.886008 0.351965
vt 0.885397 0.351806
vt 0.186080 0.283419
vt 0.186080 0.277101
vt 0.184038 0.284507
vt 0.183999 0.276003
vt 0.183564 0.284630
vt 0.128752 0.193484
vt 0.136307 0.194023
vt 0.135036 0.194422
vt 0.129954 0.194059
vt 0.128264 0.192244
vt 0.136966 0.192865
vt 0.140036 0.171459
vt 0.128264 0.170619
vt 0.128804 0.169380
vt 0.139678 0.170155
vt 0.130079 0.168929
vt 0.138479 0.169528
vt 0.186584 0.207723
vt 0.186181 0.217173
vt 0.184175 0.217160
vt 0.184175 0.207739
vt 0.182385 0.216696
vt 0.182385 0.208203
vt 0.180343 0.215609
vt 0.180343 0.209291
vt 0.885106 0.379343
vt 0.883956 0.381014
vt 0.883956 0.374696
vt 0.881914 0.382102
vt 0.881876 0.373599
vt 0.881447 0.382223
vt 0.532440 0.222616
vt 0.532440 0.216298
vt 0.530346 0.223717
vt 0.530398 0.215210
vt 0.529858 0.215070
vt 0.671535 0.171519
vt 0.671718 0.172551
vt 0.670667 0.172737
vt 0.670852 0.171951
vt 0.697060 0.166990
vt 0.697234 0.168035
vt 0.673395 0.182004
vt 0.672149 0.182056
vt 0.698285 0.167849
vt 0.697851 0.167165
vt 0.699374 0.180916
vt 0.673395 0.184645
vt 0.672382 0.184645
vt 0.700559 0.180867
vt 0.699530 0.184645
vt 0.673395 0.187285
vt 0.672149 0.187233
vt 0.700792 0.184644
vt 0.699530 0.188379
vt 0.671718 0.196738
vt 0.670667 0.196552
vt 0.700559 0.188422
vt 0.697245 0.201256
vt 0.671535 0.197770
vt 0.670852 0.197338
vt 0.698285 0.201441
vt 0.697060 0.202299
vt 0.697851 0.202124
vt 0.827755 0.144904
vt 0.828438 0.145336
vt 0.828623 0.146123
vt 0.827572 0.145937
vt 0.825895 0.155389
vt 0.827142 0.155441
vt 0.802045 0.141418
vt 0.802230 0.140376
vt 0.799761 0.154295
vt 0.826909 0.158030
vt 0.825895 0.158030
vt 0.801005 0.141234
vt 0.801440 0.140551
vt 0.799761 0.158030
vt 0.798731 0.154252
vt 0.827142 0.160618
vt 0.825895 0.160671
vt 0.799917 0.161758
vt 0.798498 0.158030
vt 0.827572 0.170123
vt 0.828623 0.169937
vt 0.802057 0.174640
vt 0.798731 0.161808
vt 0.827755 0.171156
vt 0.828438 0.170724
vt 0.801005 0.174826
vt 0.802230 0.175684
vt 0.801440 0.175509
vt 0.154806 0.218317
vt 0.154806 0.211999
vt 0.152632 0.219439
vt 0.152764 0.210911
vt 0.151964 0.210704
vt 0.686467 0.142881
vt 0.686963 0.133424
vt 0.689504 0.133440
vt 0.689504 0.142861
vt 0.691294 0.133904
vt 0.691294 0.142397
vt 0.693336 0.134992
vt 0.693336 0.141309
vt 0.694486 0.139638
vt 0.927388 0.381596
vt 0.927388 0.375279
vt 0.925346 0.382684
vt 0.925312 0.374182
vt 0.924897 0.382801
vt 0.354645 0.050276
vt 0.355328 0.050708
vt 0.355512 0.051495
vt 0.354461 0.051309
vt 0.352784 0.060761
vt 0.354031 0.060813
vt 0.328934 0.046790
vt 0.329119 0.045748
vt 0.326650 0.059667
vt 0.353798 0.063402
vt 0.352784 0.063402
vt 0.327894 0.046606
vt 0.328329 0.045923
vt 0.325620 0.059624
vt 0.326650 0.063402
vt 0.354031 0.065991
vt 0.352784 0.066043
vt 0.325387 0.063402
vt 0.326806 0.067130
vt 0.354461 0.075495
vt 0.355512 0.075309
vt 0.325620 0.067180
vt 0.328946 0.080012
vt 0.354644 0.076528
vt 0.355327 0.076096
vt 0.327894 0.080198
vt 0.329119 0.081056
vt 0.328329 0.080881
vt 0.083442 0.189422
vt 0.083958 0.198872
vt 0.081476 0.198856
vt 0.081476 0.189435
vt 0.079686 0.198392
vt 0.079686 0.189899
vt 0.077644 0.197304
vt 0.077644 0.190987
vt 0.630271 0.274313
vt 0.630271 0.267996
vt 0.631421 0.269666
vt 0.628229 0.275401
vt 0.628207 0.266902
vt 0.627913 0.275483
vt 0.154650 0.260845
vt 0.154650 0.254527
vt 0.152527 0.261953
vt 0.152608 0.253439
vt 0.151964 0.253273
vt 0.327831 0.111890
vt 0.327831 0.102410
vt 0.330771 0.102646
vt 0.330077 0.112042
vt 0.332522 0.103240
vt 0.331897 0.111711
vt 0.334478 0.104476
vt 0.334013 0.110776
vt 0.246171 0.119312
vt 0.246171 0.128774
vt 0.244152 0.128862
vt 0.243682 0.119452
vt 0.242341 0.128488
vt 0.241917 0.120005
vt 0.240247 0.127503
vt 0.239932 0.121194
vt 0.911996 0.278433
vt 0.911996 0.272115
vt 0.913146 0.273786
vt 0.909801 0.279560
vt 0.909954 0.271027
vt 0.909097 0.270805
vt 0.430626 0.273822
vt 0.430626 0.267505
vt 0.428584 0.274910
vt 0.428553 0.266409
vt 0.428159 0.275021
vt 0.551986 0.244213
vt 0.551986 0.237895
vt 0.553137 0.239566
vt 0.549945 0.245301
vt 0.549922 0.236802
vt 0.549608 0.245388
vt 0.129672 0.032405
vt 0.129280 0.041865
vt 0.126445 0.041847
vt 0.126445 0.032425
vt 0.124655 0.041383
vt 0.124655 0.032889
vt 0.122613 0.040295
vt 0.122613 0.033977
vt 0.121462 0.038624
vt 0.799153 0.307463
vt 0.798498 0.298014
vt 0.800966 0.298029
vt 0.800966 0.307451
vt 0.802756 0.298493
vt 0.802756 0.306987
vt 0.804798 0.299581
vt 0.804798 0.305899
vt 0.634661 0.230521
vt 0.634662 0.224203
vt 0.635812 0.225874
vt 0.632503 0.231639
vt 0.632620 0.223115
vt 0.631863 0.222919
vt 0.473071 0.102495
vt 0.473763 0.111952
vt 0.470641 0.111932
vt 0.470641 0.102510
vt 0.468851 0.111468
vt 0.468851 0.102974
vt 0.466809 0.110380
vt 0.466809 0.104062
vt 0.465659 0.108709
vt 0.080078 0.160059
vt 0.079686 0.169511
vt 0.077526 0.169497
vt 0.077526 0.160075
vt 0.075736 0.169033
vt 0.075736 0.160539
vt 0.073694 0.167945
vt 0.073694 0.161627
vt 0.450048 0.103167
vt 0.449839 0.112627
vt 0.446941 0.112609
vt 0.446941 0.103187
vt 0.445151 0.112145
vt 0.445151 0.103651
vt 0.443109 0.111057
vt 0.443109 0.104739
vt 0.441959 0.109386
vt 0.966838 0.273345
vt 0.967560 0.282795
vt 0.965008 0.282779
vt 0.965008 0.273357
vt 0.963218 0.282315
vt 0.963218 0.273821
vt 0.961176 0.281227
vt 0.961176 0.274909
vt 0.425320 0.146584
vt 0.426153 0.156037
vt 0.423241 0.156019
vt 0.423241 0.146597
vt 0.421451 0.155555
vt 0.421451 0.147061
vt 0.419410 0.154467
vt 0.419409 0.148149
vt 0.418259 0.152796
vt 0.410118 0.171773
vt 0.409735 0.181226
vt 0.407442 0.181212
vt 0.407442 0.171790
vt 0.405652 0.180748
vt 0.405652 0.172254
vt 0.403610 0.179660
vt 0.403610 0.173342
vt 0.394461 0.145919
vt 0.394113 0.155374
vt 0.391642 0.155358
vt 0.391642 0.145937
vt 0.389852 0.154894
vt 0.389852 0.146401
vt 0.387810 0.153806
vt 0.387810 0.147489
vt 0.386660 0.152135
vt 0.943102 0.271865
vt 0.943892 0.281314
vt 0.941308 0.281298
vt 0.941308 0.271876
vt 0.939518 0.280834
vt 0.939518 0.272340
vt 0.937476 0.279746
vt 0.937476 0.273428
vt 0.650335 0.178820
vt 0.649961 0.188274
vt 0.647579 0.188259
vt 0.647579 0.178837
vt 0.645789 0.187795
vt 0.645789 0.179301
vt 0.643747 0.186707
vt 0.643747 0.180389
vt 0.105318 0.163456
vt 0.104565 0.154005
vt 0.107237 0.154022
vt 0.107237 0.163444
vt 0.109027 0.154486
vt 0.109027 0.162980
vt 0.111069 0.155574
vt 0.111069 0.161892
vt 0.882392 0.397177
vt 0.880633 0.398936
vt 0.878874 0.397177
vt 0.880633 0.395418
vt 0.463396 0.307843
vt 0.462265 0.308974
vt 0.461134 0.307843
vt 0.462265 0.306713
vt 0.355441 0.306870
vt 0.356572 0.308001
vt 0.355441 0.309132
vt 0.354311 0.308001
vt 0.198549 0.208610
vt 0.200308 0.210369
vt 0.198549 0.212128
vt 0.196790 0.210369
vt 0.144177 0.030105
vt 0.144177 0.036697
vt 0.141559 0.036697
vt 0.141559 0.030105
vt 0.819192 0.401122
vt 0.817433 0.402881
vt 0.815674 0.401123
vt 0.817433 0.399364
vt 0.196215 0.316052
vt 0.195085 0.317182
vt 0.193954 0.316052
vt 0.195085 0.314921
vt 0.047303 0.297425
vt 0.046173 0.298556
vt 0.045042 0.297425
vt 0.046173 0.296295
vt 0.433053 0.289943
vt 0.431294 0.291702
vt 0.429535 0.289943
vt 0.431294 0.288184
vt 0.170899 0.275767
vt 0.172658 0.277526
vt 0.170899 0.279285
vt 0.169140 0.277526
vt 0.518423 0.274924
vt 0.517292 0.276055
vt 0.516162 0.274924
vt 0.517292 0.273793
vt 0.139802 0.206792
vt 0.138671 0.207923
vt 0.137540 0.206792
vt 0.138671 0.205661
vt 0.937691 0.400641
vt 0.935932 0.402400
vt 0.934173 0.400641
vt 0.935932 0.398882
vt 0.225607 0.249532
vt 0.225607 0.256124
vt 0.222989 0.256124
vt 0.222989 0.249532
vt 0.837183 0.395998
vt 0.838942 0.397757
vt 0.837183 0.399516
vt 0.835424 0.397757
vt 0.340772 0.310034
vt 0.339642 0.311165
vt 0.338511 0.310034
vt 0.339642 0.308903
vt 0.646655 0.205980
vt 0.645525 0.207111
vt 0.644394 0.205980
vt 0.645525 0.204850
vt 0.821383 0.383219
vt 0.823142 0.384977
vt 0.821383 0.386736
vt 0.819624 0.384977
vt 0.451044 0.274409
vt 0.452802 0.276168
vt 0.451044 0.277927
vt 0.449285 0.276168
vt 0.939254 0.415016
vt 0.940385 0.416147
vt 0.939254 0.417278
vt 0.938123 0.416147
vt 0.447596 0.307819
vt 0.446465 0.308949
vt 0.445335 0.307819
vt 0.446465 0.306688
vt 0.048560 0.265775
vt 0.046801 0.267534
vt 0.045042 0.265775
vt 0.046801 0.264016
vt 0.430703 0.226153
vt 0.430703 0.232745
vt 0.428084 0.232745
vt 0.428084 0.226153
vt 0.854742 0.404473
vt 0.852983 0.406232
vt 0.851224 0.404473
vt 0.852983 0.402714
vt 0.924585 0.416060
vt 0.923454 0.417191
vt 0.922323 0.416060
vt 0.923454 0.414929
vt 0.833736 0.413263
vt 0.832605 0.414393
vt 0.831474 0.413262
vt 0.832605 0.412132
vt 0.448853 0.292313
vt 0.447094 0.294072
vt 0.445335 0.292313
vt 0.447094 0.290554
vt 0.921891 0.397742
vt 0.920132 0.399501
vt 0.918373 0.397742
vt 0.920132 0.395983
vt 0.580492 0.273213
vt 0.581623 0.274344
vt 0.580492 0.275474
vt 0.579361 0.274344
vt 0.134721 0.271450
vt 0.135852 0.272581
vt 0.134721 0.273712
vt 0.133590 0.272581
vt 0.534752 0.238350
vt 0.532993 0.240109
vt 0.531234 0.238350
vt 0.532993 0.236591
vt 0.532402 0.192726
vt 0.532402 0.199318
vt 0.529784 0.199318
vt 0.529784 0.192726
vt 0.080159 0.287731
vt 0.078400 0.289490
vt 0.076641 0.287731
vt 0.078400 0.285972
vt 0.885085 0.413180
vt 0.883954 0.414311
vt 0.882823 0.413180
vt 0.883954 0.412050
vt 0.063103 0.303237
vt 0.061972 0.304368
vt 0.060842 0.303237
vt 0.061972 0.302106
vt 0.076100 0.131379
vt 0.077859 0.133138
vt 0.076100 0.134897
vt 0.074341 0.133138
vt 0.313435 0.262085
vt 0.320914 0.262085
vt 0.313435 0.259746
vt 0.320914 0.259746
vt 0.356318 0.247495
vt 0.356310 0.249882
vt 0.348663 0.249856
vt 0.348839 0.247469
vt 0.853207 0.359802
vt 0.845728 0.359802
vt 0.853207 0.362116
vt 0.845728 0.362116
vt 0.853207 0.362723
vt 0.845728 0.362723
vt 0.836183 0.448368
vt 0.827405 0.448368
vt 0.375927 0.265357
vt 0.375927 0.267671
vt 0.368448 0.267671
vt 0.368448 0.265357
vt 0.375927 0.268158
vt 0.368448 0.268158
vt 0.625276 0.608927
vt 0.626630 0.606381
vt 0.632379 0.612724
vt 0.630387 0.614497
vt 0.617911 0.613800
vt 0.617169 0.612739
vt 0.629593 0.605117
vt 0.634595 0.610699
vt 0.612358 0.617558
vt 0.611599 0.616476
vt 0.634498 0.597781
vt 0.635495 0.598650
vt 0.183026 0.264516
vt 0.616701 0.623705
vt 0.605037 0.622437
vt 0.638912 0.592935
vt 0.639889 0.593783
vt 0.183026 0.262123
vt 0.175547 0.262122
vt 0.872917 0.369544
vt 0.647018 0.584015
vt 0.645818 0.587363
vt 0.645499 0.598668
vt 0.641173 0.603588
vt 0.183026 0.260094
vt 0.865439 0.368978
vt 0.872917 0.368978
vt 0.652165 0.591571
vt 0.654127 0.588751
vt 0.872917 0.366664
vt 0.865439 0.366664
vt 0.650245 0.580879
vt 0.656514 0.585056
vt 0.872917 0.364635
vt 0.653186 0.572681
vt 0.654363 0.573287
vt 0.656448 0.566630
vt 0.657604 0.567209
vt 0.661802 0.559540
vt 0.661315 0.557601
vt 0.664239 0.570554
vt 0.661079 0.576700
vt 0.669420 0.560426
vt 0.668866 0.561970
vt 0.470913 0.253337
vt 0.463434 0.253337
vt 0.663419 0.554784
vt 0.670516 0.557273
vt 0.470913 0.255366
vt 0.664266 0.546151
vt 0.665553 0.546456
vt 0.665715 0.540456
vt 0.666978 0.540735
vt 0.669173 0.532368
vt 0.674235 0.542379
vt 0.672881 0.548161
vt 0.677001 0.532857
vt 0.809745 0.353402
vt 0.802266 0.353402
vt 0.521323 0.213630
vt 0.513844 0.213630
vt 0.809745 0.355431
vt 0.521323 0.215944
vt 0.513844 0.215944
vt 0.521323 0.217973
vt 0.965274 0.257875
vt 0.965274 0.258683
vt 0.956497 0.258683
vt 0.956497 0.257875
vt 0.965274 0.248439
vt 0.956497 0.248440
vt 0.965274 0.245840
vt 0.956497 0.245840
vt 0.965274 0.243241
vt 0.956497 0.243241
vt 0.160742 0.082238
vt 0.151964 0.082238
vt 0.901197 0.374959
vt 0.908676 0.374959
vt 0.901197 0.372614
vt 0.908676 0.372614
vt 0.804498 0.253011
vt 0.798755 0.253061
vt 0.798744 0.251729
vt 0.804486 0.251678
vt 0.804443 0.246588
vt 0.798701 0.246635
vt 0.639100 0.251036
vt 0.639100 0.253065
vt 0.631621 0.253064
vt 0.639100 0.255378
vt 0.631621 0.255378
vt 0.639100 0.255427
vt 0.631621 0.255427
vt 0.804251 0.211276
vt 0.798508 0.211219
vt 0.804241 0.219597
vt 0.798499 0.219641
vt 0.875914 0.245230
vt 0.870171 0.245232
vt 0.870171 0.250323
vt 0.875914 0.250324
vt 0.875914 0.251657
vt 0.870171 0.251656
vt 0.419501 0.276017
vt 0.412022 0.276017
vt 0.419501 0.278331
vt 0.412022 0.278331
vt 0.419501 0.278765
vt 0.412022 0.278765
vt 0.460746 0.537512
vt 0.456427 0.539158
vt 0.470436 0.556001
vt 0.466624 0.558620
vt 0.484275 0.571638
vt 0.481205 0.575096
vt 0.761565 0.814838
vt 0.761565 0.807276
vt 0.769044 0.807276
vt 0.769044 0.814838
vt 0.760258 0.814839
vt 0.760258 0.807276
vt 0.760258 0.828384
vt 0.761565 0.824300
vt 0.760258 0.794184
vt 0.761565 0.797811
vt 0.769044 0.824300
vt 0.769044 0.828384
vt 0.769044 0.794184
vt 0.769044 0.797811
vt 0.769044 0.833526
vt 0.761565 0.833526
vt 0.761565 0.842986
vt 0.760258 0.842986
vt 0.761565 0.850969
vt 0.760258 0.850969
vt 0.760258 0.862573
vt 0.761565 0.860439
vt 0.769044 0.842986
vt 0.769044 0.850969
vt 0.769044 0.860439
vt 0.769043 0.862573
vt 0.769044 0.866576
vt 0.761565 0.866576
vt 0.761565 0.876042
vt 0.760258 0.876042
vt 0.761565 0.882914
vt 0.760258 0.882914
vt 0.769044 0.876042
vt 0.769043 0.882914
vt 0.761565 0.892375
vt 0.760258 0.896751
vt 0.769044 0.892375
vt 0.769044 0.896751
vt 0.965274 0.187646
vt 0.956497 0.187646
vt 0.965274 0.191431
vt 0.956497 0.191431
vt 0.965274 0.204646
vt 0.956497 0.204646
vt 0.160742 0.136273
vt 0.151964 0.136273
vt 0.870143 0.218240
vt 0.875886 0.218235
vt 0.870063 0.209920
vt 0.875805 0.209815
vt 0.336587 0.249872
vt 0.329109 0.249871
vt 0.242523 0.162328
vt 0.250001 0.162328
vt 0.250002 0.164381
vt 0.242523 0.164381
vt 0.250002 0.160478
vt 0.242523 0.160478
vt 0.891815 0.453380
vt 0.900592 0.453380
vt 0.900592 0.452570
vt 0.891815 0.452570
vt 0.752355 0.537723
vt 0.728658 0.537723
vt 0.752355 0.575432
vt 0.728658 0.575432
vt 0.752356 0.613142
vt 0.728658 0.613142
vt 0.242523 0.144341
vt 0.250002 0.144341
vt 0.070519 0.274326
vt 0.063040 0.274326
vt 0.070519 0.274721
vt 0.063040 0.274721
vt 0.119943 0.120900
vt 0.112465 0.120900
vt 0.112465 0.118230
vt 0.119943 0.118230
vt 0.112465 0.122749
vt 0.119943 0.122749
vt 0.916427 0.357768
vt 0.826047 0.337481
vt 0.833526 0.337481
vt 0.900592 0.532529
vt 0.891815 0.532529
vt 0.119943 0.138506
vt 0.112465 0.138506
vt 0.112465 0.136259
vt 0.119943 0.136259
vt 0.200241 0.196551
vt 0.200241 0.197359
vt 0.191464 0.197358
vt 0.191464 0.196550
vt 0.833526 0.349904
vt 0.826047 0.349904
vt 0.898125 0.195554
vt 0.898125 0.198153
vt 0.889347 0.198153
vt 0.889347 0.195554
vt 0.898125 0.192955
vt 0.889347 0.192955
vt 0.898125 0.183520
vt 0.889347 0.183520
vt 0.898125 0.182712
vt 0.889347 0.182712
vt 0.809597 0.373218
vt 0.802119 0.373218
vt 0.813914 0.280796
vt 0.821393 0.280796
vt 0.821393 0.282719
vt 0.813914 0.282719
vt 0.821393 0.278947
vt 0.813914 0.278947
vt 0.880842 0.565685
vt 0.872065 0.565685
vt 0.108515 0.241643
vt 0.809597 0.384910
vt 0.802119 0.384910
vt 0.809597 0.385352
vt 0.802119 0.385352
vt 0.813914 0.262904
vt 0.821393 0.262904
vt 0.821393 0.265437
vt 0.813914 0.265437
vt 0.560809 0.213616
vt 0.553330 0.213616
vt 0.553330 0.213069
vt 0.560809 0.213069
vt 0.089977 0.073952
vt 0.082506 0.074306
vt 0.082384 0.071721
vt 0.089854 0.071367
vt 0.082594 0.076153
vt 0.090064 0.075799
vt 0.898125 0.236748
vt 0.889347 0.236748
vt 0.889347 0.249964
vt 0.898125 0.240644
vt 0.898125 0.249964
vt 0.898125 0.253749
vt 0.889347 0.253749
vt 0.471175 0.233676
vt 0.090805 0.091430
vt 0.083335 0.091784
vt 0.083233 0.089647
vt 0.090704 0.089293
vt 0.083146 0.087800
vt 0.090616 0.087446
vt 0.210683 0.250643
vt 0.203204 0.250643
vt 0.210682 0.263054
vt 0.203204 0.263054
vt 0.277912 0.209626
vt 0.285391 0.209626
vt 0.285391 0.211622
vt 0.277912 0.211622
vt 0.873548 0.315188
vt 0.277912 0.191800
vt 0.285391 0.191800
vt 0.285391 0.194267
vt 0.277912 0.194267
vt 0.285391 0.196116
vt 0.277912 0.196116
vt 0.916576 0.293772
vt 0.909097 0.293772
vt 0.909097 0.291384
vt 0.916576 0.291384
vt 0.813146 0.330486
vt 0.916576 0.310850
vt 0.909097 0.310850
vt 0.909097 0.309131
vt 0.916576 0.309131
vt 0.909097 0.307282
vt 0.916576 0.307282
vt 0.864638 0.316298
vt 0.857159 0.316298
vt 0.258613 0.228354
vt 0.857159 0.296700
vt 0.864638 0.296700
vt 0.864638 0.299029
vt 0.857159 0.299029
vt 0.864638 0.300878
vt 0.857159 0.300878
vt 0.420259 0.193007
vt 0.427738 0.193007
vt 0.427738 0.212403
vt 0.420259 0.212403
vt 0.420259 0.210660
vt 0.427738 0.210660
vt 0.420259 0.208811
vt 0.427738 0.208811
vt 0.420259 0.206497
vt 0.427738 0.206497
vt 0.548583 0.168003
vt 0.084815 0.228070
vt 0.084815 0.225756
vt 0.092294 0.225756
vt 0.092294 0.228070
vt 0.084815 0.223728
vt 0.084815 0.229919
vt 0.092294 0.229919
vt 0.092294 0.231730
vt 0.084815 0.231730
vt 0.836932 0.310547
vt 0.836932 0.312396
vt 0.829453 0.312396
vt 0.829453 0.310547
vt 0.836932 0.314710
vt 0.829453 0.314710
vt 0.829453 0.308274
vt 0.836932 0.308274
vt 0.932797 0.314399
vt 0.932797 0.312550
vt 0.940276 0.312550
vt 0.940276 0.314399
vt 0.932797 0.310237
vt 0.940276 0.310237
vt 0.940276 0.316287
vt 0.932797 0.316287
vt 0.572272 0.166924
vt 0.572272 0.169238
vt 0.564793 0.169237
vt 0.564793 0.166924
vt 0.572272 0.165075
vt 0.564793 0.165074
vt 0.564793 0.162771
vt 0.572272 0.162771
vt 0.054896 0.249864
vt 0.047417 0.249864
vt 0.054896 0.252178
vt 0.047417 0.252178
vt 0.054896 0.252765
vt 0.047417 0.252765
vt 0.945524 0.140848
vt 0.936747 0.140850
vt 0.408409 0.247364
vt 0.408409 0.245050
vt 0.415888 0.245050
vt 0.415888 0.247363
vt 0.408409 0.244482
vt 0.415888 0.244482
vt 0.838875 0.297591
vt 0.838876 0.298399
vt 0.830098 0.298399
vt 0.830098 0.297591
vt 0.838876 0.288156
vt 0.830098 0.288155
vt 0.838876 0.285557
vt 0.830098 0.285557
vt 0.838875 0.282958
vt 0.830098 0.282958
vt 0.829430 0.369654
vt 0.821952 0.369654
vt 0.829430 0.371968
vt 0.821952 0.371968
vt 0.849110 0.380371
vt 0.849110 0.382400
vt 0.841631 0.382400
vt 0.849110 0.384747
vt 0.841631 0.384747
vt 0.820286 0.250934
vt 0.820297 0.252267
vt 0.814555 0.252317
vt 0.814544 0.250984
vt 0.814500 0.245890
vt 0.820243 0.245843
vt 0.622733 0.476069
vt 0.627054 0.474420
vt 0.613021 0.457574
vt 0.616817 0.454934
vt 0.599168 0.441949
vt 0.602217 0.438473
vt 0.868768 0.388789
vt 0.861289 0.388789
vt 0.868768 0.391103
vt 0.861289 0.391103
vt 0.868768 0.391463
vt 0.861289 0.391463
vt 0.820050 0.210531
vt 0.814308 0.210475
vt 0.820041 0.218852
vt 0.814299 0.218896
vt 0.142483 0.152629
vt 0.136741 0.152631
vt 0.136741 0.157721
vt 0.142483 0.157723
vt 0.142483 0.159055
vt 0.136741 0.159054
vt 0.917875 0.142295
vt 0.917875 0.143102
vt 0.909097 0.143103
vt 0.909097 0.142295
vt 0.838876 0.227362
vt 0.830098 0.227362
vt 0.838876 0.231147
vt 0.830098 0.231147
vt 0.838876 0.244363
vt 0.830098 0.244363
vt 0.924897 0.355318
vt 0.924897 0.353289
vt 0.932376 0.353289
vt 0.924897 0.350976
vt 0.932376 0.350976
vt 0.924897 0.350380
vt 0.487699 0.397359
vt 0.480848 0.403200
vt 0.480153 0.402094
vt 0.475097 0.406783
vt 0.474416 0.405664
vt 0.465077 0.413047
vt 0.466829 0.410365
vt 0.896680 0.362113
vt 0.476190 0.395755
vt 0.459651 0.406454
vt 0.461991 0.404591
vt 0.896680 0.359728
vt 0.889201 0.359728
vt 0.460917 0.415348
vt 0.456136 0.409445
vt 0.896680 0.357699
vt 0.455667 0.422603
vt 0.454732 0.421700
vt 0.450742 0.427881
vt 0.449788 0.426977
vt 0.444005 0.435119
vt 0.443719 0.433483
vt 0.444357 0.421807
vt 0.449312 0.416565
vt 0.436926 0.430313
vt 0.437593 0.429384
vt 0.439642 0.440123
vt 0.433344 0.435841
vt 0.436568 0.448358
vt 0.435433 0.447717
vt 0.433740 0.453418
vt 0.432599 0.452769
vt 0.429143 0.461663
vt 0.428233 0.460610
vt 0.426090 0.449052
vt 0.428934 0.444036
vt 0.421106 0.458717
vt 0.421342 0.458128
vt 0.638900 0.267638
vt 0.631421 0.267638
vt 0.426168 0.467304
vt 0.419032 0.464648
vt 0.638900 0.269666
vt 0.425126 0.476079
vt 0.423865 0.475741
vt 0.423756 0.481178
vt 0.422493 0.480829
vt 0.420112 0.489617
vt 0.415277 0.478831
vt 0.416641 0.473809
vt 0.412409 0.489138
vt 0.560616 0.237538
vt 0.553137 0.237538
vt 0.643291 0.221532
vt 0.635812 0.221532
vt 0.560616 0.239566
vt 0.643291 0.223846
vt 0.635812 0.223846
vt 0.643291 0.225874
vt 0.136711 0.125639
vt 0.142454 0.125634
vt 0.136631 0.117319
vt 0.142372 0.117213
vt 0.579818 0.136557
vt 0.583411 0.129997
vt 0.904726 0.322247
vt 0.897247 0.322247
vt 0.897247 0.320725
vt 0.904726 0.320725
vt 0.897247 0.324096
vt 0.904726 0.324096
vt 0.211214 0.128423
vt 0.219991 0.128423
vt 0.761565 0.401861
vt 0.760258 0.401861
vt 0.760258 0.384922
vt 0.761565 0.392392
vt 0.761565 0.408416
vt 0.760258 0.408416
vt 0.769044 0.384922
vt 0.769043 0.392392
vt 0.760258 0.418885
vt 0.761565 0.417898
vt 0.769043 0.401861
vt 0.769044 0.408416
vt 0.761565 0.383375
vt 0.769043 0.383375
vt 0.769044 0.417898
vt 0.769043 0.418885
vt 0.760258 0.373894
vt 0.761565 0.373894
vt 0.761565 0.426006
vt 0.769044 0.426006
vt 0.760258 0.365695
vt 0.761565 0.365695
vt 0.761565 0.435468
vt 0.760258 0.435468
vt 0.760258 0.350918
vt 0.761565 0.356224
vt 0.769043 0.365695
vt 0.769043 0.373894
vt 0.761565 0.441400
vt 0.760258 0.441400
vt 0.769043 0.350918
vt 0.769043 0.356224
vt 0.761565 0.450890
vt 0.769044 0.435468
vt 0.769044 0.441400
vt 0.769044 0.450890
vt 0.904726 0.339875
vt 0.897247 0.339875
vt 0.194709 0.286090
vt 0.187230 0.286090
vt 0.194709 0.286580
vt 0.187230 0.286580
vt 0.179193 0.204770
vt 0.171714 0.204770
vt 0.171714 0.202361
vt 0.179193 0.202361
vt 0.171714 0.206620
vt 0.179193 0.206620
vt 0.892585 0.379343
vt 0.752355 0.009793
vt 0.752355 0.047503
vt 0.728658 0.047503
vt 0.728658 0.009793
vt 0.752355 0.085212
vt 0.728658 0.085212
vt 0.752356 0.122921
vt 0.728658 0.122921
vt 0.533591 0.213069
vt 0.541070 0.213069
vt 0.219991 0.207572
vt 0.211214 0.207572
vt 0.219991 0.208382
vt 0.211214 0.208382
vt 0.179193 0.222135
vt 0.171714 0.222135
vt 0.171714 0.220129
vt 0.179193 0.220129
vt 0.816433 0.562776
vt 0.816433 0.563584
vt 0.807656 0.563584
vt 0.807655 0.562776
vt 0.858625 0.249204
vt 0.858625 0.258639
vt 0.849848 0.258639
vt 0.849848 0.249204
vt 0.858625 0.246605
vt 0.849848 0.246605
vt 0.858625 0.244006
vt 0.849848 0.244006
vt 0.858625 0.234570
vt 0.849848 0.234570
vt 0.541070 0.225340
vt 0.533591 0.225340
vt 0.936017 0.372573
vt 0.928538 0.372573
vt 0.076494 0.186466
vt 0.069015 0.186466
vt 0.069015 0.184500
vt 0.076494 0.184500
vt 0.069015 0.188315
vt 0.076494 0.188315
vt 0.180492 0.192486
vt 0.171714 0.192486
vt 0.701965 0.139638
vt 0.936017 0.384268
vt 0.928538 0.384268
vt 0.936017 0.384732
vt 0.928538 0.384732
vt 0.076494 0.204306
vt 0.069015 0.204306
vt 0.069015 0.201825
vt 0.076494 0.201825
vt 0.163279 0.251856
vt 0.155800 0.251856
vt 0.155800 0.251191
vt 0.163279 0.251191
vt 0.238557 0.116736
vt 0.231088 0.117109
vt 0.230963 0.114619
vt 0.238433 0.114246
vt 0.231180 0.118956
vt 0.238650 0.118583
vt 0.858625 0.171410
vt 0.849848 0.171410
vt 0.858626 0.184625
vt 0.849848 0.184625
vt 0.858625 0.188410
vt 0.849848 0.188410
vt 0.920625 0.273786
vt 0.439255 0.264803
vt 0.431776 0.264803
vt 0.239425 0.134094
vt 0.231955 0.134468
vt 0.231854 0.132449
vt 0.239324 0.132076
vt 0.231762 0.130602
vt 0.239232 0.130229
vt 0.439255 0.276933
vt 0.431776 0.276933
vt 0.805948 0.310420
vt 0.813427 0.310420
vt 0.813427 0.312233
vt 0.805948 0.312233
vt 0.113984 0.038624
vt 0.805948 0.292593
vt 0.813427 0.292593
vt 0.813427 0.295061
vt 0.805948 0.295061
vt 0.813427 0.296910
vt 0.805948 0.296910
vt 0.072544 0.157107
vt 0.065065 0.157107
vt 0.065065 0.154555
vt 0.072544 0.154555
vt 0.072544 0.174625
vt 0.065065 0.174625
vt 0.065065 0.172465
vt 0.072544 0.172465
vt 0.065065 0.170616
vt 0.072544 0.170616
vt 0.458180 0.108709
vt 0.952547 0.268558
vt 0.960025 0.268558
vt 0.960025 0.288300
vt 0.952547 0.288300
vt 0.952547 0.285747
vt 0.960026 0.285747
vt 0.952547 0.283898
vt 0.960026 0.283898
vt 0.434480 0.109386
vt 0.394980 0.166145
vt 0.402459 0.166145
vt 0.402459 0.186474
vt 0.394980 0.186474
vt 0.394980 0.184180
vt 0.402459 0.184180
vt 0.394980 0.182331
vt 0.402459 0.182331
vt 0.394980 0.180017
vt 0.402459 0.180017
vt 0.410780 0.152796
vt 0.928847 0.284266
vt 0.928847 0.282417
vt 0.936326 0.282417
vt 0.936326 0.284266
vt 0.928847 0.280104
vt 0.936326 0.280103
vt 0.936326 0.286851
vt 0.928847 0.286851
vt 0.379181 0.156478
vt 0.379181 0.154164
vt 0.386659 0.154164
vt 0.386660 0.156478
vt 0.379181 0.152135
vt 0.379181 0.158327
vt 0.386660 0.158327
vt 0.386660 0.160798
vt 0.379181 0.160798
vt 0.635118 0.191227
vt 0.635118 0.189378
vt 0.642597 0.189378
vt 0.642597 0.191227
vt 0.635118 0.187065
vt 0.642597 0.187065
vt 0.642597 0.193610
vt 0.635118 0.193610
vt 0.119699 0.152903
vt 0.119699 0.155216
vt 0.112220 0.155216
vt 0.112220 0.152903
vt 0.119699 0.151053
vt 0.112220 0.151053
vt 0.112220 0.148381
vt 0.119698 0.148381
vt 0.119121 0.057510
vt 0.120535 0.058923
vt 0.115397 0.064061
vt 0.113984 0.062647
vt 0.156132 0.279386
vt 0.153935 0.281583
vt 0.148014 0.275663
vt 0.150211 0.273466
vt 0.358646 0.278283
vt 0.357233 0.276869
vt 0.353509 0.283420
vt 0.352095 0.282007
vt 0.341302 0.261937
vt 0.339105 0.259741
vt 0.335382 0.267858
vt 0.333185 0.265661
vt 0.081035 0.103057
vt 0.079622 0.101643
vt 0.075898 0.108194
vt 0.074484 0.106781
vt 0.211431 0.275120
vt 0.209234 0.272923
vt 0.205510 0.281041
vt 0.203314 0.278844
vt 0.369932 0.147407
vt 0.368518 0.148821
vt 0.363381 0.143683
vt 0.364794 0.142269
vt 0.442598 0.134265
vt 0.440401 0.136462
vt 0.434480 0.130541
vt 0.436677 0.128345
vt 0.162447 0.027350
vt 0.161316 0.026219
vt 0.158564 0.031233
vt 0.157433 0.030102
vt 0.800257 0.395227
vt 0.798498 0.396986
vt 0.804768 0.399738
vt 0.803010 0.401497
vt 0.931316 0.330037
vt 0.931316 0.336629
vt 0.920947 0.336629
vt 0.920947 0.330037
vt 0.872141 0.347387
vt 0.869523 0.347387
vt 0.869523 0.333044
vt 0.872141 0.333044
vt 0.061225 0.290866
vt 0.059466 0.289107
vt 0.063977 0.284596
vt 0.065736 0.286355
vt 0.111879 0.304352
vt 0.110748 0.305483
vt 0.106865 0.301600
vt 0.107996 0.300469
vt 0.799629 0.411361
vt 0.798498 0.412492
vt 0.802381 0.416375
vt 0.803512 0.415244
vt 0.494309 0.233756
vt 0.496068 0.235515
vt 0.500579 0.231003
vt 0.498820 0.229244
vt 0.852392 0.340516
vt 0.849773 0.340516
vt 0.849773 0.326173
vt 0.852391 0.326173
vt 0.218036 0.319045
vt 0.216277 0.317286
vt 0.220789 0.312775
vt 0.222548 0.314534
vt 0.076396 0.305744
vt 0.075265 0.304613
vt 0.079148 0.300730
vt 0.080279 0.301861
vt 0.845898 0.421355
vt 0.847029 0.422486
vt 0.850912 0.418603
vt 0.849781 0.417472
vt 0.379884 0.277912
vt 0.378125 0.279671
vt 0.382636 0.284182
vt 0.384395 0.282423
vt 0.245357 0.249639
vt 0.242739 0.249639
vt 0.242739 0.235296
vt 0.245357 0.235296
vt 0.556027 0.192726
vt 0.556027 0.199318
vt 0.545658 0.199318
vt 0.545658 0.192727
vt 0.466028 0.293714
vt 0.464270 0.295473
vt 0.459758 0.290961
vt 0.461517 0.289202
vt 0.870661 0.413972
vt 0.869530 0.415103
vt 0.865648 0.411220
vt 0.866778 0.410089
vt 0.429290 0.302942
vt 0.428159 0.304073
vt 0.433172 0.306825
vt 0.432042 0.307956
vt 0.469979 0.274816
vt 0.468219 0.273057
vt 0.465467 0.279328
vt 0.463708 0.277569
vt 0.142584 0.249743
vt 0.142584 0.256335
vt 0.132214 0.256335
vt 0.132214 0.249743
vt 0.856342 0.282857
vt 0.853723 0.282857
vt 0.853723 0.268514
vt 0.856342 0.268514
vt 0.629672 0.293456
vt 0.627913 0.291697
vt 0.632424 0.287186
vt 0.634183 0.288945
vt 0.117478 0.182079
vt 0.116348 0.183209
vt 0.112465 0.179327
vt 0.113595 0.178196
vt 0.815429 0.414121
vt 0.814298 0.415252
vt 0.818181 0.419135
vt 0.819312 0.418004
vt 0.045425 0.278785
vt 0.043666 0.280544
vt 0.048177 0.285055
vt 0.049936 0.283296
vt 0.343628 0.227607
vt 0.341010 0.227607
vt 0.341010 0.213264
vt 0.343628 0.213264
vt 0.092824 0.295595
vt 0.091065 0.293836
vt 0.095576 0.289325
vt 0.097335 0.291084
vt 0.369865 0.311890
vt 0.368734 0.310759
vt 0.372617 0.306876
vt 0.373748 0.308007
vt 0.176778 0.315516
vt 0.177909 0.316647
vt 0.181792 0.312764
vt 0.180661 0.311633
vt 0.893297 0.399137
vt 0.895056 0.400896
vt 0.899567 0.396385
vt 0.897808 0.394626
vt 0.237457 0.188599
vt 0.234839 0.188599
vt 0.234839 0.174256
vt 0.237457 0.174256
vt 0.414828 0.222278
vt 0.414828 0.228870
vt 0.404459 0.228870
vt 0.404459 0.222278
vt 0.418629 0.293151
vt 0.416870 0.294910
vt 0.412359 0.290399
vt 0.414118 0.288640
vt 0.909030 0.410735
vt 0.910161 0.411866
vt 0.906278 0.415749
vt 0.905147 0.414618
vt 0.883768 0.395801
vt 0.882009 0.400312
vt 0.877497 0.398553
vt 0.882009 0.394042
vt 0.877498 0.395801
vt 0.879257 0.394042
vt 0.464772 0.306467
vt 0.463641 0.310350
vt 0.459758 0.309219
vt 0.463641 0.305336
vt 0.459758 0.306467
vt 0.460889 0.305336
vt 0.354065 0.305494
vt 0.352935 0.309377
vt 0.357948 0.306625
vt 0.354065 0.310508
vt 0.357948 0.309377
vt 0.356817 0.310508
vt 0.197173 0.207233
vt 0.195414 0.211745
vt 0.201684 0.208992
vt 0.197173 0.213504
vt 0.201684 0.211745
vt 0.199925 0.213504
vt 0.144177 0.026230
vt 0.148053 0.036697
vt 0.141559 0.040573
vt 0.141559 0.026230
vt 0.137683 0.036697
vt 0.137683 0.030105
vt 0.820568 0.399746
vt 0.818809 0.404258
vt 0.814298 0.402499
vt 0.818809 0.397987
vt 0.814298 0.399746
vt 0.816057 0.397987
vt 0.197591 0.314676
vt 0.196461 0.318559
vt 0.192578 0.317428
vt 0.196461 0.313545
vt 0.192578 0.314676
vt 0.193709 0.313545
vt 0.048679 0.296049
vt 0.044796 0.294919
vt 0.047549 0.299932
vt 0.043666 0.296049
vt 0.044797 0.299932
vt 0.043666 0.298801
vt 0.434429 0.288567
vt 0.429918 0.286808
vt 0.432670 0.293078
vt 0.428159 0.288567
vt 0.429918 0.293078
vt 0.428159 0.291319
vt 0.169523 0.274391
vt 0.174034 0.276150
vt 0.172275 0.280661
vt 0.167764 0.276150
vt 0.169523 0.280661
vt 0.167764 0.278902
vt 0.519799 0.273547
vt 0.518669 0.277431
vt 0.514786 0.276300
vt 0.518669 0.272417
vt 0.514786 0.273548
vt 0.515916 0.272417
vt 0.141178 0.205416
vt 0.137295 0.204285
vt 0.140047 0.209299
vt 0.136164 0.205416
vt 0.137295 0.209299
vt 0.136164 0.208168
vt 0.939067 0.399265
vt 0.934556 0.397506
vt 0.937308 0.403776
vt 0.932797 0.399265
vt 0.934556 0.403776
vt 0.932797 0.402017
vt 0.225607 0.245656
vt 0.229483 0.256124
vt 0.222989 0.259999
vt 0.222989 0.245656
vt 0.219113 0.256124
vt 0.219113 0.249532
vt 0.835807 0.394621
vt 0.840318 0.396381
vt 0.838559 0.400892
vt 0.834048 0.396380
vt 0.835807 0.400892
vt 0.834048 0.399133
vt 0.342148 0.308658
vt 0.341018 0.312541
vt 0.337135 0.311410
vt 0.341018 0.307527
vt 0.337135 0.308658
vt 0.338265 0.307527
vt 0.648031 0.204604
vt 0.644149 0.203473
vt 0.646901 0.208487
vt 0.643018 0.204604
vt 0.644149 0.208487
vt 0.643018 0.207356
vt 0.820007 0.381842
vt 0.818248 0.386353
vt 0.824518 0.383601
vt 0.820007 0.388113
vt 0.824518 0.386354
vt 0.822759 0.388112
vt 0.449667 0.273033
vt 0.454179 0.274792
vt 0.452420 0.279303
vt 0.447909 0.274792
vt 0.449667 0.279303
vt 0.447909 0.277544
vt 0.937878 0.413640
vt 0.941761 0.414771
vt 0.940630 0.418654
vt 0.936747 0.414771
vt 0.937878 0.418654
vt 0.936747 0.417523
vt 0.448972 0.306442
vt 0.445089 0.305312
vt 0.447842 0.310325
vt 0.443959 0.306442
vt 0.445089 0.310325
vt 0.443959 0.309195
vt 0.049936 0.264399
vt 0.045425 0.262640
vt 0.048177 0.268910
vt 0.043666 0.264399
vt 0.045425 0.268910
vt 0.043666 0.267151
vt 0.430703 0.222278
vt 0.434578 0.232745
vt 0.428084 0.236621
vt 0.428084 0.222278
vt 0.424209 0.232745
vt 0.424209 0.226153
vt 0.856118 0.403097
vt 0.854359 0.407608
vt 0.849848 0.405849
vt 0.854359 0.401338
vt 0.849848 0.403097
vt 0.851607 0.401338
vt 0.925961 0.414684
vt 0.924830 0.418567
vt 0.920947 0.417436
vt 0.924830 0.413553
vt 0.920947 0.414684
vt 0.922078 0.413553
vt 0.835112 0.411886
vt 0.831229 0.410756
vt 0.833981 0.415769
vt 0.830098 0.411886
vt 0.831229 0.415769
vt 0.830098 0.414639
vt 0.450229 0.290936
vt 0.445718 0.289177
vt 0.448470 0.295448
vt 0.443959 0.290936
vt 0.445718 0.295448
vt 0.443959 0.293689
vt 0.923267 0.396366
vt 0.921508 0.400877
vt 0.916997 0.399118
vt 0.921508 0.394607
vt 0.916997 0.396365
vt 0.918756 0.394607
vt 0.579116 0.271837
vt 0.582999 0.272967
vt 0.581868 0.276850
vt 0.577985 0.272967
vt 0.579116 0.276850
vt 0.577985 0.275719
vt 0.133345 0.270074
vt 0.132214 0.273957
vt 0.137228 0.271205
vt 0.133345 0.275088
vt 0.137228 0.273957
vt 0.136097 0.275088
vt 0.536128 0.236974
vt 0.531617 0.235215
vt 0.534369 0.241485
vt 0.529858 0.236974
vt 0.532402 0.188851
vt 0.536278 0.199318
vt 0.529784 0.203194
vt 0.529784 0.188851
vt 0.525908 0.199318
vt 0.525908 0.192726
vt 0.081535 0.286355
vt 0.079776 0.290866
vt 0.075265 0.289107
vt 0.079776 0.284596
vt 0.075265 0.286355
vt 0.077024 0.284596
vt 0.886461 0.411804
vt 0.885330 0.415687
vt 0.881447 0.414556
vt 0.885330 0.410673
vt 0.881447 0.411804
vt 0.882578 0.410673
vt 0.064479 0.301861
vt 0.060596 0.300730
vt 0.063349 0.305744
vt 0.059466 0.301861
vt 0.060596 0.305744
vt 0.059466 0.304613
vt 0.074724 0.130003
vt 0.072965 0.134514
vt 0.079235 0.131762
vt 0.074724 0.136273
vt 0.079235 0.134514
vt 0.077476 0.136273
vt 0.555258 0.644527
vt 0.153638 0.732050
vt 0.545285 0.645369
vt 0.545285 0.645369
vt 0.161014 0.735124
vt 0.162227 0.733153
vt 0.168855 0.733898
vt 0.821952 0.359779
vt 0.769044 0.469187
vt 0.386659 0.140148
vt 0.769043 0.485547
vt 0.112220 0.168332
vt 0.642597 0.173113
vt 0.769043 0.502930
vt 0.936326 0.267113
vt 0.769044 0.520218
vt 0.092294 0.212219
vt 0.769044 0.023583
vt 0.564793 0.182111
vt 0.769044 0.040806
vt 0.769044 0.059089
vt 0.940276 0.296726
vt 0.769044 0.073997
vt 0.829453 0.327606
vt 0.513844 0.213069
vt 0.521323 0.213069
vt 0.802266 0.351027
vt 0.809745 0.351027
vt 0.470913 0.250983
vt 0.463434 0.250983
vt 0.175547 0.264516
vt 0.622178 0.619894
vt 0.865439 0.369544
vt 0.608483 0.629128
vt 0.631621 0.243184
vt 0.639100 0.243184
vt 0.368448 0.255971
vt 0.375927 0.255971
vt 0.348847 0.237482
vt 0.356326 0.237482
vt 0.829430 0.359779
vt 0.861289 0.379419
vt 0.868768 0.379419
vt 0.594392 0.136011
vt 0.590800 0.142571
vt 0.187230 0.274391
vt 0.194709 0.274391
vt 0.445400 0.598800
vt 0.155800 0.263597
vt 0.643291 0.220750
vt 0.635812 0.220750
vt 0.560616 0.235201
vt 0.553137 0.235201
vt 0.638900 0.265302
vt 0.631421 0.265302
vt 0.470505 0.399278
vt 0.889201 0.362113
vt 0.484668 0.390422
vt 0.932376 0.350380
vt 0.841631 0.372598
vt 0.849110 0.372598
vt 0.415888 0.256765
vt 0.408409 0.256765
vt 0.320914 0.271813
vt 0.524675 0.377896
vt 0.853207 0.350391
vt 0.845728 0.350391
vt 0.908676 0.384751
vt 0.901198 0.384751
vt 0.412022 0.266640
vt 0.419501 0.266640
vt 0.336588 0.237482
vt 0.329109 0.237482
vt 0.070519 0.262640
vt 0.063040 0.262640
vt 0.553330 0.225327
vt 0.647466 0.424460
vt 0.941761 0.417523
vt 0.940630 0.413640
vt 0.454179 0.277544
vt 0.452420 0.273032
vt 0.648031 0.207357
vt 0.646901 0.203474
vt 0.822759 0.381842
vt 0.818248 0.383601
vt 0.141178 0.208168
vt 0.140047 0.204285
vt 0.939067 0.402017
vt 0.937308 0.397506
vt 0.225607 0.259999
vt 0.229483 0.249532
vt 0.840318 0.399133
vt 0.838559 0.394622
vt 0.338265 0.312541
vt 0.342148 0.311410
vt 0.515916 0.277431
vt 0.519799 0.276300
vt 0.174034 0.278902
vt 0.172275 0.274391
vt 0.434429 0.291319
vt 0.432670 0.286808
vt 0.048679 0.298801
vt 0.047549 0.294919
vt 0.816057 0.404257
vt 0.820568 0.402498
vt 0.193708 0.318558
vt 0.197591 0.317428
vt 0.144177 0.040573
vt 0.148053 0.030105
vt 0.199925 0.207233
vt 0.195414 0.208993
vt 0.356817 0.305494
vt 0.352935 0.306625
vt 0.879256 0.400312
vt 0.883768 0.398553
vt 0.460889 0.310350
vt 0.464772 0.309219
vt 0.077476 0.130003
vt 0.072965 0.131762
vt 0.064479 0.304613
vt 0.063348 0.300730
vt 0.077024 0.290866
vt 0.081535 0.289107
vt 0.532402 0.203194
vt 0.536278 0.192727
vt 0.536128 0.239726
vt 0.534369 0.235215
vt 0.882578 0.415687
vt 0.886461 0.414556
vt 0.136097 0.270074
vt 0.132214 0.271205
vt 0.918756 0.400877
vt 0.923267 0.399118
vt 0.582999 0.275720
vt 0.581868 0.271837
vt 0.835112 0.414639
vt 0.833981 0.410756
vt 0.450229 0.293689
vt 0.448470 0.289177
vt 0.851607 0.407608
vt 0.856118 0.405849
vt 0.922078 0.418567
vt 0.925961 0.417436
vt 0.430703 0.236621
vt 0.434578 0.226153
vt 0.049936 0.267151
vt 0.048177 0.262640
vt 0.448972 0.309195
vt 0.447841 0.305312
vt 0.531617 0.241485
vt 0.529858 0.239726
vn 0.000000 1.000000 -0.000000
vn 0.000000 1.000000 -0.000000
vn 0.000000 1.000000 0.000000
vn 0.000000 1.000000 0.000000
vn 0.000000 1.000000 0.000000
vn 0.000000 1.000000 0.000000
vn 0.000000 1.000000 0.000000
vn 0.000000 1.000000 0.000000
vn 0.000000 1.000000 0.000000
vn 0.000000 1.000000 -0.000001
vn 0.000000 1.000000 -0.000000
vn 0.000000 1.000000 0.000000
vn 0.000000 1.000000 0.000000
vn 0.483593 0.234577 -0.843274
vn 0.821165 0.234577 -0.520251
vn 0.000000 1.000000 0.000000
vn 0.000000 1.000000 0.000000
vn 0.998715 0.000000 0.050681
vn 0.844736 0.000000 -0.535184
vn 0.998715 0.000000 0.050681
vn 0.000000 1.000000 -0.000000
vn 0.000000 1.000000 -0.000000
vn 0.000000 1.000000 0.000000
vn 0.000000 1.000000 0.000000
vn 0.000000 1.000000 0.000000
vn 0.000000 1.000000 0.000000
vn 0.000000 1.000000 -0.000000
vn 0.000000 1.000000 -0.000000
vn 0.000000 1.000000 0.000000
vn 0.000000 1.000000 0.000000
vn 0.000000 -1.000000 0.000000
vn 0.000000 -1.000000 -0.000000
vn 0.000000 -1.000000 -0.000000
vn 0.000000 -1.000000 0.000000
vn 0.796996 0.000000 -0.603985
vn 0.630900 0.000000 -0.775864
vn 0.630900 0.000000 -0.775864
vn 0.796996 0.000000 -0.603985
vn 0.798233 0.000000 -0.602348
vn 0.630887 0.000000 -0.775875
vn 0.630887 0.000000 -0.775875
vn 0.798233 0.000000 -0.602348
vn 0.497474 0.000000 -0.867479
vn -0.707107 0.000000 0.707107
vn -0.594976 0.000000 0.803744
vn -0.594976 0.000000 0.803744
vn -0.707107 0.000000 0.707107
vn 0.803705 0.000704 -0.595028
vn 0.706374 0.000409 -0.707839
vn 0.706374 0.000409 -0.707839
vn 0.803782 0.000704 -0.594923
vn 0.000000 1.000000 0.000000
vn 0.000000 1.000000 0.000000
vn 0.000000 1.000000 0.000000
vn 0.000000 1.000000 0.000000
vn 0.000000 1.000000 -0.000000
vn 0.599127 0.000000 -0.800654
vn 0.707107 0.000000 -0.707107
vn 0.707107 0.000000 -0.707107
vn 0.599127 0.000000 -0.800654
vn -0.707107 0.000000 0.707107
vn -0.800655 0.000000 0.599126
vn -0.800655 0.000000 0.599126
vn -0.707107 0.000000 0.707107
vn 0.000000 1.000000 0.000000
vn 0.000000 1.000000 -0.000000
vn 0.000000 1.000000 -0.000000
vn 0.000000 1.000000 0.000000
vn 0.000000 1.000000 0.000000
vn 0.000000 1.000000 0.000000
vn 0.798233 0.000000 -0.602348
vn 0.630886 0.000000 -0.775875
vn 0.630886 0.000000 -0.775875
vn 0.798233 0.000000 -0.602348
vn -0.097215 0.000000 -0.995263
vn -0.097215 0.000000 -0.995263
vn 0.000000 1.000000 0.000000
vn 0.000000 1.000000 0.000000
vn 0.000000 1.000000 0.000000
vn 0.000000 1.000000 0.000000
vn 0.800655 0.000000 -0.599126
vn 0.800655 0.000000 -0.599126
vn -0.599126 0.000000 0.800655
vn -0.599126 0.000000 0.800655
vn -0.314926 0.000000 -0.949116
vn -0.314926 0.000000 -0.949116
vn -0.803744 0.000000 0.594976
vn -0.803744 0.000000 0.594976
vn 0.594977 0.000000 -0.803743
vn 0.594977 0.000000 -0.803743
vn 0.129157 0.001059 0.991624
vn 0.341107 0.000000 0.940025
vn 0.341107 0.000000 0.940025
vn 0.134405 0.001033 0.990926
vn -0.796902 0.000000 0.604109
vn -0.629765 0.000000 0.776786
vn -0.629765 0.000000 0.776786
vn -0.796902 0.000000 0.604109
vn -0.798233 0.000000 0.602348
vn -0.630886 0.000000 0.775875
vn -0.630886 0.000000 0.775875
vn -0.798233 0.000000 0.602348
vn -0.463473 0.237087 0.853805
vn -0.032270 0.999273 0.020285
vn -0.032283 0.999273 0.020293
vn -0.811402 0.236289 0.534597
vn -0.035357 0.999133 0.021991
vn -0.031667 0.999382 0.015261
vn -0.018046 0.999792 -0.009554
vn -0.478036 0.002907 0.878336
vn 0.000000 1.000000 0.000000
vn 0.000000 1.000000 0.000000
vn 0.000000 1.000000 0.000000
vn 0.000000 1.000000 0.000000
vn 0.000000 1.000000 0.000000
vn 0.000000 1.000000 0.000000
vn 0.000000 1.000000 0.000000
vn 0.000000 1.000000 0.000000
vn 0.000000 1.000000 0.000000
vn -0.835047 0.001947 0.550175
vn 0.928354 0.000000 0.371697
vn 0.987534 0.000000 0.157408
vn 0.987534 0.000000 0.157408
vn 0.928354 0.000000 0.371697
vn 0.000000 1.000000 0.000000
vn 0.000000 1.000000 -0.000000
vn 0.000000 1.000000 0.000000
vn -0.611363 0.000000 0.791351
vn -0.611363 0.000000 0.791351
vn 0.791350 0.000000 -0.611363
vn 0.791350 0.000000 -0.611363
vn 0.565736 0.234578 -0.790517
vn 0.000000 1.000000 0.000000
vn 0.000000 1.000000 0.000000
vn 0.869207 0.234579 -0.435261
vn 0.000000 1.000000 -0.000000
vn 0.000000 1.000000 0.000000
vn 0.000000 1.000000 -0.000001
vn 0.894157 0.000000 -0.447754
vn -0.999611 0.000000 -0.027886
vn -0.999611 0.000000 -0.027886
vn 0.000000 1.000000 0.000000
vn 0.000000 1.000000 0.000000
vn 0.000000 1.000000 0.000000
vn 0.000000 1.000000 0.000000
vn -0.954757 0.000000 -0.297389
vn -0.954757 0.000000 -0.297389
vn 0.581974 0.000000 -0.813207
vn 0.556566 0.000000 -0.830803
vn 0.556566 0.000000 -0.830803
vn -0.883775 0.000000 -0.467911
vn -0.883775 0.000000 -0.467911
vn 0.000000 1.000000 0.000000
vn 0.000000 1.000000 0.000000
vn -0.986152 0.000000 0.165845
vn -0.986152 0.000000 0.165845
vn 0.005730 0.000000 -0.999984
vn 0.005730 0.000000 -0.999984
vn -0.219794 0.000000 -0.975546
vn -0.563273 0.000000 -0.826271
vn -0.563273 0.000000 -0.826271
vn -0.219794 0.000000 -0.975546
vn -0.826271 0.000000 -0.563273
vn -0.826271 0.000000 -0.563273
vn -0.263081 0.000000 -0.964774
vn -0.263081 0.000000 -0.964774
vn 0.000000 1.000000 0.000000
vn 0.000000 1.000000 0.000000
vn -0.582210 0.000000 -0.813039
vn -0.582210 0.000000 -0.813039
vn -0.437954 0.000000 -0.898997
vn -0.437954 0.000000 -0.898997
vn -0.813039 0.000000 -0.582210
vn -0.813039 0.000000 -0.582210
vn -0.173390 0.000000 -0.984853
vn -0.173390 0.000000 -0.984853
vn -0.984854 0.000000 -0.173388
vn -0.830803 0.000000 0.556566
vn -0.830803 0.000000 0.556566
vn -0.984854 0.000000 -0.173388
vn 0.000000 1.000000 0.000000
vn 0.000000 1.000000 0.000000
vn 0.000000 1.000000 0.000000
vn 0.000000 1.000000 0.000000
vn 0.488176 0.000000 0.872745
vn 0.488176 0.000000 0.872745
vn 0.648110 0.000000 0.761547
vn 0.648110 0.000000 0.761547
vn 0.243593 0.000000 0.969878
vn 0.243593 0.000000 0.969878
vn 0.000000 1.000000 0.000000
vn 0.000000 1.000000 0.000000
vn -0.350943 0.234577 0.906539
vn 0.000000 1.000000 0.000000
vn 0.000000 1.000000 0.000000
vn -0.733353 0.234576 0.638097
vn 0.000000 1.000000 -0.000000
vn 0.000000 1.000000 -0.000000
vn -0.361016 0.000000 0.932560
vn 0.000000 1.000000 0.000000
vn 0.000000 1.000000 -0.000000
vn 0.000000 1.000000 -0.000000
vn 0.000000 1.000000 0.000000
vn 0.000000 1.000000 -0.000001
vn 0.000000 1.000000 -0.000001
vn 0.566966 0.000000 0.823741
vn 0.979461 0.000000 0.201631
vn 0.979461 0.000000 0.201631
vn 0.566966 0.000000 0.823741
vn 0.000000 1.000000 0.000000
vn 0.000000 1.000000 0.000000
vn 0.000000 1.000000 0.000000
vn 0.855968 0.000000 -0.517030
vn 0.855968 0.000000 -0.517030
vn 0.426877 0.000000 -0.904310
vn 0.426877 0.000000 -0.904310
vn 0.547785 0.000000 0.836619
vn 0.547785 0.000000 0.836619
vn -0.754403 0.000000 0.656412
vn -0.314760 -0.000004 0.949171
vn -0.191318 -0.000001 0.981528
vn -0.191030 0.000000 0.981584
vn -0.314761 0.000000 0.949171
vn 0.574946 0.000000 0.818191
vn 0.835635 0.000000 0.549286
vn 0.835635 0.000000 0.549286
vn 0.574946 0.000000 0.818191
vn 0.000000 1.000000 0.000000
vn 0.000000 1.000000 -0.000000
vn -0.498675 0.000000 0.866789
vn -0.163156 0.000000 0.986600
vn -0.163156 0.000000 0.986600
vn -0.498675 0.000000 0.866789
vn 0.000000 1.000000 0.000000
vn 0.000000 1.000000 0.000000
vn 0.000000 1.000000 0.000000
vn 0.000000 1.000000 0.000000
vn 0.734968 0.000000 0.678102
vn 0.734968 0.000000 0.678102
vn 0.854016 0.000000 0.520247
vn 0.854016 0.000000 0.520247
vn 0.959341 0.000000 0.282248
vn 0.959341 0.000000 0.282248
vn 0.526800 0.000000 -0.849990
vn 0.526800 0.000000 -0.849990
vn -0.919190 0.000000 0.393815
vn -0.919190 0.000000 0.393815
vn 0.666958 0.234580 -0.707205
vn 0.000000 1.000000 -0.000000
vn 0.000000 1.000000 -0.000000
vn 0.919869 0.234579 -0.314347
vn -0.994941 0.000000 0.100458
vn -0.994941 0.000000 0.100458
vn 0.000000 1.000000 -0.000000
vn 0.000000 1.000000 -0.000000
vn 0.946273 0.000000 -0.323370
vn 0.000000 1.000000 0.000000
vn -0.721984 0.002776 0.691904
vn -0.719818 -0.000067 0.694163
vn -0.608858 0.000000 0.793279
vn -0.719809 0.000000 0.694172
vn 0.000000 1.000000 -0.000000
vn 0.000000 1.000000 -0.000000
vn 0.959957 0.000001 -0.280149
vn 0.959957 0.000002 -0.280148
vn 0.903807 -0.000000 -0.427940
vn 0.959957 0.000002 -0.280147
vn 0.848101 0.000000 0.529835
vn 0.848101 0.000000 0.529835
vn 0.000000 1.000000 0.000000
vn 0.000000 1.000000 0.000000
vn 0.196683 0.000000 0.980467
vn 0.196683 0.000000 0.980467
vn -0.992022 0.000000 -0.126062
vn -0.992022 0.000000 -0.126062
vn 0.847918 0.000000 -0.530127
vn 0.847918 0.000000 -0.530127
vn -0.819125 0.000000 0.573615
vn -0.555307 0.000000 0.831645
vn -0.555307 0.000000 0.831645
vn -0.819125 0.000000 0.573615
vn -0.936434 0.000000 -0.350843
vn -0.936434 0.000000 -0.350843
vn 0.686103 0.000000 -0.727505
vn 0.000000 1.000000 -0.000000
vn 0.000000 1.000000 -0.000000
vn 0.000000 1.000000 -0.000000
vn -0.511941 0.000000 0.859021
vn -0.511941 0.000000 0.859021
vn -0.959048 0.000003 0.283243
vn -0.959048 0.000002 0.283243
vn -0.959048 0.000006 0.283244
vn -0.977899 0.000001 0.209080
vn 0.976617 0.000000 -0.214986
vn 0.976617 0.000000 -0.214986
vn 0.000000 1.000000 -0.000000
vn 0.556034 0.000000 -0.831159
vn 0.556034 0.000000 -0.831159
vn 0.000000 1.000000 0.000000
vn 0.000000 1.000000 -0.000000
vn 0.136880 0.000000 -0.990588
vn 0.136880 0.000000 -0.990588
vn -0.630887 0.000000 0.775875
vn -0.426876 0.000000 0.904310
vn -0.426876 0.000000 0.904310
vn -0.630887 0.000000 0.775875
vn 0.260731 -0.000163 0.965412
vn 0.260731 -0.000163 0.965412
vn -0.034377 -0.000033 0.999409
vn -0.034421 -0.000033 0.999408
vn 0.979478 -0.004297 0.201507
vn 0.979476 -0.004297 0.201515
vn 0.849004 -0.000492 0.528386
vn 0.849004 -0.000492 0.528386
vn 0.000000 1.000000 0.000000
vn 0.000000 1.000000 0.000000
vn 0.000000 1.000000 0.000000
vn 0.000000 1.000000 0.000000
vn -0.085560 0.000000 -0.996333
vn -0.085560 0.000000 -0.996333
vn 0.546727 0.000000 0.837311
vn 0.546727 0.000000 0.837311
vn 0.723900 0.000000 0.689905
vn 0.723900 0.000000 0.689905
vn 0.343379 0.000000 0.939197
vn 0.343379 0.000000 0.939197
vn 0.000000 1.000000 -0.000000
vn 0.000000 1.000000 0.000000
vn 0.000000 1.000000 -0.000000
vn 0.000000 1.000000 0.000000
vn 0.000000 1.000000 -0.000000
vn 0.429652 0.000000 -0.902995
vn 0.429652 0.000000 -0.902995
vn 0.987545 -0.004742 0.157265
vn 0.987533 -0.004741 0.157344
vn -0.254518 0.234578 0.938187
vn 0.000000 1.000000 -0.000000
vn 0.000000 1.000000 -0.000000
vn -0.662833 0.234578 0.711073
vn 0.914809 0.000000 -0.403887
vn 0.914809 0.000000 -0.403887
vn -0.261823 0.000000 0.965116
vn 0.000000 1.000000 -0.000000
vn 0.000000 1.000000 -0.000000
vn 0.000000 1.000000 -0.000000
vn -0.187194 -0.000033 0.982323
vn -0.187236 -0.000033 0.982315
vn -0.758951 -0.000354 0.651147
vn -0.758915 -0.000354 0.651189
vn 0.000000 1.000000 -0.000000
vn 0.000000 1.000000 -0.000000
vn -0.999794 -0.004297 -0.019828
vn -0.999794 -0.004297 -0.019836
vn 0.000000 1.000000 0.000000
vn 0.000000 1.000000 -0.000000
vn -0.845164 0.000000 0.534507
vn -0.845164 0.000000 0.534507
vn -0.384304 0.000000 0.923207
vn -0.384304 0.000000 0.923207
vn -0.681859 0.000000 0.731484
vn 0.823046 0.000000 0.567975
vn 0.928268 0.000000 0.371911
vn 0.928268 0.000000 0.371911
vn 0.823046 0.000000 0.567975
vn 0.728921 0.234581 -0.643153
vn 0.000000 1.000000 0.000000
vn 0.000000 1.000000 0.000000
vn 0.944791 0.234580 -0.228783
vn 0.919190 0.000000 -0.393815
vn 0.919190 0.000000 -0.393815
vn 0.971911 0.000000 -0.235350
vn 0.000000 1.000000 -0.000000
vn 0.000000 1.000000 -0.000000
vn 0.000000 1.000000 0.000000
vn 0.516376 0.000000 -0.856362
vn 0.516376 0.000000 -0.856362
vn 0.000000 1.000000 -0.000000
vn -0.248821 0.000000 0.968550
vn -0.248821 0.000000 0.968550
vn 0.000000 1.000000 0.000000
vn 0.000000 1.000000 0.000000
vn -0.874738 0.000000 0.484596
vn -0.873765 -0.000000 0.486349
vn 0.000000 1.000000 0.000000
vn 0.000000 1.000000 0.000000
vn -0.979047 0.000000 0.203637
vn -0.979047 0.000000 0.203637
vn 0.801788 -0.006230 -0.597575
vn 0.803624 -0.006247 -0.595105
vn 0.057757 -0.000001 0.998331
vn -0.078463 -0.000002 0.996917
vn -0.078463 -0.000001 0.996917
vn -0.078462 -0.000005 0.996917
vn 0.749844 0.000000 -0.661615
vn 0.000000 1.000000 0.000000
vn 0.000000 1.000000 0.000000
vn 0.000000 1.000000 0.000000
vn 0.166131 -0.000479 -0.986104
vn 0.167155 -0.000488 -0.985930
vn 0.758953 -0.000354 0.651145
vn 0.758917 -0.000354 0.651187
vn 0.999794 -0.004297 -0.019836
vn 0.999794 -0.004297 -0.019828
vn 0.187237 -0.000034 0.982315
vn 0.187194 -0.000034 0.982323
vn 0.000000 1.000000 -0.000000
vn 0.000000 1.000000 0.000000
vn 0.000000 1.000000 0.000000
vn 0.000000 1.000000 -0.000000
vn -0.998076 0.000000 -0.062003
vn -0.998076 0.000000 -0.062003
vn 0.000000 1.000000 0.000000
vn 0.055800 -0.000478 -0.998442
vn 0.054762 -0.000487 -0.998499
vn -0.967926 0.000000 -0.251237
vn -0.967926 0.000000 -0.251237
vn 0.963028 0.000000 -0.269401
vn 0.958773 0.000000 -0.284173
vn 0.958773 0.000000 -0.284173
vn 0.963028 0.000000 -0.269401
vn -0.997894 -0.004742 -0.064688
vn -0.997889 -0.004742 -0.064768
vn 0.999106 -0.000000 -0.042275
vn 0.999106 0.000000 -0.042274
vn 0.977923 0.000000 -0.208966
vn 0.999106 0.000002 -0.042276
vn 0.230315 0.000000 -0.973116
vn 0.230315 0.000000 -0.973116
vn -0.260731 -0.000165 0.965412
vn -0.260731 -0.000165 0.965412
vn 0.034419 -0.000034 0.999408
vn 0.034376 -0.000034 0.999409
vn 0.198056 0.000000 -0.980191
vn 0.198056 0.000000 -0.980191
vn 0.000000 1.000000 0.000000
vn -0.979476 -0.004298 0.201516
vn -0.979478 -0.004298 0.201507
vn -0.849002 -0.000493 0.528389
vn -0.849002 -0.000493 0.528389
vn 0.000000 1.000000 0.000000
vn 0.000000 1.000000 0.000000
vn -0.263679 0.000000 0.964610
vn -0.263679 0.000000 0.964610
vn -0.914809 0.000000 0.403886
vn -0.914809 0.000000 0.403886
vn 0.000000 1.000000 0.000000
vn 0.000000 1.000000 0.000000
vn -0.027808 0.000000 -0.999613
vn -0.027808 0.000000 -0.999613
vn 0.000000 1.000000 0.000000
vn 0.000000 1.000000 0.000000
vn -0.649980 -0.006228 -0.759926
vn -0.652315 -0.006246 -0.757922
vn -0.224692 0.000000 -0.974430
vn -0.224692 0.000000 -0.974430
vn 0.000000 1.000000 -0.000000
vn 0.000000 1.000000 0.000000
vn 0.075833 -0.000001 -0.997121
vn 0.075833 -0.000001 -0.997121
vn 0.075833 0.000000 -0.997121
vn 0.075833 0.000000 -0.997121
vn -0.986726 0.000000 0.162396
vn -0.986726 0.000000 0.162396
vn 0.384300 0.000000 -0.923208
vn 0.384300 0.000000 -0.923208
vn 0.510919 0.000000 -0.859629
vn 0.510919 0.000000 -0.859629
vn 0.000000 1.000000 0.000000
vn -0.987533 -0.004742 0.157344
vn -0.987545 -0.004743 0.157265
vn 0.000000 1.000000 -0.000000
vn 0.000000 1.000000 0.000000
vn -0.999050 -0.000001 0.043568
vn -0.998250 -0.000000 -0.059140
vn -0.998203 0.000000 -0.059926
vn -0.999050 0.000000 0.043569
vn -0.226715 0.000000 -0.973961
vn -0.226715 0.000000 -0.973961
vn 0.997889 -0.004742 -0.064768
vn 0.997894 -0.004741 -0.064688
vn 0.000000 1.000000 0.000000
vn -0.848549 0.000000 0.529117
vn -0.848549 0.000000 0.529117
vn 0.498675 0.000000 0.866789
vn 0.511940 0.000000 0.859021
vn 0.511940 0.000000 0.859021
vn 0.498675 0.000000 0.866789
vn -0.978571 0.000000 -0.205911
vn -0.978571 0.000000 -0.205911
vn 0.681778 0.000000 0.731559
vn 0.681778 0.000000 0.731559
vn 0.807499 0.000000 0.589869
vn 0.807499 0.000000 0.589869
vn 0.462543 0.000000 0.886597
vn 0.462543 0.000000 0.886597
vn -0.130417 0.234576 0.963310
vn 0.000000 1.000000 -0.000000
vn 0.000000 1.000000 -0.000000
vn -0.564787 0.234578 0.791195
vn -0.134161 0.000000 0.990960
vn 0.000000 1.000000 -0.000000
vn 0.000000 1.000000 -0.000000
vn 0.243808 0.000000 -0.969824
vn 0.243808 0.000000 -0.969824
vn 0.649980 -0.006225 -0.759926
vn 0.652316 -0.006243 -0.757921
vn 0.000000 1.000000 -0.000000
vn -0.249154 0.000000 -0.968464
vn -0.249154 0.000000 -0.968464
vn -0.055800 -0.000479 -0.998442
vn -0.054762 -0.000488 -0.998499
vn 0.000000 1.000000 0.000000
vn -0.580998 0.000000 0.813905
vn 0.565856 0.000000 0.824504
vn 0.565856 0.000000 0.824504
vn 0.707314 0.000000 0.706900
vn 0.707314 0.000000 0.706900
vn 0.872595 0.000000 0.488444
vn 0.872595 0.000000 0.488444
vn 0.807481 0.234578 -0.541247
vn 0.000000 1.000000 0.000000
vn 0.000000 1.000000 0.000000
vn 0.966732 0.234576 -0.101998
vn 0.000000 1.000000 -0.000000
vn 0.162395 -0.000003 0.986726
vn 0.314576 -0.000001 0.949233
vn 0.319775 0.000000 0.947494
vn 0.162397 0.000000 0.986725
vn 0.994480 0.000000 -0.104926
vn 0.000000 1.000000 0.000000
vn 0.000000 1.000000 0.000000
vn -0.166131 -0.000480 -0.986104
vn -0.167155 -0.000489 -0.985930
vn 0.000000 1.000000 0.000000
vn 0.000000 1.000000 -0.000000
vn 0.000000 1.000000 0.000000
vn 0.000000 1.000000 0.000000
vn 0.000000 1.000000 -0.000000
vn 0.000000 1.000000 0.000000
vn -0.946181 0.000000 0.323639
vn -0.946181 0.000000 0.323639
vn -0.801788 -0.006230 -0.597575
vn -0.803624 -0.006248 -0.595105
vn 0.980191 -0.000003 0.198054
vn 0.980191 -0.000009 0.198056
vn 0.998119 -0.000001 0.061304
vn 0.980191 -0.000006 0.198054
vn 0.830658 0.000000 -0.556782
vn -0.975765 0.000000 0.218823
vn -0.964409 0.000000 0.264416
vn -0.964409 0.000000 0.264416
vn -0.975765 0.000000 0.218823
vn -0.994309 0.000000 0.106532
vn -0.994309 0.000000 0.106532
vn -0.973553 0.000000 -0.228463
vn -0.973553 0.000000 -0.228463
vn 0.185968 0.000000 0.982556
vn 0.814591 0.000000 0.580037
vn 0.814591 0.000000 0.580037
vn 0.185968 0.000000 0.982556
vn 0.991868 0.000000 -0.127272
vn 0.991868 0.000000 -0.127272
vn 0.197984 0.000000 -0.980205
vn 0.197984 0.000000 -0.980205
vn 0.349175 0.000000 -0.937057
vn 0.349175 0.000000 -0.937057
vn 0.000000 1.000000 0.000000
vn 0.000000 1.000000 0.000000
vn 0.000000 1.000000 -0.000000
vn 0.000000 1.000000 -0.000000
vn 0.000000 1.000000 0.000000
vn 0.000000 1.000000 0.000000
vn 0.000000 1.000000 0.000000
vn 0.000000 1.000000 0.000000
vn 0.000000 1.000000 0.000000
vn 0.133599 0.000000 -0.991035
vn 0.133599 0.000000 -0.991035
vn 0.222413 0.000000 0.974953
vn 0.222413 0.000000 0.974953
vn 0.334813 0.000000 0.942285
vn 0.334813 0.000000 0.942285
vn 0.000000 1.000000 0.000000
vn 0.000000 1.000000 0.000000
vn 0.000000 1.000000 0.000000
vn 0.000000 1.000000 -0.000000
vn 0.000000 1.000000 -0.000000
vn 0.000000 1.000000 -0.000000
vn -0.057256 0.000000 -0.998360
vn -0.162244 0.000000 -0.986751
vn -0.162242 -0.000002 -0.986751
vn -0.057852 -0.000000 -0.998325
vn 0.163220 0.000000 0.986590
vn 0.163220 0.000000 0.986590
vn -0.042275 0.000000 -0.999106
vn -0.042275 0.000000 -0.999106
vn -0.037001 0.000000 0.999315
vn -0.037001 0.000000 0.999315
vn -0.855695 0.000000 -0.517481
vn -0.855695 0.000000 -0.517481
vn 0.000000 1.000000 0.000000
vn 0.000000 1.000000 0.000000
vn 0.000000 1.000000 0.000000
vn 0.000000 1.000000 0.000000
vn 0.989794 0.000000 -0.142503
vn 0.989794 0.000000 -0.142503
vn -0.981281 0.000002 -0.192584
vn -0.981280 0.000001 -0.192587
vn -0.981280 0.000003 -0.192585
vn -0.938766 0.000000 -0.344555
vn 0.000000 1.000000 0.000000
vn 0.000000 1.000000 0.000000
vn -0.356822 0.000000 0.934173
vn -0.356822 0.000000 0.934173
vn -0.012541 0.234576 0.972017
vn 0.000000 1.000000 0.000000
vn 0.000000 1.000000 0.000000
vn -0.464587 0.234576 0.853893
vn 0.000000 1.000000 0.000000
vn 0.000000 1.000000 0.000000
vn -0.996917 0.000000 -0.078463
vn -0.996917 0.000000 -0.078463
vn 0.573673 0.000000 0.819084
vn 0.740393 0.000000 0.672175
vn 0.740393 0.000000 0.672175
vn 0.573673 0.000000 0.819084
vn -0.535585 0.000000 -0.844482
vn -0.535585 0.000000 -0.844482
vn 0.000000 1.000000 0.000000
vn 0.000000 1.000000 0.000000
vn -0.012901 0.000000 0.999917
vn -0.966731 0.234581 0.101998
vn -0.807478 0.234583 0.541249
vn 0.000000 1.000000 0.000000
vn 0.000000 1.000000 0.000000
vn 0.000000 1.000000 -0.000000
vn 0.000000 1.000000 -0.000000
vn 0.000000 1.000000 -0.000000
vn 0.000000 1.000000 -0.000000
vn -0.830657 0.000000 0.556785
vn 0.859915 0.234582 -0.453341
vn 0.000000 1.000000 0.000000
vn 0.000000 1.000000 0.000000
vn 0.972097 0.234581 0.000220
vn 0.000000 1.000000 0.000000
vn 0.666417 0.000000 0.745579
vn 0.814807 0.000000 0.579733
vn 0.814807 0.000000 0.579733
vn 0.666417 0.000000 0.745579
vn 1.000000 0.000000 0.000227
vn 0.000000 1.000000 0.000000
vn 0.000000 1.000000 0.000000
vn -0.477922 0.000000 0.878402
vn 0.000000 1.000000 0.000000
vn 0.000000 1.000000 -0.000000
vn 0.000000 1.000000 0.000000
vn 1.000000 0.000000 -0.000000
vn 1.000000 0.000000 -0.000000
vn 0.301547 0.000000 -0.953451
vn 0.303718 -0.000000 -0.952762
vn -0.994480 0.000000 0.104926
vn 0.884598 0.000000 -0.466354
vn 0.000000 1.000000 -0.000000
vn 0.000000 1.000000 -0.000000
vn -0.897341 0.000000 0.441338
vn -0.897341 0.000000 0.441338
vn -0.198056 0.000000 0.980191
vn -0.198056 0.000000 0.980191
vn 0.989794 0.000000 0.142503
vn 0.989794 0.000000 0.142503
vn -0.346860 0.000000 -0.937917
vn -0.346860 0.000000 -0.937917
vn -0.440582 0.000000 -0.897713
vn -0.440582 0.000000 -0.897713
vn -0.872596 0.000000 -0.488443
vn -0.872596 0.000000 -0.488443
vn -0.668831 0.000000 -0.743414
vn -0.668831 0.000000 -0.743414
vn 0.453072 0.000000 -0.891474
vn 0.453072 0.000000 -0.891474
vn 0.000000 1.000000 0.000000
vn 0.000000 1.000000 -0.000000
vn -0.983541 0.000000 0.180685
vn -0.983541 0.000000 0.180685
vn 0.000000 1.000000 0.000000
vn 0.000000 1.000000 0.000000
vn -0.999998 0.000000 -0.001958
vn -0.999998 0.000000 -0.001958
vn 0.211271 0.000000 -0.977427
vn 0.211271 0.000000 -0.977427
vn 0.000000 1.000000 0.000000
vn 0.000000 1.000000 0.000000
vn 0.011166 0.000000 -0.999938
vn 0.011166 0.000000 -0.999938
vn -0.905589 0.000003 -0.424157
vn -0.905590 0.000002 -0.424155
vn -0.905589 0.000006 -0.424156
vn -0.849855 0.000001 -0.527017
vn -0.216058 0.000000 0.976381
vn -0.216058 0.000000 0.976381
vn 0.986726 0.000000 -0.162395
vn 0.986726 0.000000 -0.162395
vn 0.000000 1.000000 0.000000
vn 0.000000 1.000000 0.000000
vn 0.134592 0.000000 0.990901
vn 0.134592 0.000000 0.990901
vn 0.233875 0.000000 0.972267
vn 0.233875 0.000000 0.972267
vn -0.981018 0.000000 0.193916
vn -0.843889 0.000000 0.536517
vn -0.843889 0.000000 0.536517
vn -0.981018 0.000000 0.193916
vn 0.000000 1.000000 0.000000
vn 0.000000 1.000000 0.000000
vn 0.000000 1.000000 -0.000001
vn 0.000000 1.000000 -0.000001
vn 0.000000 1.000000 -0.000000
vn 0.000000 1.000000 -0.000000
vn 0.000000 1.000000 0.000000
vn 0.000000 1.000000 0.000000
vn -0.141875 0.000000 0.989885
vn -0.141875 0.000000 0.989885
vn 0.000000 1.000000 -0.000000
vn 0.000000 1.000000 -0.000000
vn 0.000000 1.000000 -0.000000
vn 0.000000 1.000000 -0.000000
vn 0.099101 0.234578 0.967033
vn 0.000000 1.000000 -0.000000
vn 0.000000 1.000000 -0.000000
vn -0.363518 0.234578 0.901570
vn 0.000000 1.000000 -0.000001
vn 0.000000 1.000000 -0.000001
vn 0.991868 0.000000 0.127272
vn 0.814590 0.000000 -0.580037
vn 0.814590 0.000000 -0.580037
vn 0.991868 0.000000 0.127272
vn -0.280148 0.000000 -0.959957
vn -0.280148 0.000000 -0.959957
vn 0.657539 0.000000 0.753420
vn 0.836498 0.000000 0.547970
vn 0.836498 0.000000 0.547970
vn 0.657539 0.000000 0.753420
vn 0.101946 0.000000 0.994790
vn 0.185968 0.000000 -0.982556
vn 0.185968 0.000000 -0.982556
vn 0.923300 0.000000 0.384080
vn 0.923300 0.000000 0.384080
vn 0.000000 1.000000 -0.000000
vn 0.000000 1.000000 -0.000000
vn 0.000000 1.000000 0.000000
vn 0.000000 1.000000 0.000000
vn 0.000000 1.000000 -0.000000
vn 0.000000 1.000000 0.000000
vn -0.453072 0.000000 0.891474
vn -0.453072 0.000000 0.891474
vn 0.000000 1.000000 0.000000
vn 0.000000 1.000000 0.000000
vn 0.000000 1.000000 0.000000
vn -0.949170 0.000000 -0.314763
vn -0.949170 0.000000 -0.314763
vn -0.373952 0.000000 0.927448
vn 0.000000 1.000000 0.000000
vn 0.000000 1.000000 -0.000000
vn -0.601678 0.000000 -0.798738
vn -0.601679 0.000000 -0.798738
vn -0.601679 0.000000 -0.798738
vn -0.601679 0.000000 -0.798738
vn -0.972097 0.234578 -0.000223
vn -0.859917 0.234578 0.453339
vn 0.912891 0.234578 -0.334070
vn 0.000000 1.000000 -0.000000
vn 0.000000 1.000000 -0.000000
vn 0.963308 0.234577 0.130427
vn 0.000000 1.000000 -0.000000
vn 0.000000 1.000000 0.000000
vn 0.000000 1.000000 0.000000
vn 0.000000 1.000000 0.000000
vn -0.884600 0.000000 0.466351
vn 0.517900 0.000000 0.855441
vn 0.731688 0.000000 0.681640
vn 0.731688 0.000000 0.681640
vn 0.517900 0.000000 0.855441
vn 0.990958 0.000000 0.134170
vn 0.000000 1.000000 -0.000000
vn 0.000000 1.000000 -0.000000
vn 0.000000 1.000000 0.000000
vn 0.000000 1.000000 0.000000
vn 0.000000 1.000000 0.000000
vn 0.000000 1.000000 0.000000
vn 0.353918 0.000000 0.935276
vn 0.353918 0.000000 0.935276
vn -0.989044 0.000000 0.147622
vn -0.989044 0.000000 0.147622
vn -0.844792 0.000000 0.535095
vn -0.844792 0.000000 0.535095
vn 0.000000 1.000000 0.000000
vn 0.939095 0.000000 -0.343659
vn -1.000000 0.000000 -0.000229
vn 0.000000 1.000000 0.000000
vn 0.000000 1.000000 0.000000
vn 0.163220 0.000000 -0.986590
vn 0.163220 0.000000 -0.986590
vn 0.263680 0.000000 0.964610
vn 0.848546 0.000000 0.529122
vn 0.848546 0.000000 0.529122
vn 0.263680 0.000000 0.964610
vn 0.978571 0.000000 -0.205912
vn 0.978571 0.000000 -0.205912
vn -0.942123 0.000000 0.335267
vn -0.942123 0.000000 0.335267
vn -0.246315 0.000000 -0.969190
vn -0.246315 0.000000 -0.969190
vn -0.352674 0.000000 -0.935746
vn -0.352674 0.000000 -0.935746
vn 0.000000 1.000000 0.000000
vn 0.000000 1.000000 -0.000000
vn 0.798876 0.000000 0.601495
vn 0.959043 0.000000 0.283260
vn 0.959043 0.000000 0.283260
vn 0.798876 0.000000 0.601495
vn -0.225788 0.000000 0.974176
vn 0.148445 0.000000 0.988921
vn 0.148445 0.000000 0.988921
vn -0.225788 0.000000 0.974176
vn -0.816398 0.000000 -0.577490
vn -0.816398 0.000000 -0.577490
vn -0.586957 0.000000 -0.809618
vn -0.586957 0.000000 -0.809618
vn 0.561011 0.000000 -0.827809
vn 0.561011 0.000000 -0.827809
vn 0.000000 1.000000 0.000000
vn 0.000000 1.000000 -0.000000
vn 0.000000 1.000000 -0.000000
vn 0.000000 1.000000 0.000000
vn 0.000000 1.000000 0.000000
vn 0.000000 1.000000 0.000000
vn 0.000000 1.000000 -0.000000
vn 0.000000 1.000000 -0.000000
vn 0.000000 1.000000 0.000000
vn 0.000000 1.000000 0.000000
vn 0.364384 0.000000 -0.931249
vn 0.364384 0.000000 -0.931249
vn 0.000000 1.000000 0.000000
vn 0.000000 1.000000 -0.000000
vn 0.000000 1.000000 -0.000000
vn 0.000000 1.000000 -0.000000
vn -0.501739 0.000000 -0.865019
vn -0.501739 0.000000 -0.865019
vn 0.000000 1.000000 -0.000000
vn 0.000000 1.000000 -0.000000
vn 0.000000 1.000000 0.000000
vn 0.000000 1.000000 0.000000
vn 0.991014 0.000000 0.133756
vn 0.991014 0.000000 0.133756
vn 1.000000 0.000000 0.000502
vn 1.000000 0.000000 0.000502
vn 0.214888 0.234578 0.948049
vn 0.000000 1.000000 0.000000
vn 0.000000 1.000000 0.000000
vn -0.252249 0.234577 0.938799
vn 0.973553 0.000000 -0.228463
vn 0.973553 0.000000 -0.228463
vn -1.000000 0.000000 -0.000001
vn -1.000000 0.000000 -0.000001
vn -0.846262 0.000000 -0.532767
vn -0.846262 0.000000 -0.532767
vn 0.000000 1.000000 -0.000000
vn 0.000000 1.000000 -0.000000
vn 0.384303 0.000000 0.923207
vn 0.248821 0.000000 0.968550
vn 0.248821 0.000000 0.968550
vn 0.384303 0.000000 0.923207
vn 0.000000 1.000000 0.000000
vn 0.000000 1.000000 0.000000
vn 0.000000 1.000000 0.000000
vn 0.000000 1.000000 0.000000
vn 0.000000 1.000000 0.000000
vn 0.000000 1.000000 0.000000
vn 0.000000 1.000000 0.000000
vn 0.000000 1.000000 0.000000
vn 0.970318 0.000000 -0.241833
vn 0.970318 0.000000 -0.241833
vn 0.221056 0.000000 0.975261
vn 0.747764 0.000000 0.663965
vn 0.747764 0.000000 0.663965
vn -0.248233 0.000000 0.968700
vn -0.248233 0.000000 0.968700
vn 0.875994 0.000000 0.482323
vn 0.875994 0.000000 0.482323
vn 0.000000 1.000000 0.000000
vn 0.000000 1.000000 0.000000
vn 0.963284 0.000000 0.268485
vn 0.915193 0.000000 0.403016
vn 0.915193 0.000000 0.403016
vn 0.963284 0.000000 0.268485
vn 0.000000 1.000000 0.000000
vn 0.000000 1.000000 -0.000001
vn 0.000000 1.000000 -0.000000
vn 0.000000 1.000000 -0.000000
vn 0.000000 1.000000 0.000000
vn 0.000000 1.000000 0.000000
vn 0.000000 1.000000 0.000000
vn 0.848422 0.000000 0.529320
vn 0.848422 0.000000 0.529320
vn 0.944483 0.234577 -0.230055
vn 0.000000 1.000000 0.000000
vn 0.000000 1.000000 0.000000
vn 0.942722 0.234576 0.237168
vn -0.259490 0.000000 0.965746
vn -0.989044 0.000000 -0.147622
vn -0.989044 0.000000 -0.147622
vn 0.939720 0.000000 -0.341945
vn 0.840762 0.000000 -0.541405
vn 0.840762 0.000000 -0.541405
vn 0.000000 1.000000 0.000000
vn 0.000000 1.000000 0.000000
vn 0.648469 0.000000 0.761241
vn 0.969781 0.000000 0.243976
vn 0.648469 0.000000 0.761241
vn 0.000000 1.000000 0.000000
vn 0.000000 1.000000 0.000000
vn 0.464079 0.000000 0.885794
vn 0.464079 0.000000 0.885794
vn -0.019484 0.000000 0.999810
vn -0.019484 0.000000 0.999810
vn 0.101537 0.000000 0.994832
vn 0.101537 0.000000 0.994832
vn 0.856459 0.000000 0.516215
vn 0.856459 0.000000 0.516215
vn 0.000000 1.000000 -0.000000
vn 0.000000 1.000000 0.000000
vn 0.000000 1.000000 0.000000
vn 0.000000 1.000000 -0.000000
vn 0.000000 1.000000 -0.000000
vn 0.000000 1.000000 -0.000000
vn 0.000000 1.000000 -0.000000
vn 0.000000 1.000000 -0.000000
vn 0.000000 1.000000 0.000000
vn 0.363517 0.234579 -0.901570
vn -0.099103 0.234577 -0.967033
vn 0.163154 0.000000 0.986601
vn 0.163154 0.000000 0.986601
vn 0.000000 1.000000 -0.000000
vn 0.000000 1.000000 -0.000000
vn 0.000000 1.000000 0.000000
vn 0.000000 1.000000 0.000000
vn 0.000000 1.000000 -0.000000
vn 0.971593 0.000000 -0.236658
vn -0.694173 0.000000 -0.719808
vn -0.694173 0.000000 -0.719808
vn 0.000000 1.000000 0.000000
vn 0.000000 1.000000 -0.000000
vn 0.000000 1.000000 -0.000000
vn 0.000000 1.000000 0.000000
vn -0.769410 0.000000 0.638755
vn -0.769410 0.000000 0.638755
vn 0.000000 1.000000 0.000000
vn 0.000000 1.000000 0.000000
vn 0.000000 1.000000 0.000000
vn 0.000000 1.000000 0.000000
vn 0.979269 0.000000 -0.202564
vn 0.979269 0.000000 -0.202564
vn -0.273187 0.000000 0.961961
vn -0.273187 0.000000 0.961961
vn 0.373951 0.000000 -0.927448
vn -0.835635 0.000000 0.549285
vn -0.574954 0.000000 0.818186
vn -0.574954 0.000000 0.818186
vn -0.835635 0.000000 0.549285
vn 0.000000 1.000000 0.000000
vn 0.000000 1.000000 0.000000
vn 0.566182 0.000000 -0.824280
vn 0.566182 0.000000 -0.824280
vn 0.000000 1.000000 -0.000000
vn 0.000000 1.000000 -0.000000
vn 0.526800 0.000000 0.849990
vn 0.791350 0.000000 0.611363
vn 0.791350 0.000000 0.611363
vn 0.526800 0.000000 0.849990
vn 0.611363 0.000000 0.791350
vn 0.986152 0.000000 0.165846
vn 0.986152 0.000000 0.165846
vn 0.611363 0.000000 0.791350
vn 0.000000 1.000000 0.000000
vn 0.000000 1.000000 0.000000
vn 0.656711 0.000000 -0.754143
vn 0.656711 0.000000 -0.754143
vn -0.912188 0.000000 0.409771
vn -0.912188 0.000000 0.409771
vn -0.568399 0.000000 0.822753
vn -0.568399 0.000000 0.822753
vn -0.563273 0.000000 0.826271
vn -0.219794 0.000000 0.975546
vn -0.219794 0.000000 0.975546
vn -0.563273 0.000000 0.826271
vn 0.826271 0.000000 -0.563273
vn 0.826271 0.000000 -0.563273
vn 0.000000 1.000000 -0.000000
vn 0.000000 1.000000 -0.000000
vn 0.800655 0.000000 0.599126
vn 0.800655 0.000000 0.599126
vn 0.599127 0.000000 0.800654
vn 0.599127 0.000000 0.800654
vn 0.000000 1.000000 0.000001
vn 0.000000 1.000000 0.000001
vn -0.101948 0.000000 -0.994790
vn -0.966320 0.000000 -0.257344
vn -0.966320 0.000000 -0.257344
vn -0.989218 0.000000 -0.146447
vn -0.989218 0.000000 -0.146447
vn 0.000000 1.000000 0.000000
vn 0.000000 1.000000 0.000000
vn 0.707107 0.000000 0.707107
vn 0.707107 0.000000 0.707107
vn -0.972783 0.000000 0.231716
vn -0.972783 0.000000 0.231716
vn -0.963307 0.234580 -0.130429
vn -0.912890 0.234580 0.334072
vn 0.000000 1.000000 0.000000
vn 0.000000 1.000000 0.000000
vn -0.865124 0.000000 -0.501557
vn -0.865124 0.000000 -0.501557
vn 0.000000 1.000000 0.000000
vn 0.440074 0.000000 -0.897962
vn 0.440074 0.000000 -0.897962
vn -0.657539 0.000000 -0.753421
vn -0.657539 0.000000 -0.753421
vn -0.939094 0.000000 0.343661
vn 0.000000 1.000000 -0.000000
vn 0.000000 1.000000 -0.000000
vn 0.000000 1.000000 -0.000000
vn 0.000000 1.000000 -0.000000
vn 0.254570 0.000000 -0.967054
vn 0.254570 0.000000 -0.967054
vn -0.114276 0.000000 -0.993449
vn -0.114276 0.000000 -0.993449
vn -0.217007 0.000000 -0.976170
vn -0.217007 0.000000 -0.976170
vn -0.990958 0.000000 -0.134173
vn -0.848101 0.000000 0.529835
vn -0.848101 0.000000 0.529835
vn 0.337478 0.234577 0.911637
vn 0.000000 1.000000 -0.000000
vn 0.000000 1.000000 -0.000000
vn -0.126829 0.234577 0.963788
vn -0.573800 0.000000 -0.818996
vn -0.573800 0.000000 -0.818996
vn -0.981018 0.000000 -0.193915
vn -0.981018 0.000000 -0.193915
vn -0.473222 0.000000 -0.880943
vn -0.473222 0.000000 -0.880943
vn 0.347164 0.000000 0.937804
vn 0.824870 0.000000 0.565322
vn 0.824870 0.000000 0.565322
vn 0.000000 1.000000 -0.000000
vn 0.000000 1.000000 -0.000000
vn -0.999050 0.000004 0.043569
vn -0.999050 0.000001 0.043568
vn -0.999050 0.000000 0.043569
vn -0.999050 0.000000 0.043569
vn -0.731688 0.000000 -0.681639
vn -0.731688 0.000000 -0.681639
vn 0.944061 0.000000 0.329772
vn 0.944061 0.000000 0.329772
vn -0.582210 0.000000 0.813039
vn -0.582210 0.000000 0.813039
vn 0.813038 0.000000 -0.582210
vn 0.813038 0.000000 -0.582210
vn 0.000000 1.000000 -0.000000
vn 0.999910 0.000000 0.013394
vn 0.999910 0.000000 0.013394
vn 0.995104 0.000000 -0.098832
vn 0.995104 0.000000 -0.098832
vn 0.989963 0.000000 0.141329
vn 0.989963 0.000000 0.141329
vn -0.130469 0.000000 0.991452
vn 0.042275 0.000000 0.999106
vn 0.042275 0.000000 0.999106
vn 0.967364 0.234578 -0.095812
vn 0.000000 1.000000 -0.000000
vn 0.000000 1.000000 -0.000000
vn 0.900328 0.234579 0.366582
vn 0.000000 1.000000 0.000000
vn 0.000000 1.000000 0.000000
vn 0.000000 1.000000 0.000000
vn 0.000000 1.000000 0.000000
vn 0.538544 0.000000 0.842598
vn 0.926171 0.000000 0.377105
vn 0.538544 0.000000 0.842598
vn 0.000000 1.000000 -0.000000
vn 0.000000 1.000000 -0.000000
vn 0.934115 0.000000 -0.356972
vn 0.934115 0.000000 -0.356972
vn 0.000000 1.000000 0.000000
vn 0.000000 1.000000 -0.000000
vn -0.682072 0.000000 0.731285
vn -0.682072 0.000000 0.731285
vn 0.296175 0.000000 0.955134
vn 0.296175 0.000000 0.955134
vn 0.000000 1.000000 0.000000
vn 0.000000 1.000000 0.000000
vn -0.112884 0.000000 0.993608
vn -0.112884 0.000000 0.993608
vn -0.010176 0.000000 0.999948
vn -0.010176 0.000000 0.999948
vn 0.995131 0.000000 -0.098562
vn 0.000000 1.000000 -0.000000
vn 0.000000 1.000000 0.000000
vn 0.000000 1.000000 0.000000
vn 0.000000 1.000000 0.000000
vn 0.000000 1.000000 0.000000
vn 0.109452 0.000000 0.993992
vn 0.109452 0.000000 0.993992
vn 0.000000 1.000000 -0.000000
vn 0.000000 1.000000 0.000000
vn 0.000000 1.000000 0.000000
vn 0.000000 1.000000 0.000000
vn 0.000000 1.000000 -0.000000
vn 0.000000 1.000000 -0.000000
vn 0.769411 0.000000 -0.638754
vn 0.769411 0.000000 -0.638754
vn 0.000000 1.000000 0.000000
vn 0.000000 1.000000 0.000000
vn 0.000000 1.000000 0.000000
vn 0.000000 1.000000 0.000000
vn -0.826869 0.000000 0.562394
vn -0.826869 0.000000 0.562394
vn -0.378887 0.000000 0.925443
vn -0.378887 0.000000 0.925443
vn 0.752119 0.000000 -0.659027
vn 0.752119 0.000000 -0.659027
vn 0.996917 0.000000 0.078463
vn 0.996917 0.000000 0.078463
vn 0.535586 0.000000 -0.844481
vn 0.535586 0.000000 -0.844481
vn 0.000000 1.000000 -0.000000
vn 0.000000 1.000000 -0.000000
vn 0.252251 0.234579 -0.938798
vn -0.214887 0.234578 -0.948049
vn -0.197984 -0.000000 -0.980205
vn -0.197984 -0.000000 -0.980205
vn 0.000000 1.000000 0.000000
vn 0.000000 1.000000 0.000000
vn 0.000000 1.000000 0.000000
vn 0.000000 1.000000 0.000000
vn 0.259492 0.000000 -0.965745
vn -0.855205 0.000001 0.518290
vn -0.855205 0.000001 0.518290
vn 0.000000 1.000000 -0.000000
vn 0.000000 1.000000 -0.000000
vn -0.656709 0.000000 0.754144
vn -0.656709 0.000000 0.754144
vn 0.000000 1.000000 0.000000
vn 0.000000 1.000000 0.000000
vn 0.587859 0.000000 -0.808963
vn 0.587859 0.000000 -0.808963
vn -0.975972 0.000000 -0.217895
vn -0.988545 0.000002 0.150924
vn -0.975972 0.000000 -0.217895
vn 0.000000 1.000000 -0.000000
vn 0.000000 1.000000 -0.000000
vn 0.447456 0.234578 0.862993
vn 0.000000 1.000000 -0.000000
vn 0.000000 1.000000 -0.000000
vn -0.006862 0.234579 0.972073
vn 0.000000 1.000000 -0.000000
vn 0.000000 1.000000 -0.000000
vn -0.987926 0.000000 -0.154928
vn -0.987926 0.000000 -0.154928
vn -0.999657 0.000000 -0.026206
vn -0.999657 0.000000 -0.026206
vn -0.942722 0.234577 -0.237171
vn -0.944483 0.234576 0.230055
vn 0.000000 1.000000 -0.000000
vn -0.221055 0.000000 -0.975261
vn 0.000000 1.000000 -0.000000
vn 0.000000 1.000000 -0.000000
vn 0.460300 0.000000 0.887764
vn 0.893774 0.000000 0.448517
vn 0.893774 0.000000 0.448517
vn -0.919252 0.000000 -0.393671
vn -0.919252 0.000000 -0.393671
vn -0.971593 0.000000 0.236658
vn 0.971866 0.234578 0.021198
vn 0.000000 1.000000 0.000000
vn 0.000000 1.000000 0.000000
vn 0.849719 0.234579 0.472177
vn 0.970692 0.000000 0.240327
vn 0.970692 0.000000 0.240327
vn -0.007059 0.000000 0.999975
vn -0.743521 0.000000 -0.668712
vn -0.743521 0.000000 -0.668712
vn 0.000000 1.000000 0.000000
vn -0.002638 0.000000 -0.999997
vn -0.002638 0.000000 -0.999997
vn -0.116945 0.000000 -0.993138
vn -0.116945 0.000000 -0.993138
vn 0.000000 1.000000 0.000000
vn 0.000000 1.000000 0.000000
vn 0.000000 1.000000 0.000000
vn 0.000000 1.000000 0.000000
vn 0.000000 1.000000 -0.000000
vn 0.000000 1.000000 -0.000000
vn 0.425491 0.000000 0.904963
vn 0.874109 0.000000 0.485730
vn 0.425491 0.000000 0.904963
vn 0.000000 1.000000 0.000000
vn -0.969781 0.000000 -0.243978
vn -0.371898 0.000000 -0.928274
vn -0.371898 0.000000 -0.928274
vn -0.583052 0.000000 0.812435
vn -0.583052 0.000000 0.812435
vn 0.999762 0.000000 0.021807
vn 0.215154 0.000000 0.976580
vn 0.215154 0.000000 0.976580
vn 0.000000 1.000000 0.000000
vn 0.000000 1.000000 -0.000000
vn 0.546989 0.000000 -0.837140
vn 0.546989 0.000000 -0.837140
vn -0.651004 0.000000 -0.759075
vn -0.651004 0.000000 -0.759075
vn 0.000000 1.000000 0.000000
vn 0.000000 1.000000 0.000000
vn 0.000000 1.000000 0.000000
vn 0.000000 1.000000 0.000000
vn 0.000000 1.000000 0.000000
vn 0.828921 0.000000 -0.559366
vn 0.828921 0.000000 -0.559366
vn 0.000000 1.000000 0.000000
vn 0.000000 1.000000 0.000000
vn -0.786017 0.000000 0.618205
vn -0.786017 0.000000 0.618205
vn 0.539337 0.234577 0.808757
vn 0.000000 1.000000 -0.000000
vn 0.000000 1.000000 -0.000000
vn 0.099714 0.234578 0.966970
vn 0.000000 1.000000 -0.000000
vn 0.993016 0.000000 -0.117981
vn 0.993016 0.000000 -0.117981
vn 0.970401 0.000000 -0.241499
vn 0.970401 0.000000 -0.241499
vn 0.000000 1.000000 0.000000
vn 0.000000 1.000000 -0.000000
vn 0.000000 1.000000 -0.000000
vn 0.000000 1.000000 -0.000000
vn 0.000000 1.000000 -0.000000
vn -0.243807 -0.000000 -0.969824
vn -0.384299 0.000000 -0.923209
vn -0.384299 0.000000 -0.923209
vn -0.243807 -0.000000 -0.969824
vn -0.882668 0.000000 0.469996
vn -0.882668 0.000000 0.469996
vn 0.000000 1.000000 0.000000
vn 0.645250 0.000000 -0.763971
vn 0.645250 0.000000 -0.763971
vn 0.000000 1.000000 0.000000
vn 0.000000 1.000000 -0.000000
vn -0.915194 0.000000 -0.403014
vn -0.964660 0.000000 -0.263498
vn -0.964660 0.000000 -0.263498
vn -0.915194 0.000000 -0.403014
vn 0.554818 0.000000 0.831972
vn 0.933328 0.000000 0.359026
vn 0.933328 0.000000 0.359026
vn 0.879171 0.000000 -0.476506
vn 0.879171 0.000000 -0.476506
vn 0.000000 1.000000 0.000000
vn -0.516377 0.000000 -0.856361
vn -0.516377 0.000000 -0.856361
vn 0.000000 1.000000 0.000000
vn 0.000000 1.000000 0.000000
vn 0.102576 0.000000 0.994725
vn 0.000000 1.000000 0.000000
vn 0.000000 1.000000 0.000001
vn 0.995387 0.000000 0.095936
vn 0.995387 0.000000 0.095936
vn 0.495275 0.000000 -0.868736
vn 0.495275 0.000000 -0.868736
vn -0.845673 0.000000 -0.533702
vn -0.845673 0.000000 -0.533702
vn -0.266022 0.000000 0.963967
vn -0.266022 0.000000 0.963967
vn -0.149811 0.000000 0.988715
vn -0.149811 0.000000 0.988715
vn 0.000000 1.000000 -0.000000
vn 0.000000 1.000000 -0.000000
vn 0.000000 1.000000 -0.000000
vn 0.000000 1.000000 -0.000000
vn 0.995789 0.000000 -0.091672
vn 0.995789 0.000000 -0.091672
vn 0.000000 1.000000 0.000000
vn 0.000000 1.000000 0.000000
vn -0.496204 0.000000 0.868206
vn -0.496204 0.000000 0.868206
vn 0.678902 0.000000 -0.734229
vn 0.678902 0.000000 -0.734229
vn 0.000000 1.000000 0.000000
vn 0.000000 1.000000 0.000000
vn 0.000000 1.000000 -0.000000
vn 0.000000 1.000000 -0.000000
vn -0.819669 0.000000 -0.572837
vn -0.819669 0.000000 -0.572837
vn 0.126829 0.234577 -0.963788
vn -0.337479 0.234578 -0.911637
vn -0.504492 0.000000 0.863416
vn -0.504492 0.000000 0.863416
vn 0.000000 1.000000 -0.000000
vn 0.000000 1.000000 -0.000000
vn -0.976617 0.000000 -0.214988
vn -0.976617 0.000000 -0.214988
vn 0.629292 0.234578 0.740922
vn 0.000000 1.000000 0.000000
vn 0.000000 1.000000 0.000000
vn 0.210925 0.234579 0.948938
vn 0.000000 1.000000 0.000000
vn 0.000000 1.000000 -0.000000
vn 0.000000 1.000000 -0.000000
vn -0.556034 0.000000 -0.831159
vn -0.556034 0.000000 -0.831159
vn -0.195075 0.000000 -0.980788
vn -0.195075 0.000000 -0.980788
vn -0.675776 0.000000 0.737107
vn -0.675776 0.000000 0.737107
vn 0.130469 0.000000 -0.991452
vn -0.999986 0.000000 -0.005401
vn -0.999986 0.000000 -0.005401
vn -0.994446 0.000000 0.105251
vn -0.994446 0.000000 0.105251
vn 0.000000 1.000000 -0.000000
vn 0.000000 1.000000 -0.000000
vn 0.000000 1.000000 0.000000
vn 0.000000 1.000000 0.000000
vn 0.000000 1.000000 0.000000
vn 0.000000 1.000000 -0.000000
vn -0.755650 0.000000 0.654975
vn -0.755650 0.000000 0.654975
vn 0.173385 0.000000 -0.984854
vn 0.173385 0.000000 -0.984854
vn -0.984854 0.000000 0.173388
vn -0.984854 0.000000 0.173388
vn 0.647355 0.000000 0.762189
vn 0.969310 0.000469 0.245842
vn 0.969310 0.000469 0.245842
vn 0.216979 0.000000 0.976176
vn -0.962974 0.000000 -0.269594
vn -0.962974 0.000000 -0.269594
vn -0.556566 0.000000 -0.830804
vn -0.556566 0.000000 -0.830804
vn -0.830803 0.000000 -0.556566
vn -0.830803 0.000000 -0.556566
vn -0.900329 0.234578 -0.366581
vn -0.967364 0.234577 0.095814
vn -0.347166 0.000000 -0.937804
vn 0.000000 1.000000 -0.000001
vn 0.999741 0.000840 0.022728
vn 0.999678 0.000850 0.025378
vn -0.824871 0.000000 -0.565321
vn -0.824871 0.000000 -0.565321
vn 0.137129 0.000000 -0.990553
vn 0.137129 0.000000 -0.990553
vn 0.031719 0.000000 -0.999497
vn 0.031719 0.000000 -0.999497
vn -0.386380 0.000000 0.922340
vn -0.386380 0.000000 0.922340
vn -0.995131 0.000000 0.098564
vn -0.594975 0.000000 -0.803744
vn -0.594975 0.000000 -0.803744
vn -0.803744 0.000000 -0.594976
vn -0.803744 0.000000 -0.594976
vn 0.978500 0.000000 -0.206249
vn 0.911672 0.000000 0.410920
vn 0.846262 0.000000 0.532767
vn 0.846262 0.000000 0.532767
vn 0.910906 0.000000 0.412613
vn -0.981280 0.000000 -0.192587
vn -0.981280 0.000000 -0.192588
vn -0.981280 0.000000 -0.192588
vn -0.238532 0.000000 -0.971135
vn -0.238532 0.000000 -0.971135
vn -0.707107 0.000000 -0.707107
vn -0.707107 0.000000 -0.707107
vn -0.617609 0.000000 0.786485
vn -0.617609 0.000000 0.786485
vn 0.000000 1.000000 0.000000
vn 0.000000 1.000000 0.000000
vn 0.000000 1.000000 0.000000
vn 0.000000 1.000000 0.000000
vn 0.970849 0.000000 -0.239690
vn 0.970849 0.000000 -0.239690
vn 0.937551 0.000000 -0.347848
vn 0.937551 0.000000 -0.347848
vn -0.926171 0.000000 -0.377103
vn -0.538544 0.000000 -0.842597
vn -0.538544 0.000000 -0.842597
vn 0.000000 1.000000 0.000000
vn 0.000000 1.000000 -0.000000
vn 0.000000 1.000000 -0.000000
vn 0.000000 1.000000 -0.000000
vn -0.755067 0.000000 0.655648
vn -0.755067 0.000000 0.655648
vn 0.000000 1.000000 -0.000000
vn 0.000000 1.000000 -0.000000
vn 0.813612 0.000000 -0.581409
vn 0.813612 0.000000 -0.581409
vn 0.280148 0.000000 0.959957
vn 0.280148 0.000000 0.959957
vn 0.000000 1.000000 0.000000
vn 0.000000 1.000000 0.000000
vn 0.000000 1.000000 0.000000
vn 0.000000 1.000000 0.000000
vn -0.369731 0.000000 0.929139
vn -0.369731 0.000000 0.929139
vn -0.267607 0.000000 0.963528
vn -0.267607 0.000000 0.963528
vn 0.000000 1.000000 0.000000
vn 0.000000 1.000000 0.000000
vn 0.000000 1.000000 0.000000
vn 0.000000 1.000000 0.000000
vn 0.000000 1.000000 0.000000
vn 0.000000 1.000000 0.000000
vn 0.000000 1.000000 -0.000000
vn 0.000000 1.000000 -0.000000
vn 0.000000 1.000000 -0.000000
vn 0.000000 1.000000 -0.000000
vn 0.000000 1.000000 0.000000
vn 0.000000 1.000000 0.000000
vn 0.583052 0.000000 -0.812435
vn 0.583052 0.000000 -0.812435
vn -0.604649 0.000000 0.796492
vn -0.604649 0.000000 0.796492
vn 0.000000 1.000000 0.000000
vn 0.000000 1.000000 0.000000
vn 0.006858 0.234576 -0.972074
vn -0.447454 0.234576 -0.862994
vn 0.694173 0.000000 0.719809
vn 0.582806 0.000000 0.812611
vn 0.584918 -0.000000 0.811093
vn 0.694173 0.000000 0.719809
vn 0.949171 0.000000 0.314762
vn 0.949171 0.000000 0.314762
vn -0.995715 0.000000 0.092480
vn -0.995715 0.000000 0.092480
vn -0.973841 0.000000 0.227232
vn -0.973841 0.000000 0.227232
vn 0.000000 1.000000 -0.000000
vn 0.000000 1.000000 -0.000000
vn 0.007055 0.000000 -0.999975
vn 0.000000 1.000000 0.000000
vn 0.000000 1.000000 0.000000
vn -0.828921 0.000000 0.559365
vn -0.828921 0.000000 0.559365
vn -0.988892 0.000000 -0.148636
vn -0.988892 0.000000 -0.148636
vn -0.849720 0.234576 -0.472175
vn -0.971867 0.234575 -0.021198
vn 0.255240 0.000000 -0.966878
vn 0.255240 0.000000 -0.966878
vn 0.129585 0.000000 -0.991568
vn 0.129585 0.000000 -0.991568
vn 0.000000 1.000000 0.000000
vn 0.000000 1.000000 0.000000
vn 0.000000 1.000000 0.000000
vn 0.000000 1.000000 0.000000
vn 0.000000 1.000000 0.000000
vn 0.000000 1.000000 0.000000
vn -0.460297 0.000000 -0.887765
vn -0.888358 0.000000 -0.459151
vn -0.888358 0.000000 -0.459151
vn 0.938735 0.000000 -0.344639
vn 0.938735 0.000000 -0.344639
vn 0.886597 0.000000 -0.462542
vn 0.886597 0.000000 -0.462542
vn -0.999762 0.000000 -0.021807
vn -0.120034 0.000000 -0.992770
vn -0.120034 0.000000 -0.992770
vn 0.000000 1.000000 0.000000
vn 0.000000 1.000000 0.000000
vn 0.000000 1.000000 0.000000
vn 0.000000 1.000000 0.000000
vn 0.000000 1.000000 0.000000
vn 0.744990 0.000000 -0.667076
vn 0.744990 0.000000 -0.667076
vn -0.433323 0.000000 -0.901239
vn -0.433323 0.000000 -0.901239
vn -0.874110 0.000000 -0.485728
vn 0.000000 1.000000 0.000000
vn 0.000000 1.000000 0.000000
vn 0.000000 1.000000 -0.000000
vn 0.000000 1.000000 -0.000000
vn 0.000000 1.000000 -0.000000
vn 0.000000 1.000000 -0.000000
vn 0.000000 1.000000 0.000000
vn 0.000000 1.000000 0.000000
vn -0.498416 0.000000 0.866938
vn -0.498416 0.000000 0.866938
vn -0.389579 0.000000 0.920993
vn -0.389579 0.000000 0.920993
vn 0.490507 0.000000 -0.871437
vn 0.490507 0.000000 -0.871437
vn 0.000000 1.000000 0.000000
vn 0.000000 1.000000 0.000000
vn -0.974005 0.000000 0.226529
vn -0.974005 0.000000 0.226529
vn -0.943071 0.000000 0.332591
vn -0.943071 0.000000 0.332591
vn -0.099712 0.234579 -0.966970
vn -0.539338 0.234579 -0.808756
vn -0.702281 0.000000 0.711900
vn -0.702281 0.000000 0.711900
vn 0.000000 1.000000 0.000000
vn 0.000000 1.000000 0.000000
vn 0.000000 1.000000 0.000000
vn 0.000000 1.000000 0.000000
vn -0.999225 0.000000 -0.039360
vn -0.999225 0.000000 -0.039360
vn 0.000000 1.000000 0.000000
vn 0.000000 1.000000 0.000000
vn -0.102574 0.000000 -0.994725
vn -0.905590 0.000000 -0.424155
vn -0.905590 0.000000 -0.424154
vn -0.905590 0.000000 -0.424154
vn 0.377752 0.000000 -0.925907
vn 0.377752 0.000000 -0.925907
vn 0.274447 0.000000 -0.961602
vn 0.274447 0.000000 -0.961602
vn 0.892553 0.000000 -0.450942
vn 0.892553 0.000000 -0.450942
vn 0.837793 0.000000 -0.545988
vn 0.837793 0.000000 -0.545988
vn -0.894115 0.000000 0.447838
vn -0.894115 0.000000 0.447838
vn 0.000000 1.000000 0.000000
vn 0.000000 1.000000 0.000000
vn 0.000000 1.000000 0.000000
vn 0.000000 1.000000 0.000000
vn -0.933327 0.000000 -0.359027
vn -0.933327 0.000000 -0.359027
vn -0.781762 0.234575 -0.577774
vn -0.961026 0.234575 -0.146304
vn 0.000000 1.000000 0.000000
vn 0.000000 1.000000 0.000000
vn -0.554820 0.000000 -0.831971
vn -0.575287 0.000000 0.817952
vn -0.575287 0.000000 0.817952
vn -0.481773 0.000000 0.876296
vn -0.481773 0.000000 0.876296
vn 0.008947 0.000000 -0.999960
vn 0.008947 0.000000 -0.999960
vn 0.662804 0.000000 -0.748793
vn 0.662804 0.000000 -0.748793
vn 0.000000 1.000000 -0.000000
vn 0.000000 1.000000 -0.000000
vn -0.988610 0.000000 -0.150503
vn 0.000000 1.000000 0.000000
vn 0.000000 1.000000 0.000000
vn -0.313530 0.000000 -0.949578
vn -0.313530 0.000000 -0.949578
vn -0.946067 0.000000 0.323972
vn -0.946067 0.000000 0.323972
vn -0.898259 0.000000 0.439466
vn -0.898259 0.000000 0.439466
vn 0.000000 1.000000 0.000000
vn 0.000000 1.000000 0.000000
vn 0.000000 1.000000 0.000000
vn 0.000000 1.000000 0.000000
vn 0.000000 1.000000 -0.000000
vn 0.000000 1.000000 -0.000000
vn 0.000000 1.000000 0.000000
vn 0.000000 1.000000 0.000000
vn -0.771437 0.000000 0.636306
vn -0.771437 0.000000 0.636306
vn -0.804201 0.000000 -0.594358
vn 0.386380 0.000000 -0.922340
vn 0.386380 0.000000 -0.922340
vn -0.210924 0.234577 -0.948939
vn -0.629291 0.234576 -0.740923
vn 0.000000 1.000000 -0.000000
vn 0.000000 1.000000 -0.000000
vn 0.000000 1.000000 0.000000
vn 0.000000 1.000000 0.000000
vn 0.000000 1.000000 -0.000000
vn 0.000000 1.000000 -0.000000
vn 0.470509 0.000000 -0.882396
vn 0.470509 0.000000 -0.882395
vn 0.354688 0.000000 -0.934985
vn 0.354688 0.000000 -0.934985
vn -0.997069 0.000000 0.076515
vn -0.997069 0.000000 0.076515
vn 0.000000 1.000000 0.000000
vn 0.000000 1.000000 0.000000
vn 0.501740 0.000000 0.865019
vn 0.501740 0.000000 0.865019
vn 0.827664 0.000000 -0.561224
vn 0.827664 0.000000 -0.561224
vn 0.751288 0.000000 -0.659975
vn 0.751288 0.000000 -0.659975
vn 0.000000 1.000000 0.000000
vn 0.000000 1.000000 0.000000
vn -0.718541 0.234581 -0.654730
vn -0.941010 0.234581 -0.243870
vn -0.935245 0.000000 0.354001
vn -0.935245 0.000000 0.354001
vn 0.000000 1.000000 -0.000000
vn 0.000000 1.000000 -0.000000
vn 0.000000 1.000000 -0.000000
vn 0.000000 1.000000 -0.000000
vn -0.216978 0.000000 -0.976177
vn 0.000000 1.000000 0.000000
vn 0.000000 1.000000 0.000000
vn 0.000000 1.000000 0.000000
vn 0.000000 1.000000 0.000000
vn 0.111219 0.000000 -0.993796
vn 0.111219 0.000000 -0.993796
vn 0.000000 1.000000 -0.000000
vn 0.000000 1.000000 -0.000000
vn -0.968598 0.000000 -0.248632
vn -0.968598 0.000000 -0.248632
vn -0.688662 0.000000 0.725083
vn -0.688662 0.000000 0.725083
vn -0.589789 0.000000 0.807558
vn -0.589789 0.000000 0.807558
vn -0.889735 0.000000 0.456477
vn -0.889735 0.000000 0.456477
vn -0.834791 0.000000 0.550567
vn -0.834791 0.000000 0.550567
vn 0.000000 1.000000 0.000000
vn 0.000000 1.000000 0.000000
vn 0.561768 0.000000 -0.827295
vn 0.561768 0.000000 -0.827295
vn -0.647353 0.000000 -0.762190
vn 0.000000 1.000000 -0.000000
vn 0.000000 1.000000 -0.000000
vn 0.846262 0.000000 0.532767
vn 0.846262 0.000000 0.532767
vn -0.968021 0.000000 -0.250870
vn 0.579387 0.000000 -0.815053
vn 0.579387 0.000000 -0.815053
vn 0.485675 0.000000 -0.874140
vn 0.485675 0.000000 -0.874140
vn -0.214717 0.000000 -0.976676
vn -0.214717 0.000000 -0.976676
vn 0.000000 1.000000 -0.000000
vn 0.000000 1.000000 -0.000000
vn 0.000000 1.000000 0.000000
vn 0.000000 1.000000 0.000000
vn 0.753046 0.000000 -0.657969
vn 0.753046 0.000000 -0.657969
vn 0.676237 0.000000 -0.736684
vn 0.676237 0.000000 -0.736684
vn 0.000000 1.000000 -0.000000
vn 0.000000 1.000000 -0.000000
vn -0.846410 0.000000 0.532532
vn -0.846410 0.000000 0.532532
vn -0.748850 0.000000 0.662739
vn -0.748850 0.000000 0.662739
vn -0.671779 0.000000 0.740751
vn -0.671779 0.000000 0.740751
vn -0.739166 0.000000 -0.673524
vn -0.330370 0.234580 -0.914237
vn -0.718751 0.234579 -0.654500
vn -0.979137 0.000000 0.203203
vn -0.979137 0.000000 0.203203
vn 0.662229 0.000000 -0.749302
vn 0.662229 0.000000 -0.749302
vn 0.565836 0.000000 -0.824518
vn 0.565836 0.000000 -0.824518
vn -0.838842 0.000000 0.544375
vn -0.838842 0.000000 0.544375
vn -0.761418 0.000000 0.648261
vn -0.761418 0.000000 0.648261
vn 0.265447 0.000000 -0.964126
vn 0.265447 0.000000 -0.964126
vn 0.237279 0.000000 -0.971442
vn 0.237279 0.000000 -0.971442
vn 0.000000 1.000000 -0.000000
vn 0.000000 1.000000 -0.000000
vn -0.629001 0.234578 -0.741168
vn -0.902141 0.234579 -0.362097
vn 0.000000 1.000000 0.000000
vn 0.000000 1.000000 0.000000
vn 0.456682 0.000000 -0.889630
vn 0.456682 0.000000 -0.889630
vn -0.972809 0.000000 0.231608
vn -0.972809 0.000000 0.231608
vn -0.897918 0.000000 0.440162
vn -0.897918 0.000000 0.440162
vn -0.992418 0.000000 -0.122912
vn -0.992418 0.000000 -0.122912
vn -0.947046 0.000000 0.321098
vn -0.947046 0.000000 0.321098
vn 0.338552 0.000000 -0.940948
vn 0.338552 0.000000 -0.940948
vn -0.339853 0.000000 -0.940479
vn -0.439397 0.234577 -0.867124
vn -0.793204 0.234577 -0.561962
vn -0.088178 0.000000 -0.996105
vn -0.088178 0.000000 -0.996105
vn -0.547205 0.234576 -0.803455
vn -0.858853 0.234576 -0.455352
vn -0.739382 0.000000 -0.673286
vn -0.928036 0.000000 -0.372491
vn 0.145883 0.000000 -0.989302
vn 0.145883 0.000000 -0.989302
vn -0.991829 0.000000 0.127573
vn -0.991829 0.000000 0.127573
vn -1.000000 0.000000 -0.000969
vn -1.000000 0.000000 -0.000969
vn 0.017517 0.000000 -0.999847
vn 0.017517 0.000000 -0.999847
vn -0.647056 0.000000 -0.762443
vn -0.452009 0.000000 -0.892013
vn -0.883505 0.000000 -0.468422
vn -0.815971 0.000000 -0.578092
vn -0.562912 0.000000 -0.826517
vn 0.694173 0.000000 0.719809
vn 0.694173 0.000000 0.719809
vn -0.219718 -0.000000 -0.975564
vn -0.537425 0.000000 -0.843311
vn 0.000000 1.000000 0.000000
vn 0.000000 1.000000 0.000000
vn 0.000000 1.000000 0.000000
vn 0.393815 -0.000001 0.919190
vn 0.393815 -0.000001 0.919190
vn 0.393815 0.000000 0.919190
vn 0.393815 0.000000 0.919190
vn 0.000000 1.000000 0.000000
vn 0.000000 1.000000 0.000000
vn 0.000000 1.000000 0.000000
vn -0.532766 -0.000001 0.846262
vn -0.532766 -0.000002 0.846262
vn -0.532767 0.000000 0.846262
vn -0.532767 0.000000 0.846262
vn 0.000000 1.000000 0.000000
vn 0.000000 1.000000 0.000000
vn 0.000000 1.000000 0.000000
vn 0.000000 1.000000 0.000000
vn 0.000000 1.000000 0.000000
vn 0.000000 1.000000 0.000000
vn 0.000000 1.000000 0.000000
vn 0.000000 1.000000 0.000000
vn 0.865018 -0.000003 -0.501741
vn 0.865018 -0.000003 -0.501741
vn 0.865018 0.000000 -0.501741
vn 0.865018 0.000000 -0.501741
vn 0.000000 1.000000 0.000000
vn 0.000000 1.000000 0.000000
vn 0.000000 1.000000 0.000000
vn 0.000000 1.000000 0.000000
vn 0.000000 1.000000 0.000000
vn 0.000000 1.000000 0.000000
vn 0.000000 1.000000 0.000000
vn 0.000000 1.000000 0.000000
vn 0.000000 1.000000 0.000000
vn -0.317194 0.000000 -0.948361
vn -0.396507 0.000000 -0.918032
vn -0.396506 0.000002 -0.918032
vn -0.315080 0.000000 -0.949065
vn 0.000000 1.000000 0.000000
vn 0.000000 1.000000 0.000000
vn 0.000000 1.000000 0.000000
vn 0.000000 1.000000 0.000000
vn 0.000000 1.000000 0.000000
vn 0.000000 1.000000 0.000000
vn 0.000000 1.000000 0.000000
vn 0.000000 1.000000 0.000000
vn 0.000000 1.000000 -0.000000
vn 0.000000 1.000000 0.000000
vn 0.000000 1.000000 0.000000
vn 0.000000 1.000000 -0.000000
vn 0.000000 1.000000 0.000000
vn 0.000000 1.000000 0.000000
vn 0.000000 1.000000 0.000000
vn 0.000000 1.000000 0.000000
vn 0.000000 1.000000 0.000000
vn 0.000000 1.000000 0.000000
vn 0.000000 1.000000 0.000000
vn -0.774427 0.000003 -0.632664
vn -0.774427 0.000003 -0.632664
vn -0.774426 0.000000 -0.632664
vn -0.774426 0.000000 -0.632664
vn 0.000000 1.000000 0.000000
vn 0.000000 1.000000 0.000000
vn 0.000000 1.000000 0.000000
vn 0.000000 1.000000 0.000000
vn 0.000000 1.000000 0.000000
vn 0.000000 1.000000 0.000000
vn 0.000000 1.000000 0.000000
vn 0.000000 1.000000 0.000000
vn 0.000000 1.000000 0.000000
vn 0.000000 1.000000 0.000000
vn 0.000000 1.000000 0.000000
vn 0.000000 1.000000 0.000000
vn 0.000000 1.000000 0.000000
vn 0.000000 1.000000 0.000000
vn 0.000000 1.000000 0.000000
vn 0.000000 1.000000 0.000000
vn 0.000000 1.000000 0.000000
vn 0.000000 1.000000 0.000000
vn 0.000000 1.000000 0.000000
vn 0.000000 1.000000 0.000000
vn 0.000000 1.000000 0.000000
vn 0.000000 1.000000 0.000000
vn 0.000000 1.000000 0.000000
vn 0.000000 1.000000 0.000000
vn 0.000000 1.000000 0.000000
vn 0.000000 1.000000 0.000000
vn 0.000000 1.000000 0.000000
vn 0.000000 1.000000 0.000000
vn 0.000000 1.000000 0.000000
vn 0.000000 1.000000 0.000000
vn 0.000000 1.000000 0.000000
vn 0.000000 1.000000 0.000000
vn 0.000000 1.000000 0.000000
vn 0.000000 1.000000 0.000000
vn 0.000000 1.000000 0.000000
vn 0.000000 1.000000 0.000000
vn 0.000000 1.000000 0.000000
vn 0.000000 1.000000 0.000000
vn 0.000000 1.000000 0.000000
vn 0.000000 1.000000 0.000000
vn 0.000000 1.000000 0.000000
vn 0.000000 1.000000 0.000000
vn 0.000000 1.000000 0.000000
vn 0.000000 1.000000 0.000000
vn 0.000000 1.000000 0.000000
vn 0.000000 1.000000 0.000000
vn 0.000000 1.000000 0.000000
vn 0.000000 1.000000 0.000000
vn 0.000000 1.000000 0.000000
vn 0.000000 1.000000 0.000000
vn 0.000000 1.000000 0.000000
vn 0.000000 1.000000 0.000000
vn 0.000000 1.000000 0.000000
vn 0.000000 1.000000 0.000000
vn 0.000000 1.000000 0.000000
vn -0.930237 0.000947 -0.366958
vn -0.987761 0.001763 -0.155966
vn -0.987761 0.001763 -0.155966
vn -0.930237 0.000947 -0.366958
vn 0.000000 1.000000 0.000000
vn 0.000000 1.000000 -0.000000
vn 0.000000 1.000000 0.000000
vn 0.953229 0.000000 0.302250
vn 0.953229 0.000000 0.302250
vn 0.872879 0.000000 0.487937
vn 0.872879 0.000000 0.487937
vn -0.895364 0.004681 0.445310
vn -0.869673 0.238555 0.432159
vn 0.814457 -0.000000 -0.580224
vn 0.719809 0.000000 -0.694173
vn 0.719809 0.000000 -0.694172
vn 0.813898 0.000000 -0.581008
vn -0.791350 0.000000 0.611363
vn -0.791350 0.000000 0.611363
vn 0.611363 0.000000 -0.791350
vn 0.611363 0.000000 -0.791350
vn -0.798234 0.000000 0.602348
vn -0.798234 0.000000 0.602348
vn -0.577612 0.004475 0.816299
vn -0.560260 0.238145 0.793345
vn 0.831027 0.000634 -0.556232
vn 0.831027 0.000634 -0.556232
vn 0.000000 1.000000 -0.000000
vn 0.000000 1.000000 0.000000
vn 0.000000 1.000000 0.000000
vn 0.000000 1.000000 0.000000
vn -0.001358 0.001020 0.999999
vn -0.001358 0.001020 0.999999
vn -0.000001 1.000000 0.000000
vn -0.000001 1.000000 0.000000
vn 0.000000 1.000000 -0.000000
vn -0.000000 1.000000 -0.000000
vn 0.000002 1.000000 -0.000001
vn 0.000000 1.000000 -0.000000
vn -0.526803 0.000000 0.849987
vn -0.526803 0.000000 0.849987
vn 0.986152 0.000000 -0.165846
vn 0.986152 0.000000 -0.165846
vn -0.556566 0.000000 0.830803
vn -0.556566 0.000000 0.830803
vn 0.263379 0.000000 0.964692
vn 0.263379 0.000000 0.964692
vn 0.826271 0.000000 0.563273
vn 0.826271 0.000000 0.563273
vn 0.219795 0.000000 0.975546
vn 0.563273 0.000000 0.826271
vn 0.563273 0.000000 0.826271
vn 0.219795 0.000000 0.975546
vn 0.000000 1.000000 -0.000000
vn 0.000000 1.000000 0.000000
vn 0.000000 1.000000 0.000000
vn 0.439383 0.000000 0.898300
vn 0.439383 0.000000 0.898300
vn 0.813039 0.000000 0.582210
vn 0.813039 0.000000 0.582210
vn 0.582210 0.000000 0.813039
vn 0.582210 0.000000 0.813039
vn 0.000000 1.000000 -0.000000
vn 0.000000 1.000000 0.000000
vn 0.000000 1.000000 -0.000000
vn 0.000000 1.000000 0.000000
vn -0.486876 0.000000 -0.873471
vn -0.486876 0.000000 -0.873471
vn -0.642804 0.000000 -0.766031
vn -0.642804 0.000000 -0.766031
vn -0.236849 0.000000 -0.971547
vn -0.236849 0.000000 -0.971547
vn 0.000000 1.000000 -0.000000
vn 0.984856 0.000000 0.173377
vn 0.984856 0.000000 0.173377
vn 0.173390 0.000000 0.984853
vn 0.173390 0.000000 0.984853
vn 0.367483 0.000000 -0.930030
vn 0.357229 0.234578 -0.904080
vn -0.426877 0.000000 0.904310
vn -0.426877 0.000000 0.904310
vn 0.000000 1.000000 -0.000000
vn 0.758947 0.000000 -0.651153
vn 0.737770 0.234579 -0.632984
vn -0.566182 0.000000 -0.824281
vn -0.979270 0.000000 -0.202561
vn -0.979270 0.000000 -0.202561
vn -0.566182 0.000000 -0.824281
vn 0.000000 1.000000 0.000000
vn 0.000000 1.000000 -0.000000
vn -0.856459 0.000000 0.516216
vn -0.856459 0.000000 0.516216
vn 0.919190 0.000000 -0.393815
vn 0.919190 0.000000 -0.393815
vn -0.739990 0.000000 -0.672618
vn -0.739990 0.000000 -0.672618
vn -0.854888 0.000000 -0.518813
vn -0.854888 0.000000 -0.518813
vn -0.961410 0.000000 -0.275120
vn -0.961410 0.000000 -0.275120
vn -0.546989 0.000000 -0.837140
vn -0.546989 0.000000 -0.837140
vn 0.996148 0.000000 -0.087693
vn 0.996148 0.000000 -0.087693
vn -0.943847 0.000000 0.330383
vn -0.917512 0.234576 0.321164
vn 0.000000 1.000000 -0.000000
vn 0.000000 1.000000 -0.000000
vn 0.000000 1.000000 0.000000
vn 0.000000 1.000000 0.000000
vn 0.000000 1.000000 0.000000
vn -0.584498 0.000000 -0.811395
vn -0.842012 0.000000 -0.539459
vn -0.842012 0.000000 -0.539459
vn -0.584498 0.000000 -0.811395
vn 0.488487 0.000000 -0.872571
vn 0.151582 0.000000 -0.988445
vn 0.151582 0.000000 -0.988445
vn 0.488487 0.000000 -0.872571
vn 0.990897 0.000000 0.134619
vn 0.990897 0.000000 0.134619
vn 0.000000 1.000000 -0.000000
vn 0.000000 1.000000 0.000000
vn 0.000000 1.000000 0.000000
vn 0.000000 1.000000 0.000000
vn -0.680686 0.000000 0.732575
vn -0.661694 0.234575 0.712135
vn 0.000000 1.000000 -0.000000
vn 0.000000 1.000000 0.000000
vn 0.195080 0.000000 -0.980787
vn 0.195080 0.000000 -0.980787
vn -0.848422 0.000000 0.529320
vn -0.848422 0.000000 0.529320
vn -0.854249 0.000000 -0.519864
vn -0.854249 0.000000 -0.519864
vn 0.819669 0.000000 -0.572838
vn 0.819669 0.000000 -0.572838
vn 0.000000 1.000000 0.000000
vn 0.000000 1.000000 0.000000
vn 0.000000 1.000000 0.000000
vn 0.000000 1.000000 0.000000
vn -0.132879 0.000000 0.991132
vn -0.132879 0.000000 0.991132
vn 0.000000 1.000000 0.000000
vn 0.000000 1.000000 0.000000
vn 0.000000 1.000000 0.000000
vn 0.000000 1.000000 -0.000000
vn 0.000000 1.000000 -0.000001
vn 0.089726 0.000000 0.995967
vn 0.089726 0.000000 0.995967
vn 0.000000 1.000000 0.000000
vn 0.000000 1.000000 0.000000
vn 0.000000 1.000000 0.000000
vn 0.000000 1.000000 0.000000
vn -0.974027 0.000000 0.226433
vn -0.974027 0.000000 0.226433
vn -0.340176 0.000000 -0.940362
vn -0.539689 0.000000 -0.841865
vn -0.539689 0.000000 -0.841865
vn -0.340176 0.000000 -0.940362
vn 0.000000 1.000000 0.000000
vn 0.000000 1.000000 0.000000
vn 0.000000 1.000000 -0.000000
vn 0.000000 1.000000 -0.000000
vn 0.000000 1.000000 -0.000000
vn 0.000000 1.000000 -0.000000
vn -0.546258 0.000000 0.837617
vn -0.546258 0.000000 0.837617
vn 0.000000 1.000000 0.000000
vn 0.000000 1.000000 0.000000
vn 0.268523 0.000000 -0.963273
vn 0.261031 0.234578 -0.936395
vn -0.425179 0.000000 0.905110
vn -0.425179 0.000000 0.905110
vn -0.915193 0.000000 0.403017
vn -0.915193 0.000000 0.403017
vn 0.000000 1.000000 -0.000000
vn 0.000000 1.000000 -0.000000
vn 0.034420 -0.000034 -0.999408
vn -0.260727 -0.000165 -0.965413
vn -0.260727 -0.000165 -0.965413
vn 0.034376 -0.000034 -0.999409
vn -0.979478 -0.004297 -0.201507
vn -0.979476 -0.004297 -0.201515
vn -0.849004 -0.000493 -0.528386
vn -0.849004 -0.000493 -0.528386
vn 0.686925 0.000000 -0.726728
vn 0.667758 0.234578 -0.706450
vn -0.827633 0.000000 -0.561270
vn -0.931275 0.000000 -0.364317
vn -0.931275 0.000000 -0.364317
vn -0.827633 0.000000 -0.561270
vn 0.000000 1.000000 0.000000
vn 0.000000 1.000000 -0.000000
vn 0.000000 1.000000 0.000000
vn 0.000000 1.000000 0.000000
vn 0.000000 1.000000 0.000000
vn 0.845673 0.000000 -0.533701
vn 0.845673 0.000000 -0.533701
vn -0.970137 0.000000 0.242557
vn -0.943068 0.234577 0.235789
vn 0.187237 -0.000034 -0.982315
vn 0.187194 -0.000034 -0.982323
vn -0.987545 -0.004742 -0.157265
vn -0.987532 -0.004742 -0.157344
vn 0.373462 0.000000 -0.927646
vn 0.501841 0.000000 -0.864960
vn 0.501841 0.000000 -0.864960
vn 0.373462 0.000000 -0.927646
vn 0.980438 0.000000 -0.196830
vn 0.980438 0.000000 -0.196830
vn 0.758952 -0.000355 -0.651146
vn 0.758916 -0.000355 -0.651188
vn 0.000000 1.000000 0.000000
vn 0.000000 1.000000 0.000000
vn 0.000000 1.000000 0.000000
vn 0.000000 1.000000 0.000000
vn 0.000000 1.000000 0.000000
vn -0.744917 0.000000 0.667157
vn -0.724132 0.234576 0.648542
vn 0.000000 1.000000 0.000000
vn 0.000000 1.000000 0.000000
vn 0.999794 -0.004297 0.019828
vn 0.999794 -0.004297 0.019836
vn 0.000000 1.000000 0.000000
vn 0.000000 1.000000 0.000001
vn 0.000000 1.000000 -0.000000
vn 0.000000 1.000000 -0.000000
vn 0.874133 0.000000 -0.485687
vn 0.874133 0.000000 -0.485687
vn 0.997979 0.000000 0.063549
vn 0.997979 0.000000 0.063549
vn 0.237459 0.000000 -0.971398
vn 0.237459 0.000000 -0.971398
vn 0.966158 0.000000 0.257951
vn 0.966158 0.000000 0.257951
vn -0.198057 0.000000 0.980191
vn -0.198057 0.000000 0.980191
vn 0.000000 1.000000 0.000000
vn 0.000000 1.000000 0.000000
vn 0.000000 1.000000 0.000000
vn 0.000000 1.000000 -0.000000
vn 0.000000 1.000000 -0.000000
vn 0.000000 1.000000 0.000000
vn -0.223089 0.000000 0.974798
vn -0.223089 0.000000 0.974798
vn 0.000000 1.000000 0.000000
vn 0.000000 1.000000 0.000000
vn 0.000000 1.000000 -0.000000
vn 0.000000 1.000000 -0.000000
vn 0.000000 1.000000 -0.000000
vn -0.963284 0.000000 0.268485
vn -0.959043 0.000000 0.283260
vn -0.959043 0.000000 0.283260
vn -0.963284 0.000000 0.268485
vn -0.801787 -0.006229 0.597578
vn -0.803623 -0.006247 0.595106
vn 0.029738 0.000000 0.999558
vn 0.029738 0.000000 0.999558
vn 0.000000 1.000000 0.000000
vn 0.532766 0.000000 -0.846263
vn 0.532766 0.000000 -0.846263
vn 0.000000 1.000000 -0.000000
vn 0.000000 1.000000 -0.000000
vn 0.986726 0.000000 -0.162395
vn 0.986726 0.000000 -0.162395
vn -0.166131 -0.000478 0.986104
vn -0.167155 -0.000487 0.985930
vn -0.758951 -0.000354 -0.651147
vn -0.758915 -0.000354 -0.651189
vn -0.999794 -0.004297 0.019836
vn -0.999794 -0.004297 0.019828
vn 0.231899 0.000000 0.972740
vn 0.231899 0.000000 0.972740
vn -0.187236 -0.000033 -0.982315
vn -0.187194 -0.000033 -0.982323
vn 0.915193 0.000000 -0.403015
vn 0.915193 0.000000 -0.403015
vn -0.055802 -0.000477 0.998442
vn -0.054763 -0.000486 0.998499
vn 0.252360 0.000000 -0.967633
vn 0.252360 0.000000 -0.967633
vn 0.997894 -0.004741 0.064688
vn 0.997889 -0.004742 0.064768
vn 0.000000 1.000000 0.000000
vn 0.000000 1.000000 0.000000
vn 0.000000 1.000000 0.000000
vn 0.260731 -0.000163 -0.965412
vn 0.260731 -0.000163 -0.965412
vn -0.034421 -0.000033 -0.999407
vn -0.034377 -0.000033 -0.999409
vn 0.979476 -0.004297 -0.201515
vn 0.979478 -0.004297 -0.201507
vn 0.849004 -0.000492 -0.528386
vn 0.849004 -0.000492 -0.528386
vn -0.999106 0.000002 0.042273
vn -0.984756 0.000001 0.173945
vn -0.984839 0.000000 0.173469
vn -0.999106 0.000000 0.042271
vn -0.798871 0.000000 0.601502
vn -0.798871 0.000000 0.601502
vn 0.649979 -0.006225 0.759926
vn 0.652316 -0.006243 0.757922
vn 0.000000 1.000000 -0.000000
vn -0.148447 0.000000 0.988920
vn 0.225788 0.000000 0.974176
vn 0.225788 0.000000 0.974176
vn -0.148447 0.000000 0.988920
vn -0.506311 0.000000 0.862351
vn -0.373463 0.000000 0.927645
vn -0.373463 0.000000 0.927645
vn -0.506311 0.000000 0.862351
vn -0.681424 0.000000 -0.731889
vn -0.681424 0.000000 -0.731889
vn -0.806085 0.000000 -0.591800
vn -0.806085 0.000000 -0.591800
vn -0.460422 0.000000 -0.887700
vn -0.460422 0.000000 -0.887700
vn 0.000000 1.000000 -0.000000
vn 0.000000 1.000000 0.000000
vn -0.919190 0.000000 0.393815
vn -0.919190 0.000000 0.393815
vn 0.000000 1.000000 0.000000
vn 0.136526 0.000000 -0.990636
vn 0.132717 0.234578 -0.962995
vn 0.842291 0.000000 -0.539022
vn 0.842291 0.000000 -0.539022
vn 0.987533 -0.004741 -0.157344
vn 0.987545 -0.004742 -0.157265
vn 0.980916 0.000000 0.194434
vn 0.980916 0.000000 0.194434
vn 0.000000 1.000000 0.000000
vn 0.000000 1.000000 0.000000
vn -0.997889 -0.004742 0.064768
vn -0.997894 -0.004742 0.064688
vn 0.582941 0.000000 -0.812514
vn 0.566675 0.234578 -0.789843
vn 0.000000 1.000000 0.000000
vn 0.248233 0.000000 0.968701
vn 0.248233 0.000000 0.968701
vn 0.000000 1.000000 0.000000
vn -0.571916 0.000000 -0.820312
vn -0.571916 0.000000 -0.820312
vn -0.708281 0.000000 -0.705931
vn -0.708281 0.000000 -0.705931
vn -0.876177 0.000000 -0.481990
vn -0.876177 0.000000 -0.481990
vn -0.232428 0.000000 0.972614
vn -0.232428 0.000000 0.972614
vn -0.993679 0.000000 0.112262
vn -0.965952 0.234579 0.109130
vn 0.000000 1.000000 0.000000
vn 0.000000 1.000000 0.000000
vn -0.649980 -0.006228 0.759926
vn -0.652315 -0.006246 0.757922
vn 0.947193 0.000000 -0.320665
vn 0.947193 0.000000 -0.320665
vn -0.826523 0.000000 0.562903
vn -0.803460 0.234579 0.547197
vn 0.000000 1.000000 -0.000000
vn 0.000000 1.000000 -0.000000
vn 0.000000 1.000000 0.000000
vn 0.000000 1.000000 0.000000
vn 0.055800 -0.000478 0.998442
vn 0.054762 -0.000487 0.998499
vn 0.000000 1.000000 -0.000000
vn 0.000000 1.000000 -0.000000
vn 0.000000 1.000000 0.000000
vn 0.000000 1.000000 -0.000000
vn 0.000000 1.000000 0.000000
vn 0.994634 0.000000 -0.103456
vn 0.994634 0.000000 -0.103456
vn 0.975972 0.000000 -0.217895
vn 0.964660 0.000000 -0.263498
vn 0.964660 0.000000 -0.263498
vn 0.975972 0.000000 -0.217895
vn -0.339282 0.000000 0.940685
vn -0.339282 0.000000 0.940685
vn 0.166131 -0.000479 0.986104
vn 0.167155 -0.000488 0.985930
vn 0.000000 1.000000 0.000000
vn 0.000000 1.000000 0.000000
vn 0.000000 1.000000 0.000000
vn 0.000000 1.000000 0.000000
vn 0.801788 -0.006230 0.597575
vn 0.803624 -0.006247 0.595105
vn -0.185968 0.000000 -0.982556
vn -0.814596 0.000000 -0.580029
vn -0.814596 0.000000 -0.580029
vn -0.185968 0.000000 -0.982556
vn -0.991868 0.000000 0.127272
vn -0.991868 0.000000 0.127272
vn 0.976162 0.000000 0.217042
vn 0.976162 0.000000 0.217042
vn 0.000000 1.000000 0.000000
vn 0.042275 0.000000 0.999106
vn 0.042275 0.000000 0.999106
vn -0.123391 0.000000 0.992358
vn -0.123391 0.000000 0.992358
vn -0.211486 0.000000 -0.977381
vn -0.211486 0.000000 -0.977381
vn -0.341761 0.000000 -0.939787
vn -0.341761 0.000000 -0.939787
vn 0.000000 1.000000 -0.000000
vn -0.186487 0.000000 0.982457
vn -0.186487 0.000000 0.982457
vn 0.029622 0.000000 -0.999561
vn 0.029622 0.000000 -0.999561
vn 0.996917 0.000000 0.078464
vn 0.996917 0.000000 0.078464
vn 0.000000 1.000000 0.000000
vn 0.349914 0.000000 -0.936782
vn 0.349914 0.000000 -0.936782
vn -0.163220 0.000000 -0.986590
vn -0.163220 0.000000 -0.986590
vn 0.000000 1.000000 0.000000
vn 0.000000 1.000000 0.000000
vn 0.000000 1.000000 -0.000000
vn 0.000000 1.000000 -0.000000
vn 0.000000 1.000000 0.000000
vn 0.000000 1.000000 0.000000
vn 0.000000 1.000000 0.000000
vn 0.000000 1.000000 0.000000
vn 0.855204 0.000000 0.518291
vn 0.855204 0.000000 0.518291
vn -0.989795 0.000000 0.142502
vn -0.989795 0.000000 0.142502
vn 0.000000 1.000000 0.000000
vn 0.000000 1.000000 -0.000000
vn 0.000000 1.000000 -0.000000
vn -0.570981 0.000000 -0.820964
vn -0.738221 0.000000 -0.674559
vn -0.738221 0.000000 -0.674559
vn -0.570981 0.000000 -0.820964
vn 0.826527 0.000000 -0.562898
vn 0.803465 0.234577 -0.547191
vn 0.015287 0.000000 -0.999883
vn 0.014860 0.234576 -0.971984
vn 0.480015 0.000000 -0.877260
vn 0.466622 0.234576 -0.852783
vn 0.000000 1.000000 -0.000000
vn 0.000000 1.000000 0.000000
vn 0.000000 1.000000 -0.000000
vn 0.169420 -0.000002 0.985544
vn 0.169420 -0.000005 0.985544
vn 0.123916 -0.000000 0.992293
vn 0.169420 -0.000001 0.985544
vn 0.545441 0.000000 0.838149
vn 0.545441 0.000000 0.838149
vn -0.658731 0.000000 -0.752378
vn -0.808775 0.000000 -0.588119
vn -0.808775 0.000000 -0.588119
vn -0.658731 0.000000 -0.752378
vn 0.993678 0.000000 -0.112265
vn 0.965952 0.234578 -0.109132
vn 0.000000 1.000000 0.000000
vn 0.000000 1.000000 0.000000
vn 0.000000 1.000000 0.000000
vn 0.000000 1.000000 0.000000
vn 0.000000 1.000000 0.000000
vn 0.000000 1.000000 -0.000000
vn 0.998968 0.000001 0.045426
vn 0.999027 0.000000 -0.044103
vn 0.999027 0.000001 -0.044105
vn 0.999027 0.000003 -0.044104
vn -0.999958 0.000000 -0.009166
vn -0.972057 0.234577 -0.008910
vn 0.000000 1.000000 0.000000
vn 0.000000 1.000000 0.000000
vn 0.000000 1.000000 -0.000000
vn 0.000000 1.000000 -0.000000
vn 0.000000 1.000000 0.000000
vn -1.000000 0.000000 0.000000
vn -1.000000 0.000000 0.000000
vn -0.281001 0.000000 0.959708
vn -0.283480 -0.000000 0.958978
vn 0.898394 0.000000 -0.439191
vn 0.898394 0.000000 -0.439191
vn 0.353774 0.000000 0.935331
vn 0.353774 0.000000 0.935331
vn 0.455150 0.000000 0.890415
vn 0.455150 0.000000 0.890415
vn 0.000000 1.000000 0.000000
vn 0.000000 1.000000 0.000000
vn 0.876178 0.000000 0.481987
vn 0.876178 0.000000 0.481987
vn 0.000000 1.000000 0.000000
vn 0.000000 1.000000 0.000000
vn -0.888733 0.000000 0.458426
vn -0.863935 0.234577 0.445634
vn 0.000000 1.000000 0.000000
vn 0.000000 1.000000 0.000000
vn 0.674303 0.000000 0.738455
vn 0.674303 0.000000 0.738455
vn -0.354269 -0.000001 -0.935144
vn -0.162394 -0.000004 -0.986726
vn -0.162393 -0.000002 -0.986726
vn -0.162394 -0.000005 -0.986726
vn 0.000000 1.000000 0.000000
vn 0.000000 1.000000 0.000000
vn 0.000000 1.000000 0.000000
vn -0.989794 0.000000 -0.142503
vn -0.989794 0.000000 -0.142503
vn 0.983624 0.000000 -0.180232
vn 0.983624 0.000000 -0.180232
vn 0.000000 1.000000 0.000000
vn 0.000000 1.000000 0.000000
vn -0.461025 0.000000 0.887387
vn -0.461025 0.000000 0.887387
vn 0.000000 1.000000 -0.000000
vn 0.000000 1.000000 -0.000000
vn 0.000000 1.000000 0.000000
vn 0.000000 1.000000 0.000000
vn 0.999991 0.000000 0.004332
vn 0.999991 0.000000 0.004332
vn 0.000000 1.000000 -0.000000
vn 0.000000 1.000000 0.000000
vn 0.000000 1.000000 0.000000
vn 0.000000 1.000000 0.000000
vn 0.000000 1.000000 0.000000
vn 0.000000 1.000000 0.000000
vn -0.213386 0.000000 0.976968
vn -0.213386 0.000000 0.976968
vn 0.000000 1.000000 -0.000000
vn 0.000000 1.000000 0.000000
vn 0.000000 1.000000 0.000000
vn 0.280148 0.000000 0.959957
vn 0.280148 0.000000 0.959957
vn -0.020108 0.000000 0.999798
vn -0.020108 0.000000 0.999798
vn 0.573795 0.000000 -0.818999
vn 0.573795 0.000000 -0.818999
vn -0.593776 -0.000000 -0.804631
vn -0.593769 0.000000 -0.804635
vn -0.393813 0.000000 -0.919190
vn -0.393813 -0.000001 -0.919190
vn 0.981018 0.000000 -0.193914
vn 0.981018 0.000000 -0.193914
vn -0.119555 0.000000 -0.992828
vn -0.119555 0.000000 -0.992828
vn -0.225173 0.000000 -0.974319
vn -0.225173 0.000000 -0.974319
vn 0.949171 0.000000 0.314761
vn 0.949171 0.000000 0.314761
vn 0.150720 0.000000 -0.988577
vn 0.150720 0.000000 -0.988577
vn -0.991868 0.000000 -0.127272
vn -0.814592 0.000000 0.580034
vn -0.814592 0.000000 0.580034
vn -0.991868 0.000000 -0.127272
vn 0.380422 -0.000001 0.924813
vn 0.380422 -0.000002 0.924813
vn 0.345512 -0.000001 0.938414
vn 0.380423 -0.000001 0.924812
vn 0.000000 1.000000 0.000000
vn 0.000000 1.000000 0.000000
vn -0.185968 0.000000 0.982556
vn -0.185968 0.000000 0.982556
vn 0.000000 1.000000 -0.000000
vn 0.000000 1.000000 -0.000000
vn 0.000000 1.000000 -0.000000
vn 0.000000 1.000000 -0.000000
vn -0.666768 0.000000 -0.745265
vn -0.837902 0.000000 -0.545821
vn -0.837902 0.000000 -0.545821
vn -0.666768 0.000000 -0.745265
vn 0.964764 -0.000001 0.263115
vn 0.979323 0.000000 0.202304
vn 0.979322 -0.000001 0.202306
vn 0.979323 -0.000003 0.202304
vn -0.114192 0.000000 -0.993459
vn -0.111006 0.234578 -0.965739
vn -0.927960 0.000000 -0.372681
vn -0.927960 0.000000 -0.372681
vn 0.000000 1.000000 0.000000
vn 0.000000 1.000000 0.000000
vn 0.000000 1.000000 0.000000
vn 0.000000 1.000000 0.000000
vn 0.000000 1.000000 -0.000000
vn 0.000000 1.000000 -0.000000
vn 0.461025 0.000000 -0.887387
vn 0.461025 0.000000 -0.887387
vn 0.000000 1.000000 0.000000
vn 0.000000 1.000000 0.000000
vn 0.362501 0.000000 -0.931983
vn 0.352387 0.234578 -0.905978
vn 0.888732 0.000000 -0.458427
vn 0.863934 0.234578 -0.445635
vn 0.000000 1.000000 -0.000000
vn 0.000000 1.000000 -0.000000
vn 0.314761 0.000000 -0.949171
vn 0.198056 0.000000 -0.980191
vn 0.198056 0.000000 -0.980191
vn 0.314761 0.000000 -0.949171
vn -0.516318 0.000000 -0.856397
vn -0.725180 0.000000 -0.688559
vn -0.725180 0.000000 -0.688559
vn -0.516318 0.000000 -0.856397
vn -0.989639 0.000000 -0.143577
vn -0.962026 0.234576 -0.139571
vn -0.345030 0.000000 -0.938592
vn -0.345030 0.000000 -0.938592
vn 0.989044 0.000000 -0.147623
vn 0.989044 0.000000 -0.147623
vn 0.836231 0.000000 -0.548378
vn 0.836231 0.000000 -0.548378
vn -0.942315 0.000000 0.334727
vn -0.916022 0.234576 0.325387
vn 0.000000 1.000000 0.000000
vn 0.000000 1.000000 0.000000
vn 0.000000 1.000000 0.000000
vn 0.000000 1.000000 0.000000
vn -0.575554 0.000000 -0.817764
vn -0.842289 0.000000 -0.539026
vn -0.842289 0.000000 -0.539026
vn -0.575554 0.000000 -0.817764
vn 0.000000 1.000000 -0.000000
vn 0.000000 1.000000 -0.000000
vn -0.980916 0.000000 0.194434
vn -0.980916 0.000000 0.194434
vn 0.999958 0.000000 0.009164
vn 0.972057 0.234577 0.008908
vn -0.163220 0.000000 0.986590
vn -0.163220 0.000000 0.986590
vn 0.000000 1.000000 0.000000
vn 0.000000 1.000000 0.000000
vn 0.000000 1.000000 0.000000
vn 0.000000 1.000000 0.000000
vn 0.237640 0.000000 0.971353
vn 0.237640 0.000000 0.971353
vn 0.350874 0.000000 0.936423
vn 0.350874 0.000000 0.936423
vn 0.936782 0.000000 -0.349915
vn 0.936782 0.000000 -0.349915
vn -0.798299 0.000000 -0.602261
vn -0.958773 0.000000 -0.284172
vn -0.958773 0.000000 -0.284172
vn -0.798299 0.000000 -0.602261
vn 0.882758 -0.000000 0.469829
vn 0.903042 0.000003 0.429552
vn 0.903042 0.000002 0.429551
vn 0.903042 0.000005 0.429552
vn 0.226716 0.000000 -0.973961
vn -0.147484 0.000000 -0.989065
vn -0.147484 0.000000 -0.989065
vn 0.226716 0.000000 -0.973961
vn 0.000000 1.000000 0.000000
vn 0.000000 1.000000 0.000000
vn 0.501740 0.000000 0.865019
vn 0.501740 0.000000 0.865019
vn 0.000000 1.000000 0.000000
vn 0.000000 1.000000 0.000000
vn -0.571574 0.000000 0.820550
vn -0.571574 0.000000 0.820550
vn 0.579693 0.000000 0.814835
vn 0.579693 0.000000 0.814835
vn 0.811203 0.000000 0.584765
vn 0.811203 0.000000 0.584765
vn 0.774831 0.000000 0.632169
vn 0.774831 0.000000 0.632169
vn 0.743115 0.000000 0.669164
vn 0.774830 0.000001 0.632169
vn -0.237459 0.000000 -0.971398
vn -0.223199 0.000000 -0.974773
vn -0.223199 0.000000 -0.974773
vn -0.237459 0.000000 -0.971398
vn 0.846263 0.000000 0.532765
vn 0.846263 0.000000 0.532765
vn 0.000000 1.000000 0.000000
vn 0.000000 1.000000 0.000000
vn -0.986726 0.000000 0.162395
vn -0.986726 0.000000 0.162395
vn 0.000000 1.000000 0.000000
vn 0.000000 1.000000 0.000000
vn 0.000000 1.000000 -0.000000
vn 0.000000 1.000000 0.000000
vn 0.000000 1.000000 -0.000000
vn 0.000000 1.000000 -0.000000
vn 0.000000 1.000000 0.000000
vn 0.000000 1.000000 -0.000000
vn -0.376095 0.000000 0.926581
vn -0.376095 0.000000 0.926581
vn 0.000000 1.000000 -0.000000
vn 0.000000 1.000000 -0.000000
vn 0.000000 1.000000 -0.000000
vn 0.000000 1.000000 -0.000000
vn 0.000000 1.000000 0.000000
vn 0.000000 1.000000 -0.000000
vn 0.000000 1.000000 -0.000000
vn -0.992585 0.000000 -0.121551
vn -0.992585 0.000000 -0.121551
vn -0.999841 0.000000 -0.017808
vn -0.999841 0.000000 -0.017808
vn -0.373462 0.000000 -0.927646
vn -0.373462 0.000000 -0.927646
vn 1.000000 0.000000 0.000001
vn 1.000000 0.000000 0.000001
vn 0.000000 1.000000 0.000000
vn 0.000000 1.000000 -0.000000
vn -0.501842 0.000000 -0.864959
vn -0.501842 0.000000 -0.864959
vn 0.249155 0.000000 -0.968464
vn 0.249155 0.000000 -0.968464
vn -0.963028 0.000000 -0.269401
vn -0.914809 0.000000 -0.403888
vn -0.914809 0.000000 -0.403888
vn -0.963028 0.000000 -0.269401
vn 0.694173 0.000000 0.719808
vn 0.694173 0.000000 0.719808
vn -0.967267 0.000000 0.253762
vn -0.967267 0.000000 0.253762
vn -0.238206 0.000000 -0.971215
vn -0.764218 0.000000 -0.644958
vn -0.764218 0.000000 -0.644958
vn -0.231559 0.234579 -0.944115
vn -0.887582 0.000000 -0.460651
vn -0.887582 0.000000 -0.460651
vn 0.000000 1.000000 -0.000000
vn 0.000000 1.000000 0.000000
vn -0.847918 0.000000 -0.530127
vn -0.847918 0.000000 -0.530127
vn -0.646641 0.000000 -0.762795
vn -0.969279 0.000000 -0.245966
vn -0.942233 0.234580 -0.239103
vn -0.646641 0.000000 -0.762795
vn -0.461968 0.000000 -0.886896
vn -0.461968 0.000000 -0.886896
vn -0.488487 0.000000 -0.872572
vn -0.488487 0.000000 -0.872572
vn 0.989044 0.000000 0.147623
vn 0.989044 0.000000 0.147623
vn 0.000000 1.000000 0.000000
vn 0.000000 1.000000 -0.000000
vn 0.242434 0.000000 -0.970168
vn 0.235669 0.234579 -0.943097
vn -0.834032 0.000000 0.551715
vn -0.834032 0.000000 0.551715
vn -0.855967 0.000000 -0.517030
vn -0.855967 0.000000 -0.517030
vn 0.027595 0.000000 -0.999619
vn 0.027595 0.000000 -0.999619
vn -0.092081 0.000000 -0.995752
vn -0.092081 0.000000 -0.995752
vn -0.972077 0.000000 0.234663
vn -0.944953 0.234580 0.228116
vn 0.000000 1.000000 -0.000000
vn 0.000000 1.000000 0.000000
vn 0.233860 0.000000 -0.972270
vn 0.233860 0.000000 -0.972270
vn 0.000000 1.000000 0.000000
vn 0.000000 1.000000 -0.000000
vn 0.842012 0.000000 -0.539459
vn 0.842012 0.000000 -0.539459
vn 0.000000 1.000000 -0.000000
vn 0.000000 1.000000 0.000000
vn -0.979460 0.000000 0.201638
vn -0.979460 0.000000 0.201638
vn 0.000000 1.000000 -0.000000
vn 0.000000 1.000000 -0.000000
vn 0.282313 0.000000 -0.959322
vn 0.282313 0.000000 -0.959322
vn 0.758039 0.000000 -0.652209
vn 0.758039 0.000000 -0.652209
vn -0.566966 0.000000 0.823741
vn -0.566966 0.000000 0.823741
vn -0.667792 0.000000 0.744348
vn -0.362503 0.000000 0.931983
vn -0.352388 0.234579 0.905977
vn 0.000000 1.000000 -0.000000
vn 0.000000 1.000000 -0.000000
vn -0.976162 0.000000 0.217043
vn -0.976162 0.000000 0.217043
vn -0.658257 0.000000 0.752794
vn -0.658257 0.000000 0.752794
vn 0.000000 1.000000 -0.000000
vn 0.000000 1.000000 -0.000000
vn 0.000000 1.000000 -0.000000
vn 0.000000 1.000000 -0.000000
vn -0.526806 0.000000 -0.849986
vn -0.791351 0.000000 -0.611363
vn -0.791351 0.000000 -0.611363
vn -0.526806 0.000000 -0.849986
vn -0.611363 0.000000 -0.791350
vn -0.986152 0.000000 -0.165845
vn -0.986152 0.000000 -0.165845
vn -0.611363 0.000000 -0.791350
vn 0.000000 1.000000 -0.000000
vn 0.000000 1.000000 0.000000
vn 0.000000 1.000000 0.000000
vn 0.000000 1.000000 0.000000
vn 0.000000 1.000000 -0.000000
vn 0.000000 1.000000 -0.000000
vn 0.000000 1.000000 0.000000
vn 0.000000 1.000000 0.000000
vn 0.563273 0.000000 -0.826271
vn 0.219798 0.000000 -0.975545
vn 0.219798 0.000000 -0.975545
vn 0.563273 0.000000 -0.826271
vn -0.826271 0.000000 0.563273
vn -0.826271 0.000000 0.563273
vn 0.000000 1.000000 0.000000
vn 0.000000 1.000000 0.000000
vn 0.000000 1.000000 0.000000
vn 0.000000 1.000000 0.000000
vn 0.576189 0.000000 -0.817317
vn 0.576189 0.000000 -0.817317
vn -0.599126 0.000000 -0.800655
vn -0.599126 0.000000 -0.800655
vn -0.800655 0.000000 -0.599126
vn -0.800655 0.000000 -0.599126
vn 0.910839 0.000000 -0.412761
vn 0.910839 0.000000 -0.412761
vn 0.000000 1.000000 -0.000000
vn 0.000000 1.000000 -0.000000
vn 0.000000 1.000000 0.000000
vn 0.000000 1.000000 0.000000
vn 0.974101 0.000000 0.226115
vn 0.974101 0.000000 0.226115
vn 0.990947 0.000000 0.134257
vn 0.990947 0.000000 0.134257
vn 0.000000 1.000000 0.000000
vn 0.000000 1.000000 0.000000
vn 0.114191 0.000000 0.993459
vn 0.111005 0.234579 0.965738
vn 0.000000 1.000000 -0.000000
vn 0.000000 1.000000 -0.000000
vn -0.440517 0.000000 0.897744
vn -0.440517 0.000000 0.897744
vn -0.707107 0.000000 -0.707107
vn -0.707107 0.000000 -0.707107
vn 0.000000 1.000000 0.000000
vn 0.000000 1.000000 0.000000
vn 0.000000 1.000000 0.000000
vn 0.000000 1.000000 -0.000000
vn 0.000000 1.000000 -0.000000
vn 0.000000 1.000000 0.000000
vn 0.000000 1.000000 0.000000
vn 0.968548 0.000000 -0.248825
vn 0.968548 0.000000 -0.248825
vn 0.000000 1.000000 0.000000
vn 0.871236 0.000000 0.490865
vn 0.871236 0.000000 0.490865
vn 0.942315 0.000000 -0.334728
vn 0.916021 0.234578 -0.325389
vn 0.000000 1.000000 0.000000
vn 0.000000 1.000000 0.000000
vn 0.000000 1.000000 -0.000000
vn 0.000000 1.000000 -0.000000
vn 0.000000 1.000000 -0.000000
vn 0.000000 1.000000 0.000000
vn -0.256572 0.000000 0.966525
vn -0.256572 0.000000 0.966525
vn 0.666765 0.000000 0.745268
vn 0.666765 0.000000 0.745268
vn 0.000000 1.000000 0.000000
vn 0.000000 1.000000 0.000000
vn 0.000000 1.000000 0.000000
vn 0.000000 1.000000 0.000000
vn 0.000000 1.000000 0.000000
vn 0.000000 1.000000 0.000000
vn 0.000000 1.000000 -0.000000
vn 0.000000 1.000000 0.000000
vn 0.000000 1.000000 -0.000000
vn 0.000000 1.000000 -0.000000
vn 0.000000 1.000000 -0.000000
vn 0.000000 1.000000 -0.000000
vn 0.000000 1.000000 0.000000
vn 0.000000 1.000000 -0.000000
vn 0.000000 1.000000 -0.000000
vn 0.000000 1.000000 -0.000000
vn 0.000000 1.000000 -0.000000
vn 0.000000 1.000000 0.000000
vn 0.000000 1.000000 -0.000000
vn 0.000000 1.000000 0.000000
vn 0.000000 1.000000 0.000000
vn 0.104831 0.000000 0.994490
vn 0.104831 0.000000 0.994490
vn 0.208952 0.000000 0.977926
vn 0.208952 0.000000 0.977926
vn 0.989639 0.000000 0.143578
vn 0.962025 0.234579 0.139571
vn 0.000000 1.000000 -0.000000
vn 0.000000 1.000000 -0.000000
vn 0.000000 1.000000 0.000000
vn 0.000000 1.000000 -0.000000
vn 0.216050 0.000000 0.976382
vn 0.216050 0.000000 0.976382
vn 0.843903 0.000000 0.536496
vn 0.981019 0.000000 0.193913
vn 0.981019 0.000000 0.193913
vn 0.843903 0.000000 0.536496
vn 0.464834 0.000000 0.885398
vn 0.464834 0.000000 0.885398
vn 0.000000 1.000000 0.000000
vn 0.000000 1.000000 0.000000
vn 0.000000 1.000000 0.000000
vn 0.725181 0.000000 0.688558
vn 0.725181 0.000000 0.688558
vn -0.363074 0.000000 -0.931760
vn -0.834368 0.000000 -0.551208
vn -0.834368 0.000000 -0.551208
vn -0.352944 0.234578 -0.905761
vn -0.813039 0.000000 0.582210
vn -0.813039 0.000000 0.582210
vn 0.582210 0.000000 -0.813038
vn 0.582210 0.000000 -0.813038
vn -0.945494 0.000000 -0.325641
vn -0.945494 0.000000 -0.325641
vn -0.546443 0.000000 -0.837496
vn -0.929677 0.000000 -0.368375
vn -0.903737 0.234577 -0.358097
vn -0.546443 0.000000 -0.837496
vn -0.297952 0.000000 -0.954581
vn -0.297952 0.000000 -0.954581
vn 0.113582 0.000000 -0.993529
vn 0.110413 0.234579 -0.965806
vn -0.992228 0.000000 -0.124437
vn -0.992228 0.000000 -0.124437
vn -0.999991 0.000000 0.004228
vn -0.999991 0.000000 0.004228
vn -0.995067 0.000000 0.099204
vn -0.995067 0.000000 0.099204
vn -0.994160 0.000000 0.107916
vn -0.966421 0.234577 0.104905
vn -0.118796 0.000000 -0.992919
vn -0.118796 0.000000 -0.992919
vn 0.000000 1.000000 0.000000
vn 0.000000 1.000000 -0.000000
vn 0.000000 1.000000 0.000000
vn 0.000000 1.000000 0.000000
vn 0.000000 1.000000 0.000000
vn 0.117144 0.000000 -0.993115
vn 0.117144 0.000000 -0.993115
vn 0.012229 0.000000 -0.999925
vn 0.012229 0.000000 -0.999925
vn 0.668086 0.000000 -0.744084
vn 0.668086 0.000000 -0.744084
vn -0.927679 0.000000 0.373378
vn -0.927679 0.000000 0.373378
vn -0.743779 0.000000 0.668425
vn -0.743779 0.000000 0.668425
vn 0.000000 1.000000 0.000000
vn 0.000000 1.000000 0.000000
vn 0.000000 1.000000 0.000000
vn 0.000000 1.000000 -0.000000
vn 0.380786 0.000000 -0.924663
vn 0.380786 0.000000 -0.924663
vn 0.000000 1.000000 0.000000
vn 0.000000 1.000000 0.000000
vn -0.545448 0.000000 0.838145
vn -0.545448 0.000000 0.838145
vn 0.000000 1.000000 -0.000000
vn 0.000000 1.000000 -0.000000
vn 0.000000 1.000000 -0.000000
vn 0.816112 0.000000 -0.577894
vn 0.816112 0.000000 -0.577894
vn -0.758036 0.000000 0.652213
vn -0.758036 0.000000 0.652213
vn 0.186487 0.000000 0.982457
vn 0.186487 0.000000 0.982457
vn 0.854249 0.000000 -0.519864
vn 0.854249 0.000000 -0.519864
vn 0.000000 1.000000 -0.000000
vn 0.000000 1.000000 0.000000
vn -0.577810 0.000000 0.816171
vn -0.577810 0.000000 0.816171
vn 0.000000 1.000000 -0.000000
vn 0.000000 1.000000 0.000000
vn 0.658257 0.000000 -0.752794
vn 0.658257 0.000000 -0.752794
vn 0.000000 1.000000 -0.000002
vn 0.855701 0.000000 -0.517470
vn 0.855701 0.000000 -0.517470
vn 0.000000 1.000000 0.000000
vn 0.000000 1.000000 -0.000000
vn 0.975765 0.000000 0.218824
vn 0.975765 0.000000 0.218824
vn -0.242434 0.000000 0.970168
vn -0.235670 0.234578 0.943098
vn 0.000000 1.000000 -0.000000
vn 0.000000 1.000000 -0.000000
vn 0.000000 1.000000 -0.000000
vn 0.000000 1.000000 -0.000000
vn 0.000000 1.000000 0.000000
vn 0.000000 1.000000 0.000000
vn 0.972076 0.000000 -0.234666
vn 0.944953 0.234578 -0.228118
vn -0.467147 0.000000 -0.884180
vn -0.899015 0.000000 -0.437918
vn -0.899015 0.000000 -0.437918
vn -0.454112 0.234578 -0.859509
vn 0.000000 1.000000 0.000000
vn 0.992806 0.000000 0.119732
vn 0.992806 0.000000 0.119732
vn 0.999963 0.000000 0.008588
vn 0.999963 0.000000 0.008588
vn -0.447719 0.000000 -0.894174
vn -0.883332 0.000000 -0.468748
vn -0.858684 0.234580 -0.455669
vn -0.447719 0.000000 -0.894174
vn 0.000000 1.000000 0.000000
vn 0.000000 1.000000 0.000000
vn 0.000000 1.000000 0.000000
vn 0.000000 1.000000 0.000000
vn -0.973382 0.000000 -0.229187
vn -0.973382 0.000000 -0.229187
vn -0.000671 0.000000 -1.000000
vn -0.000653 0.234578 -0.972097
vn -0.238904 0.000000 -0.971043
vn -0.238904 0.000000 -0.971043
vn 0.000000 1.000000 0.000000
vn 0.000000 1.000000 0.000000
vn -0.999997 0.000000 -0.002476
vn -0.972094 0.234578 -0.002407
vn 0.000584 0.000000 1.000000
vn 0.000584 0.000000 1.000000
vn 0.118402 0.000000 0.992966
vn 0.118402 0.000000 0.992966
vn 0.232429 0.000000 0.972613
vn 0.232429 0.000000 0.972613
vn 0.238204 0.000000 0.971215
vn 0.231558 0.234579 0.944115
vn 0.926045 0.000000 0.377414
vn 0.926045 0.000000 0.377414
vn 0.000000 1.000000 0.000000
vn 0.000000 1.000000 0.000000
vn 0.000000 1.000000 0.000000
vn 0.000000 1.000000 -0.000000
vn 0.969279 0.000000 0.245965
vn 0.942233 0.234577 0.239102
vn 0.369991 0.000000 0.929035
vn 0.369991 0.000000 0.929035
vn 0.755187 0.000000 0.655510
vn 0.755187 0.000000 0.655510
vn 0.000000 1.000000 0.000000
vn 0.000000 1.000000 0.000000
vn 0.576755 0.000000 -0.816917
vn 0.576755 0.000000 -0.816917
vn -0.817956 0.000000 0.575281
vn -0.817956 0.000000 0.575281
vn 0.649445 0.000000 0.760409
vn 0.649445 0.000000 0.760409
vn 0.000000 1.000000 -0.000000
vn 0.000000 1.000000 -0.000000
vn -0.042275 0.000000 -0.999106
vn -0.042275 0.000000 -0.999106
vn -0.547786 0.000000 0.836619
vn -0.547786 0.000000 0.836619
vn 0.000000 1.000000 -0.000000
vn 0.000000 1.000000 -0.000000
vn 0.000000 1.000000 -0.000000
vn 0.000000 1.000000 0.000000
vn 0.000000 1.000000 0.000000
vn 0.785161 0.000000 -0.619291
vn 0.785161 0.000000 -0.619291
vn -0.642143 0.000000 0.766585
vn -0.642143 0.000000 0.766585
vn 0.000000 1.000000 -0.000000
vn 0.000000 1.000000 -0.000000
vn 0.000000 1.000000 -0.000000
vn 0.000000 1.000000 -0.000000
vn 0.000000 1.000000 0.000000
vn 0.000000 1.000000 0.000000
vn 0.373462 0.000000 0.927646
vn 0.373462 0.000000 0.927646
vn -0.990864 0.000000 0.134866
vn -0.990864 0.000000 0.134866
vn -0.973037 0.000000 0.230650
vn -0.973037 0.000000 0.230650
vn -0.478388 0.000000 0.878148
vn -0.478388 0.000000 0.878148
vn 0.879015 0.000000 -0.476795
vn 0.879015 0.000000 -0.476795
vn 0.000000 1.000000 -0.000000
vn 0.000000 1.000000 0.000000
vn 0.262701 0.000000 -0.964877
vn 0.262701 0.000000 -0.964877
vn 0.140508 0.000000 -0.990080
vn 0.140508 0.000000 -0.990080
vn 0.506311 0.000000 0.862351
vn 0.506311 0.000000 0.862351
vn 0.914810 0.000000 0.403884
vn 0.964409 0.000000 0.264416
vn 0.964409 0.000000 0.264416
vn 0.914810 0.000000 0.403884
vn -0.573616 0.000000 -0.819125
vn -0.941259 0.000000 -0.337686
vn -0.941259 0.000000 -0.337686
vn -0.557611 0.234577 -0.796269
vn -0.996917 0.000000 -0.078463
vn -0.996917 0.000000 -0.078463
vn -0.125196 0.000000 -0.992132
vn -0.121703 0.234577 -0.964449
vn 0.000000 1.000000 0.000000
vn 0.000000 1.000000 0.000000
vn 0.000000 1.000000 -0.000000
vn 0.000000 1.000000 -0.000000
vn -0.870937 0.000000 0.491394
vn -0.870937 0.000000 0.491394
vn 0.000000 1.000000 -0.000000
vn -0.995889 0.000000 -0.090577
vn -0.995889 0.000000 -0.090577
vn 0.845165 0.000000 0.534506
vn 0.845165 0.000000 0.534506
vn 0.496350 0.000000 -0.868123
vn 0.496350 0.000000 -0.868123
vn 0.546258 0.000000 0.837617
vn 0.546258 0.000000 0.837617
vn -0.993440 0.000000 0.114352
vn -0.993440 0.000000 0.114352
vn 0.472675 0.000000 -0.881237
vn 0.472675 0.000000 -0.881237
vn 0.000000 1.000000 -0.000000
vn 0.000000 1.000000 -0.000000
vn 0.000000 1.000000 -0.000000
vn -0.666314 0.000000 0.745672
vn -0.666314 0.000000 0.745672
vn 0.974028 0.000000 0.226427
vn 0.974028 0.000000 0.226427
vn 0.819123 0.000000 0.573617
vn 0.819123 0.000000 0.573617
vn 0.749459 0.000000 -0.662051
vn 0.749459 0.000000 -0.662051
vn 0.000000 1.000000 -0.000000
vn 0.000000 1.000000 -0.000000
vn 0.000000 1.000000 0.000000
vn 0.000000 1.000000 0.000000
vn 0.000000 1.000000 0.000000
vn 0.000000 1.000000 -0.000000
vn 0.000000 1.000000 -0.000000
vn 0.000000 1.000000 -0.000000
vn 0.194129 0.000000 0.980976
vn 0.194129 0.000000 0.980976
vn 0.655878 0.000000 -0.754867
vn 0.655878 0.000000 -0.754867
vn 0.000000 1.000000 0.000000
vn 0.000000 1.000000 0.000000
vn 0.000000 1.000000 0.000000
vn 0.000000 1.000000 0.000000
vn 0.999470 0.000000 -0.032547
vn 0.999470 0.000000 -0.032547
vn 0.992511 0.000000 -0.122153
vn 0.992511 0.000000 -0.122153
vn 0.000000 1.000000 0.000000
vn -0.113578 0.000000 0.993529
vn -0.110409 0.234576 0.965807
vn 0.000000 1.000000 0.000000
vn 0.000000 1.000000 0.000000
vn 0.000000 1.000000 -0.000000
vn 0.000000 1.000000 -0.000000
vn -0.127810 0.000000 0.991799
vn -0.127810 0.000000 0.991799
vn -0.022331 0.000000 0.999751
vn -0.022331 0.000000 0.999751
vn -0.659980 0.000000 -0.751283
vn -0.975404 0.000000 -0.220427
vn -0.975404 0.000000 -0.220427
vn -0.641565 0.234578 -0.730320
vn 0.000000 1.000000 -0.000000
vn 0.000000 1.000000 -0.000000
vn 0.984853 0.000000 -0.173393
vn 0.984853 0.000000 -0.173393
vn -0.173390 0.000000 0.984853
vn -0.173390 0.000000 0.984853
vn -0.233236 0.000000 -0.972420
vn -0.226728 0.234578 -0.945287
vn 0.994160 0.000000 -0.107919
vn 0.966420 0.234579 -0.104908
vn 0.000000 1.000000 -0.000000
vn 0.830804 0.000000 0.556566
vn 0.830804 0.000000 0.556566
vn 0.556566 0.000000 0.830803
vn 0.556566 0.000000 0.830803
vn 0.000000 1.000000 0.000000
vn 0.000000 1.000000 0.000000
vn 0.000000 1.000000 0.000000
vn 0.000000 1.000000 -0.000001
vn 0.967422 0.000000 0.253169
vn 0.967422 0.000000 0.253169
vn -1.000000 0.000000 0.000123
vn -1.000000 0.000000 0.000123
vn 0.370938 0.000000 -0.928658
vn 0.370938 0.000000 -0.928658
vn 0.000000 1.000000 -0.000000
vn 0.000000 1.000000 -0.000000
vn 0.247654 0.000000 0.968849
vn 0.247654 0.000000 0.968849
vn 0.363073 0.000000 0.931761
vn 0.352943 0.234577 0.905762
vn 0.000000 1.000000 -0.000000
vn 0.803744 0.000000 0.594976
vn 0.803744 0.000000 0.594976
vn 0.594976 0.000000 0.803744
vn 0.594976 0.000000 0.803744
vn 0.929678 0.000000 0.368373
vn 0.903737 0.234579 0.358095
vn 0.834369 0.000000 0.551206
vn 0.834369 0.000000 0.551206
vn -0.917589 0.000000 -0.397530
vn -0.846263 0.000000 -0.532766
vn -0.846263 0.000000 -0.532766
vn -0.916415 0.000000 -0.400230
vn 0.000000 1.000000 0.000000
vn 0.000000 1.000000 0.000000
vn 0.546443 0.000000 0.837496
vn 0.546443 0.000000 0.837496
vn 0.000000 1.000000 -0.000000
vn 0.000000 1.000000 -0.000000
vn -0.968970 0.000000 0.247180
vn -0.968970 0.000000 0.247180
vn -0.942229 0.000000 0.334970
vn -0.942229 0.000000 0.334970
vn 0.707107 0.000000 0.707107
vn 0.707107 0.000000 0.707107
vn 0.615119 0.000000 -0.788435
vn 0.615119 0.000000 -0.788435
vn 0.000000 1.000000 0.000000
vn 0.000000 1.000000 0.000000
vn 0.000000 1.000000 0.000000
vn 0.000000 1.000000 0.000000
vn 0.000000 1.000000 0.000000
vn 0.000000 1.000000 0.000000
vn 0.347931 0.000000 -0.937520
vn 0.347931 0.000000 -0.937520
vn 0.248934 0.000000 -0.968520
vn 0.248934 0.000000 -0.968520
vn 0.000000 1.000000 -0.000000
vn 0.000000 1.000000 0.000000
vn 0.000000 1.000000 0.000000
vn 0.000000 1.000000 0.000000
vn 0.000000 1.000000 0.000000
vn 0.744015 0.000000 -0.668163
vn 0.744015 0.000000 -0.668163
vn -0.809092 0.000000 0.587682
vn -0.809092 0.000000 0.587682
vn 0.589143 0.000000 -0.808029
vn 0.589143 0.000000 -0.808029
vn 0.000000 1.000000 -0.000000
vn 0.000000 1.000000 0.000000
vn 0.000000 1.000000 0.000001
vn -0.576755 0.000000 0.816917
vn -0.576755 0.000000 0.816917
vn 0.817956 0.000000 -0.575281
vn 0.817956 0.000000 -0.575281
vn 0.991536 0.000000 -0.129830
vn 0.991536 0.000000 -0.129830
vn 0.972055 0.000000 -0.234752
vn 0.972055 0.000000 -0.234752
vn 0.000000 1.000000 -0.000000
vn 0.000000 1.000000 -0.000000
vn 0.000000 1.000000 -0.000000
vn 0.000000 1.000000 -0.000000
vn -0.694173 0.000000 -0.719809
vn -0.694173 0.000000 -0.719809
vn -0.236502 0.000000 0.971631
vn -0.236502 0.000000 0.971631
vn -0.124447 0.000000 0.992226
vn -0.124447 0.000000 0.992226
vn 0.000000 1.000000 0.000000
vn 0.000000 1.000000 0.000000
vn 0.000000 1.000000 0.000000
vn 0.000000 1.000000 0.000000
vn 0.000671 0.000000 1.000000
vn 0.000653 0.234578 0.972097
vn 0.999997 0.000000 0.002479
vn 0.972094 0.234579 0.002409
vn 0.990012 0.000000 0.140987
vn 0.990012 0.000000 0.140987
vn 0.139197 0.000000 0.990265
vn 0.139197 0.000000 0.990265
vn 0.000000 1.000000 0.000000
vn 0.000000 1.000000 0.000000
vn 0.000000 1.000000 0.000000
vn 0.000000 1.000000 0.000000
vn 0.000000 1.000000 -0.000000
vn 0.000000 1.000000 -0.000000
vn 0.000000 1.000000 0.000000
vn 0.000000 1.000000 -0.000000
vn 0.467146 0.000000 0.884180
vn 0.454112 0.234577 0.859509
vn 0.891881 0.000000 0.452270
vn 0.891881 0.000000 0.452270
vn 0.883334 0.000000 0.468744
vn 0.858686 0.234581 0.455664
vn 0.450659 0.000000 0.892696
vn 0.450659 0.000000 0.892696
vn -0.930646 0.000000 0.365922
vn -0.930646 0.000000 0.365922
vn -0.891209 0.000000 0.453593
vn -0.891209 0.000000 0.453593
vn 0.000000 1.000000 0.000000
vn 0.000000 1.000000 0.000000
vn 0.000000 1.000000 0.000000
vn 0.000000 1.000000 0.000000
vn 0.478028 0.000000 -0.878345
vn 0.478028 0.000000 -0.878345
vn 0.365489 0.000000 -0.930816
vn 0.365489 0.000000 -0.930816
vn 0.000000 1.000000 0.000000
vn 0.000000 1.000000 0.000000
vn 0.000000 1.000000 0.000000
vn 0.683522 0.000000 -0.729930
vn 0.683522 0.000000 -0.729930
vn -0.729612 0.000000 0.683861
vn -0.729612 0.000000 0.683861
vn 0.963848 0.000000 -0.266451
vn 0.963848 0.000000 -0.266451
vn 0.935258 0.000000 -0.353968
vn 0.935258 0.000000 -0.353968
vn -0.353533 0.000000 0.935422
vn -0.353533 0.000000 0.935422
vn -0.254737 0.000000 0.967010
vn -0.254737 0.000000 0.967010
vn 0.882162 0.000000 -0.470947
vn 0.882162 0.000000 -0.470947
vn -0.470538 0.000000 0.882380
vn -0.470538 0.000000 0.882380
vn -0.280148 0.000000 -0.959957
vn -0.280148 0.000000 -0.959957
vn 0.000000 1.000000 0.000000
vn 0.000000 1.000000 0.000000
vn 0.000000 1.000000 0.000000
vn 0.000000 1.000000 0.000000
vn 0.000000 1.000000 0.000000
vn 0.000000 1.000000 0.000000
vn 0.000000 1.000000 0.000000
vn 0.000000 1.000000 0.000000
vn 0.017068 0.000000 0.999854
vn 0.017068 0.000000 0.999854
vn 0.999862 0.000000 0.016603
vn 0.999862 0.000000 0.016603
vn -0.884906 0.000000 0.465770
vn -0.884906 0.000000 0.465770
vn -0.836237 0.000000 0.548368
vn -0.836237 0.000000 0.548368
vn 0.992190 0.000000 0.124733
vn 0.964506 0.234577 0.121253
vn 0.125192 0.000000 0.992133
vn 0.121699 0.234579 0.964449
vn 0.557884 0.000000 -0.829919
vn 0.557884 0.000000 -0.829919
vn 0.471447 0.000000 -0.881895
vn 0.471447 0.000000 -0.881895
vn 0.000000 1.000000 0.000000
vn 0.000000 1.000000 0.000000
vn 0.000000 1.000000 0.000000
vn 0.000000 1.000000 0.000000
vn 0.338126 0.000000 0.941101
vn 0.338126 0.000000 0.941101
vn 0.941259 0.000000 0.337684
vn 0.941259 0.000000 0.337684
vn 0.000000 1.000000 -0.000000
vn -0.949171 0.000000 -0.314761
vn -0.949171 0.000000 -0.314761
vn 0.819393 0.000000 0.573233
vn 0.796530 0.234576 0.557238
vn 0.573617 0.000000 0.819124
vn 0.557612 0.234578 0.796268
vn 0.000000 1.000000 0.000000
vn 0.000000 1.000000 0.000000
vn 0.000000 1.000000 -0.000000
vn -0.650218 0.000000 0.759748
vn -0.650218 0.000000 0.759748
vn 0.000000 1.000000 0.000000
vn 0.000000 1.000000 0.000000
vn 0.000000 1.000000 0.000000
vn 0.000000 1.000000 0.000000
vn 0.763908 0.000000 -0.645326
vn 0.763908 0.000000 -0.645326
vn 0.937533 0.000000 -0.347897
vn 0.937533 0.000000 -0.347897
vn 0.890802 0.000000 -0.454391
vn 0.890802 0.000000 -0.454391
vn -0.460111 0.000000 0.887861
vn -0.460111 0.000000 0.887861
vn -0.359584 0.000000 0.933113
vn -0.359584 0.000000 0.933113
vn 0.000000 1.000000 -0.000000
vn 0.000000 1.000000 -0.000000
vn 0.000000 1.000000 -0.000000
vn 0.000000 1.000000 -0.000000
vn -0.370939 0.000000 0.928657
vn -0.370939 0.000000 0.928657
vn 0.000000 1.000000 0.000000
vn 0.000000 1.000000 0.000000
vn 0.000000 1.000000 0.000000
vn 0.000000 1.000000 0.000000
vn 0.931022 0.000000 -0.364963
vn 0.931022 0.000000 -0.364963
vn 0.995653 0.000000 -0.093143
vn 0.995653 0.000000 -0.093143
vn -0.817365 0.000000 0.576121
vn -0.817365 0.000000 0.576121
vn -0.751993 0.000000 0.659172
vn -0.751993 0.000000 0.659172
vn -0.099534 0.000000 0.995034
vn -0.099534 0.000000 0.995034
vn 0.668981 0.000000 -0.743279
vn 0.668981 0.000000 -0.743279
vn 0.570686 0.000000 -0.821169
vn 0.570686 0.000000 -0.821169
vn 0.000000 1.000000 0.000000
vn 0.000000 1.000000 0.000000
vn 0.233235 0.000000 0.972421
vn 0.226727 0.234578 0.945287
vn 0.000000 1.000000 0.000000
vn 0.000000 1.000000 0.000000
vn 0.970902 0.000000 0.239479
vn 0.943811 0.234577 0.232797
vn 0.972612 0.000000 0.232436
vn 0.972612 0.000000 0.232436
vn -0.560124 0.000000 0.828409
vn -0.560124 0.000000 0.828409
vn -0.471963 0.000000 0.881619
vn -0.471963 0.000000 0.881619
vn 0.875964 0.000000 -0.482376
vn 0.875964 0.000000 -0.482376
vn 0.824679 0.000000 -0.565602
vn 0.824679 0.000000 -0.565602
vn 0.226178 0.000000 0.974086
vn 0.226178 0.000000 0.974086
vn 0.833694 0.000000 -0.552226
vn 0.833694 0.000000 -0.552226
vn -0.546688 0.000000 0.837337
vn -0.546688 0.000000 0.837337
vn 0.659981 0.000000 0.751282
vn 0.641565 0.234579 0.730319
vn 0.737554 0.000000 -0.675288
vn 0.737554 0.000000 -0.675288
vn 0.667080 0.000000 -0.744986
vn 0.667080 0.000000 -0.744986
vn -0.744920 0.000000 0.667154
vn -0.744920 0.000000 0.667154
vn -0.673860 0.000000 0.738859
vn -0.673860 0.000000 0.738859
vn 0.747027 0.000000 0.664794
vn 0.726183 0.234576 0.646245
vn 0.000000 1.000000 0.000000
vn 0.000000 1.000000 0.000000
vn -0.657478 0.000000 0.753473
vn -0.657478 0.000000 0.753473
vn -0.572454 0.000000 0.819937
vn -0.572454 0.000000 0.819937
vn 0.000000 1.000000 0.000000
vn 0.000000 1.000000 0.000000
vn 0.827433 0.000000 -0.561565
vn 0.827433 0.000000 -0.561565
vn 0.753405 0.000000 -0.657557
vn 0.753405 0.000000 -0.657557
vn 0.000000 1.000000 -0.000000
vn 0.000000 1.000000 -0.000000
vn 0.000000 1.000000 -0.000000
vn 0.000000 1.000000 -0.000000
vn 0.000000 1.000000 0.000000
vn 0.000000 1.000000 0.000000
vn 0.000000 1.000000 -0.000000
vn 0.000000 1.000000 -0.000000
vn -0.214437 0.000000 0.976738
vn -0.214437 0.000000 0.976738
vn 0.975295 0.000000 -0.220907
vn 0.975295 0.000000 -0.220907
vn 0.967112 0.000000 -0.254353
vn 0.967112 0.000000 -0.254353
vn -0.247937 0.000000 0.968776
vn -0.247937 0.000000 0.968776
vn 0.895118 0.000000 -0.445829
vn 0.895118 0.000000 -0.445829
vn -0.445732 0.000000 0.895166
vn -0.445732 0.000000 0.895166
vn -0.332596 0.000000 0.943070
vn -0.332596 0.000000 0.943070
vn 0.943037 0.000000 -0.332689
vn 0.943037 0.000000 -0.332689
vn 0.111506 0.000000 0.993764
vn 0.111506 0.000000 0.993764
vn 0.000000 1.000000 -0.000000
vn 0.000000 1.000000 -0.000000
vn 0.000000 1.000000 -0.000000
vn 0.000000 1.000000 -0.000000
vn 0.000000 1.000000 -0.000000
vn 0.000000 1.000000 -0.000000
vn 0.994481 0.000000 0.104914
vn 0.994481 0.000000 0.104914
vn 0.000000 1.000000 0.000000
vn 0.000000 1.000000 0.000000
vn 0.000000 1.000000 0.000000
vn 0.000000 1.000000 0.000000
vn 0.000000 1.000000 -0.000000
vn 0.000000 1.000000 -0.000000
vn 0.936514 0.000000 0.350630
vn 0.910383 0.234577 0.340846
vn 0.356833 0.000000 0.934168
vn 0.346876 0.234578 0.908103
vn 0.991003 0.000000 -0.133840
vn 0.991003 0.000000 -0.133840
vn -0.133737 0.000000 0.991017
vn -0.133737 0.000000 0.991017
vn 0.664751 0.000000 0.747065
vn 0.646203 0.234577 0.726220
vn 0.751456 0.000000 0.659784
vn 0.730488 0.234579 0.641374
vn -0.011197 0.000000 0.999937
vn -0.011197 0.000000 0.999937
vn 0.999936 0.000000 -0.011296
vn 0.999936 0.000000 -0.011296
vn 0.000000 1.000000 0.000000
vn 0.000000 1.000000 0.000000
vn 0.000000 1.000000 -0.000000
vn 0.000000 1.000000 -0.000000
vn 0.000000 1.000000 -0.000000
vn 0.000000 1.000000 -0.000000
vn 0.000000 1.000000 0.000000
vn 0.000000 1.000000 0.000000
vn 0.886448 0.000000 0.462828
vn 0.861714 0.234577 0.449914
vn 0.462918 0.000000 0.886401
vn 0.450001 0.234578 0.861668
vn 0.568129 0.000000 0.822939
vn 0.552277 0.234577 0.799977
vn 0.823001 0.000000 0.568040
vn 0.800037 0.234579 0.552190
vn 0.000000 1.000000 0.000000
vn 0.000000 1.000000 0.000000
vn 0.000000 1.000000 0.000000
vn 0.000000 1.000000 0.000000
vn -0.501740 0.000000 -0.865018
vn -0.501740 0.000000 -0.865018
vn -0.846263 0.000000 -0.532766
vn -0.846263 0.000000 -0.532766
vn -0.694173 0.000000 -0.719809
vn -0.694173 0.000000 -0.719809
vn 0.448390 0.000000 -0.893838
vn 0.532766 0.000003 -0.846263
vn 0.532765 0.000002 -0.846263
vn 0.532765 0.000006 -0.846263
vn -0.860584 0.006781 0.509264
vn -0.864911 0.015159 0.501696
vn -0.804619 0.000740 0.593791
vn -0.865430 0.005613 0.500998
vn 0.000000 1.000000 0.000000
vn 0.000000 1.000000 0.000000
vn 0.000000 1.000000 0.000000
vn 0.000000 1.000000 0.000000
vn 0.314760 0.000000 -0.949171
vn 0.314760 0.000001 -0.949171
vn 0.314759 0.000000 -0.949172
vn 0.314759 0.000000 -0.949172
vn 0.000000 1.000000 0.000000
vn 0.000000 1.000000 0.000000
vn 0.000000 1.000000 0.000000
vn -0.959957 0.000001 0.280147
vn -0.959957 0.000003 0.280148
vn -0.892068 0.000000 0.451901
vn -0.959957 0.000003 0.280149
vn 0.985466 -0.000001 -0.169871
vn 0.985548 0.000000 -0.169397
vn 0.962103 0.000000 -0.272686
vn 0.962103 -0.000003 -0.272687
vn -0.118877 0.000000 -0.992909
vn 0.078465 0.000001 -0.996917
vn 0.078463 0.000000 -0.996917
vn 0.078462 0.000001 -0.996917
vn -0.075795 -0.000000 0.997123
vn -0.075795 0.000000 0.997123
vn -0.980191 0.000002 -0.198055
vn -0.980191 0.000007 -0.198056
vn -0.999078 0.000000 -0.042943
vn -0.980191 0.000005 -0.198057
vn 0.600760 0.000000 0.799430
vn 0.600760 0.000000 0.799430
vn 0.553120 0.000000 0.833102
vn 0.600760 0.000000 0.799429
vn 0.000000 1.000000 0.000000
vn 0.000000 1.000000 0.000000
vn 0.000000 1.000000 0.000000
vn 0.000000 1.000000 0.000000
vn 0.000000 1.000000 0.000000
vn 0.000000 1.000000 0.000000
vn 0.000000 1.000000 0.000000
vn 0.000000 1.000000 0.000000
vn -0.000000 1.000000 -0.000000
vn 0.000000 1.000000 0.000000
vn 0.000000 1.000000 0.000000
vn -0.000000 1.000000 -0.000000
vn 0.000000 1.000000 0.000000
vn 0.000000 1.000000 0.000000
vn 0.000000 1.000000 0.000000
vn 0.000000 1.000000 0.000000
vn 0.000000 1.000000 0.000000
vn 0.000000 1.000000 0.000000
vn 0.000000 1.000000 -0.000000
vn 0.000000 1.000000 -0.000000
vn 0.000000 1.000000 0.000000
vn 0.000000 1.000000 -0.000001
vn 0.000000 1.000000 0.000000
vn 0.000000 1.000000 0.000000
vn 0.000000 1.000000 0.000000
vn 0.000000 1.000000 0.000000
vn 0.000000 1.000000 0.000000
vn 0.000000 1.000000 0.000000
vn 0.000000 1.000000 0.000000
vn 0.000000 1.000000 0.000000
vn 0.000000 1.000000 0.000000
vn 0.000000 1.000000 0.000000
vn 0.000000 1.000000 0.000000
vn 0.000000 1.000000 0.000000
vn 0.000000 1.000000 0.000000
vn 0.000000 1.000000 0.000000
vn 0.000000 1.000000 0.000000
vn 0.000000 1.000000 0.000000
vn 0.000000 1.000000 0.000000
vn 0.000000 1.000000 0.000000
vn 0.000000 1.000000 0.000000
vn 0.000000 1.000000 -0.000002
vn 0.000000 1.000000 -0.000000
vn 0.000000 1.000000 0.000000
vn 0.000000 1.000000 0.000000
vn 0.000000 1.000000 0.000000
vn 0.000000 1.000000 0.000000
vn 0.000000 1.000000 0.000000
vn 0.000000 1.000000 0.000000
vn 0.000000 1.000000 0.000000
vn 0.000000 1.000000 0.000000
vn 0.000000 1.000000 0.000000
vn 0.000000 1.000000 0.000000
vn 0.000000 1.000000 0.000000
vn 0.000000 1.000000 0.000000
vn 0.000000 1.000000 0.000000
vn 0.000000 1.000000 0.000000
vn 0.000000 1.000000 0.000000
vn 0.000000 1.000000 0.000000
vn 0.000000 1.000000 0.000000
vn 0.000000 1.000000 0.000000
vn 0.000000 1.000000 0.000000
vn 0.000000 1.000000 0.000000
vn 0.000000 1.000000 0.000000
vn 0.000000 1.000000 0.000000
vn 0.000000 1.000000 -0.000000
vn 0.000000 1.000000 0.000000
vn 0.000000 1.000000 0.000000
vn 0.000000 1.000000 0.000000
vn 0.000000 1.000000 0.000000
vn 0.000000 1.000000 0.000000
vn 0.000000 1.000000 0.000000
vn 0.000000 1.000000 0.000000
vn 0.000000 1.000000 0.000000
vn 0.000000 1.000000 0.000000
vn 0.000000 1.000000 0.000000
vn 0.000000 1.000000 0.000000
vn 0.000000 1.000000 0.000000
vn 0.000000 1.000000 0.000000
vn 0.000000 1.000000 0.000000
vn 0.000000 1.000000 0.000000
vn 0.000000 1.000000 0.000000
vn 0.000000 1.000000 -0.000000
vn 0.000000 1.000000 -0.000000
vn 0.000000 1.000000 -0.000000
vn 0.000000 1.000000 -0.000000
vn 0.000000 1.000000 0.000000
vn 0.000000 1.000000 0.000000
vn 0.000000 1.000000 0.000000
vn 0.000000 1.000000 0.000000
vn 0.000000 1.000000 -0.000000
vn 0.000000 1.000000 -0.000000
vn 0.000000 1.000000 0.000000
vn 0.000000 1.000000 0.000000
vn 0.000000 1.000000 -0.000000
vn 0.000000 1.000000 -0.000000
vn 0.075838 -0.000002 -0.997120
vn 0.075841 0.000000 -0.997120
vn 0.000000 1.000000 0.000000
vn 0.000000 1.000000 0.000000
vn 0.000000 1.000000 0.000000
vn 0.000000 1.000000 0.000000
vn 0.000000 1.000000 0.000000
vn 0.000000 1.000000 0.000000
vn 0.000000 1.000000 0.000000
vn 0.000000 1.000000 0.000000
vn 0.000000 1.000000 0.000000
vn 0.000000 1.000000 0.000000
vn 0.000000 1.000000 0.000000
vn 0.000000 1.000000 0.000000
vn 0.000000 1.000000 0.000000
vn 0.000000 1.000000 0.000000
vn 0.000000 1.000000 0.000000
vn 0.000000 1.000000 0.000000
vn 0.000000 1.000000 0.000000
vn 0.000000 1.000000 0.000000
vn 0.000000 1.000000 0.000000
vn 0.000000 1.000000 0.000000
vn 0.000000 1.000000 0.000000
vn 0.000000 1.000000 0.000000
vn 0.000000 1.000000 0.000000
vn -0.162239 -0.000000 -0.986752
vn -0.162239 -0.000001 -0.986752
vn -0.162239 0.000000 -0.986752
vn -0.162239 0.000000 -0.986752
vn 0.075833 -0.000002 -0.997121
vn 0.075831 0.000000 -0.997121
vn -0.162235 -0.000001 -0.986752
vn -0.162231 0.000000 -0.986753
vn 0.000000 1.000000 0.000000
vn 0.000000 1.000000 0.000000
vn 0.000000 1.000000 0.000000
vn 0.000000 1.000000 0.000000
vn 0.000000 1.000000 0.000000
vn 0.000000 1.000000 0.000000
vn 0.000000 1.000000 0.000000
vn -0.396506 0.000002 -0.918032
vn -0.396506 0.000002 -0.918032
vn -0.396507 0.000000 -0.918032
vn -0.396507 0.000000 -0.918032
vn 0.000000 1.000000 0.000000
vn 0.000000 1.000000 0.000000
vn 0.000000 1.000000 0.000000
vn 0.000000 1.000000 0.000000
vn 0.000000 1.000000 0.000000
vn 0.000000 1.000000 0.000000
vn 0.000000 1.000000 0.000000
vn 0.000000 1.000000 0.000000
vn 0.000000 1.000000 0.000000
vn 0.000000 1.000000 0.000000
vn 0.000000 1.000000 0.000000
vn 0.000000 1.000000 0.000000
vn 0.000000 1.000000 0.000000
vn 0.000000 1.000000 0.000000
vn 0.000000 1.000000 0.000000
vn 0.000000 1.000000 0.000000
vn 0.000000 1.000000 0.000000
vn 0.000000 1.000000 0.000000
vn 0.000000 1.000000 0.000000
vn 0.000000 1.000000 0.000000
vn 0.000000 1.000000 0.000000
vn 0.000000 1.000000 0.000000
vn 0.000000 1.000000 0.000000
vn 0.000000 1.000000 0.000000
vn -0.396506 0.000000 -0.918032
vn -0.396506 0.000002 -0.918032
vn -0.396506 0.000000 -0.918032
vn -0.396506 0.000000 -0.918032
vn 0.000000 1.000000 0.000000
vn 0.000000 1.000000 0.000000
vn -0.396506 0.000006 -0.918032
vn -0.601679 0.000000 -0.798738
vn -0.601679 0.000000 -0.798738
vn -0.162238 -0.000004 -0.986752
vn 0.075834 -0.000002 -0.997120
vn -0.078463 -0.000001 0.996917
vn -0.078463 0.000000 0.996917
vn 0.075834 -0.000003 -0.997120
vn 0.000000 1.000000 0.000000
vn 0.000000 1.000000 0.000000
vn 0.000000 1.000000 -0.000000
vn 0.000000 1.000000 -0.000000
vn -0.078464 -0.000003 0.996917
vn -0.078463 -0.000001 0.996917
vn -0.314761 -0.000003 0.949171
vn -0.314761 -0.000010 0.949171
vn -0.078463 0.000000 0.996917
vn -0.078463 0.000000 0.996917
vn -0.162239 -0.000001 -0.986752
vn -0.396506 0.000005 -0.918032
vn 0.000000 1.000000 0.000000
vn 0.000000 1.000000 0.000000
vn 0.000000 1.000000 0.000000
vn 0.000000 1.000000 0.000000
vn 0.000000 1.000000 0.000000
vn 0.000000 1.000000 0.000000
vn 0.000000 1.000000 0.000000
vn 0.000000 1.000000 0.000000
vn 0.000000 1.000000 0.000000
vn 0.000000 1.000000 0.000000
vn 0.000000 1.000000 0.000000
vn 0.000000 1.000000 0.000000
vn 0.000000 1.000000 0.000000
vn 0.000000 1.000000 0.000000
vn 0.000000 1.000000 0.000000
vn 0.000000 1.000000 0.000000
vn 0.000000 1.000000 0.000000
vn 0.000000 1.000000 0.000000
vn -0.601678 -0.000001 -0.798739
vn -0.601678 0.000000 -0.798739
vn -0.601678 0.000000 -0.798739
vn -0.718037 0.000000 -0.696005
vn -0.601678 -0.000003 -0.798739
vn -0.601678 -0.000002 -0.798739
vn -0.601678 0.000000 -0.798739
vn -0.717379 0.000000 -0.696683
vn -0.774427 0.000000 -0.632663
vn -0.774427 0.000003 -0.632663
vn 0.000000 1.000000 0.000000
vn 0.000000 1.000000 0.000000
vn 0.000000 1.000000 0.000000
vn 0.000000 1.000000 0.000000
vn 0.000000 1.000000 0.000000
vn 0.000000 1.000000 0.000000
vn 0.000000 1.000000 0.000000
vn 0.000000 1.000000 0.000000
vn 0.000000 1.000000 0.000000
vn 0.000000 1.000000 0.000000
vn 0.000000 1.000000 0.000000
vn 0.000000 1.000000 0.000000
vn 0.000000 1.000000 0.000000
vn 0.000000 1.000000 0.000000
vn 0.000000 1.000000 0.000000
vn -0.774427 0.000009 -0.632663
vn -0.774427 0.000009 -0.632663
vn -0.774427 0.000004 -0.632663
vn 0.000000 1.000000 0.000000
vn 0.000000 1.000000 0.000000
vn 0.000000 1.000000 0.000000
vn 0.000000 1.000000 0.000000
vn 0.000000 1.000000 0.000000
vn 0.000000 1.000000 0.000000
vn 0.000000 1.000000 0.000000
vn -0.774427 0.000000 -0.632664
vn -0.849727 0.000000 -0.527223
vn -0.905589 0.000000 -0.424157
vn 0.000000 1.000000 0.000000
vn 0.000000 1.000000 0.000000
vn 0.000000 1.000000 0.000000
vn 0.000000 1.000000 0.000000
vn 0.000000 1.000000 0.000000
vn 0.000000 1.000000 0.000000
vn 0.000000 1.000000 0.000000
vn 0.000000 1.000000 0.000000
vn 0.000000 1.000000 0.000000
vn 0.000000 1.000000 0.000000
vn 0.000000 1.000000 0.000000
vn 0.000000 1.000000 0.000000
vn 0.000000 1.000000 0.000000
vn 0.000000 1.000000 0.000000
vn 0.000000 1.000000 0.000000
vn 0.000000 1.000000 0.000000
vn 0.000000 1.000000 0.000000
vn 0.000000 1.000000 0.000000
vn 0.000000 1.000000 0.000000
vn 0.000000 1.000000 0.000000
vn -0.905589 0.000000 -0.424156
vn -0.905589 0.000000 -0.424156
vn -0.905589 0.000000 -0.424155
vn -0.939105 0.000000 -0.343630
vn -0.981281 0.000000 -0.192584
vn 0.000000 1.000000 0.000000
vn 0.000000 1.000000 0.000000
vn 0.000000 1.000000 0.000000
vn 0.000000 1.000000 0.000000
vn 0.000000 1.000000 0.000000
vn 0.000000 1.000000 0.000000
vn -0.981280 0.000000 -0.192585
vn -0.981280 0.000000 -0.192585
vn -0.981280 0.000000 -0.192586
vn 0.000000 1.000000 0.000000
vn 0.000000 1.000000 0.000000
vn 0.000000 1.000000 0.000000
vn 0.000000 1.000000 0.000000
vn 0.000000 1.000000 0.000000
vn 0.000000 1.000000 0.000000
vn -0.999050 0.000003 0.043567
vn 0.000000 1.000000 0.000000
vn 0.000000 1.000000 0.000000
vn 0.000000 1.000000 0.000000
vn 0.000000 1.000000 0.000000
vn 0.000000 1.000000 0.000000
vn 0.000000 1.000000 0.000000
vn -0.999050 0.000012 0.043568
vn -0.999050 0.000004 0.043568
vn 0.000000 1.000000 0.000000
vn 0.000000 1.000000 0.000000
vn 0.000000 1.000000 0.000000
vn 0.000000 1.000000 0.000000
vn 0.000000 1.000000 0.000000
vn 0.000000 1.000000 0.000000
vn 0.000000 1.000000 0.000000
vn 0.000000 1.000000 0.000000
vn 0.000000 1.000000 0.000000
vn 0.000000 1.000000 0.000000
vn 0.000000 1.000000 0.000000
vn 0.000000 1.000000 0.000000
vn 0.000000 1.000000 0.000000
vn 0.000000 1.000000 0.000000
vn -0.999050 0.000000 0.043569
vn -0.978166 0.000000 0.207823
vn -0.959048 0.000000 0.283243
vn 0.000000 1.000000 0.000000
vn 0.000000 1.000000 0.000000
vn 0.000000 1.000000 0.000000
vn 0.000000 1.000000 0.000000
vn 0.000000 1.000000 0.000000
vn 0.000000 1.000000 0.000000
vn 0.000000 1.000000 0.000000
vn 0.000000 1.000000 0.000000
vn 0.000000 1.000000 0.000000
vn -0.959048 -0.000002 0.283243
vn -0.959048 0.000000 0.283243
vn -0.959048 0.000000 0.283243
vn -0.959048 -0.000006 0.283243
vn -0.959048 -0.000004 0.283242
vn -0.959049 0.000000 0.283241
vn 0.959957 -0.000001 -0.280149
vn 0.959956 0.000000 -0.280150
vn 0.959956 0.000000 -0.280150
vn 0.959957 -0.000002 -0.280147
vn 0.959957 0.000000 -0.280148
vn 0.000000 1.000000 0.000000
vn 0.000000 1.000000 0.000000
vn 0.959957 0.000000 -0.280148
vn 0.978072 0.000000 -0.208268
vn 0.999106 0.000000 -0.042278
vn 0.999106 -0.000004 -0.042276
vn 0.999106 0.000000 -0.042276
vn 0.999106 0.000000 -0.042276
vn 0.999106 -0.000012 -0.042275
vn 0.999106 -0.000005 -0.042273
vn 0.000000 1.000000 -0.000000
vn 0.000000 1.000000 -0.000000
vn 0.999106 0.000000 -0.042272
vn 0.998069 0.000000 0.062121
vn 0.980192 0.000000 0.198052
vn 0.980191 0.000000 0.198054
vn 0.980191 0.000000 0.198054
vn 0.980191 0.000000 0.198054
vn 0.980191 0.000000 0.198055
vn 0.980191 0.000000 0.198057
vn 0.000000 1.000000 -0.000000
vn 0.000000 1.000000 0.000000
vn 0.000000 1.000000 0.000000
vn 0.980191 0.000000 0.198057
vn 0.000000 1.000000 0.000000
vn 0.000000 1.000000 0.000000
vn 0.393816 -0.000001 0.919189
vn 0.393817 0.000000 0.919189
vn 0.393816 -0.000002 0.919190
vn 0.393815 -0.000002 0.919190
vn 0.000000 1.000000 0.000000
vn 0.000000 1.000000 -0.000000
vn 0.393815 -0.000001 0.919190
vn 0.393814 0.000000 0.919190
vn 0.162395 -0.000002 0.986726
vn 0.162395 -0.000007 0.986726
vn 0.162396 -0.000003 0.986726
vn 0.162396 0.000000 0.986726
vn 0.162396 0.000000 0.986726
vn 0.162397 -0.000009 0.986726
vn 0.162396 -0.000003 0.986726
vn 0.000000 1.000000 -0.000000
vn 0.000000 1.000000 -0.000000
vn 0.162395 0.000000 0.986726
vn 0.057236 0.000000 0.998361
vn -0.078463 0.000000 0.996917
vn -0.075797 -0.000000 0.997123
vn -0.075796 -0.000000 0.997123
vn -0.075797 -0.000000 0.997123
vn -0.075798 0.000000 0.997123
vn -0.075798 0.000000 0.997123
vn -0.075796 -0.000001 0.997123
vn -0.075800 -0.000001 0.997123
vn 0.000000 1.000000 0.000000
vn 0.000000 1.000000 0.000000
vn 0.000000 1.000000 0.000000
vn 0.000000 1.000000 0.000000
vn 0.000000 1.000000 0.000000
vn 0.000000 1.000000 0.000000
vn 0.000000 1.000000 0.000000
vn 0.000000 1.000000 0.000000
vn 0.000000 1.000000 0.000000
vn 0.000000 1.000000 0.000000
vn 0.000000 1.000000 0.000000
vn 0.000000 1.000000 0.000000
vn -0.075805 0.000000 0.997123
vn 0.127903 0.000000 0.991787
vn 0.169420 0.000000 0.985544
vn 0.000000 1.000000 0.000000
vn 0.000000 1.000000 0.000000
vn 0.000000 1.000000 0.000000
vn 0.000000 1.000000 0.000000
vn 0.000000 1.000000 0.000000
vn 0.000000 1.000000 0.000000
vn 0.000000 1.000000 0.000000
vn 0.000000 1.000000 0.000000
vn 0.000000 1.000000 0.000000
vn 0.000000 1.000000 0.000000
vn 0.000000 1.000000 0.000000
vn 0.000000 1.000000 0.000000
vn 0.000000 1.000000 0.000000
vn 0.000000 1.000000 0.000000
vn 0.000000 1.000000 0.000000
vn 0.169419 -0.000002 0.985544
vn 0.169420 0.000000 0.985544
vn 0.169420 0.000000 0.985544
vn 0.169419 -0.000007 0.985544
vn 0.169411 -0.000004 0.985546
vn 0.000000 1.000000 0.000000
vn 0.000000 1.000000 0.000000
vn 0.000000 1.000000 0.000000
vn 0.000000 1.000000 0.000000
vn 0.000000 1.000000 0.000000
vn 0.000000 1.000000 0.000000
vn 0.000000 1.000000 0.000000
vn 0.000000 1.000000 0.000000
vn 0.000000 1.000000 0.000000
vn 0.000000 1.000000 0.000000
vn 0.000000 1.000000 0.000000
vn 0.000000 1.000000 0.000000
vn 0.000000 1.000000 0.000000
vn 0.000000 1.000000 0.000000
vn 0.000000 1.000000 0.000000
vn 0.000000 1.000000 0.000000
vn 0.000000 1.000000 0.000000
vn 0.000000 1.000000 0.000000
vn 0.000000 1.000000 0.000000
vn 0.000000 1.000000 0.000000
vn 0.000000 1.000000 0.000000
vn 0.000000 1.000000 0.000000
vn 0.169400 0.000000 0.985547
vn 0.355653 0.000000 0.934618
vn 0.380424 0.000000 0.924812
vn 0.380422 0.000000 0.924813
vn 0.380422 0.000000 0.924813
vn 0.380422 0.000000 0.924813
vn 0.380422 0.000001 0.924813
vn 0.380424 0.000002 0.924812
vn 0.000000 1.000000 0.000000
vn 0.000000 1.000000 0.000000
vn 0.000000 1.000000 0.000000
vn 0.000000 1.000000 0.000000
vn 0.000000 1.000000 0.000000
vn 0.000000 1.000000 0.000000
vn 0.000000 1.000000 0.000000
vn 0.000000 1.000000 0.000000
vn 0.000000 1.000000 0.000000
vn 0.000000 1.000000 0.000000
vn 0.000000 1.000000 0.000000
vn 0.000000 1.000000 0.000000
vn 0.000000 1.000000 0.000000
vn 0.000000 1.000000 0.000000
vn 0.000000 1.000000 0.000000
vn 0.000000 1.000000 0.000000
vn 0.000000 1.000000 0.000000
vn 0.000000 1.000000 0.000000
vn 0.000000 1.000000 0.000000
vn 0.000000 1.000000 0.000000
vn 0.000000 1.000000 0.000000
vn 0.000000 1.000000 0.000000
vn 0.000000 1.000000 0.000000
vn 0.380426 0.000000 0.924812
vn 0.554197 0.000000 0.832386
vn 0.600760 0.000000 0.799429
vn 0.600760 0.000000 0.799430
vn 0.600760 0.000000 0.799429
vn 0.600760 0.000000 0.799429
vn 0.600760 0.000002 0.799430
vn 0.600762 0.000001 0.799428
vn 0.000000 1.000000 0.000000
vn 0.000000 1.000000 0.000000
vn 0.000000 1.000000 0.000000
vn 0.000000 1.000000 0.000000
vn 0.000000 1.000000 0.000000
vn 0.000000 1.000000 0.000000
vn 0.000000 1.000000 0.000000
vn 0.000000 1.000000 0.000000
vn 0.000000 1.000000 0.000000
vn 0.000000 1.000000 0.000000
vn 0.000000 1.000000 0.000000
vn 0.000000 1.000000 0.000000
vn 0.000000 1.000000 0.000000
vn 0.000000 1.000000 0.000000
vn 0.000000 1.000000 0.000000
vn 0.000000 1.000000 0.000000
vn 0.000000 1.000000 0.000000
vn 0.000000 1.000000 0.000000
vn 0.000000 1.000000 0.000000
vn 0.000000 1.000000 0.000000
vn 0.000000 1.000000 0.000000
vn 0.000000 1.000000 0.000000
vn 0.000000 1.000000 0.000000
vn 0.600765 0.000000 0.799426
vn 0.747288 0.000000 0.664500
vn 0.774830 0.000000 0.632169
vn 0.774831 0.000000 0.632169
vn 0.774831 0.000000 0.632169
vn 0.774831 -0.000002 0.632169
vn 0.774830 -0.000006 0.632169
vn 0.774828 -0.000003 0.632172
vn 0.000000 1.000000 0.000000
vn 0.000000 1.000000 0.000000
vn 0.000000 1.000000 0.000000
vn 0.000000 1.000000 0.000000
vn 0.000000 1.000000 0.000000
vn 0.000000 1.000000 0.000000
vn 0.000000 1.000000 0.000000
vn 0.000000 1.000000 0.000000
vn 0.000000 1.000000 0.000000
vn 0.000000 1.000000 0.000000
vn 0.000000 1.000000 0.000000
vn 0.000000 1.000000 0.000000
vn 0.000000 1.000000 0.000000
vn 0.000000 1.000000 0.000000
vn 0.000000 1.000000 0.000000
vn 0.000000 1.000000 0.000000
vn 0.000000 1.000000 0.000000
vn 0.000000 1.000000 0.000000
vn 0.000000 1.000000 0.000000
vn 0.000000 1.000000 0.000000
vn 0.000000 1.000000 0.000000
vn 0.000000 1.000000 0.000000
vn 0.000000 1.000000 0.000000
vn 0.774824 0.000000 0.632177
vn 0.890943 0.000000 0.454115
vn 0.903042 0.000000 0.429551
vn 0.000000 1.000000 -0.000000
vn 0.000000 1.000000 0.000000
vn 0.903042 -0.000002 0.429551
vn 0.903043 0.000000 0.429551
vn 0.903043 0.000000 0.429551
vn 0.903042 -0.000006 0.429551
vn 0.903043 -0.000005 0.429551
vn 0.000000 1.000000 0.000000
vn 0.000000 1.000000 0.000000
vn 0.000000 1.000000 0.000000
vn 0.000000 1.000000 0.000000
vn 0.000000 1.000000 0.000000
vn 0.000000 1.000000 0.000000
vn 0.000000 1.000000 0.000000
vn 0.000000 1.000000 0.000000
vn 0.000000 1.000000 0.000000
vn 0.000000 1.000000 0.000000
vn 0.000000 1.000000 0.000000
vn 0.000000 1.000000 0.000000
vn 0.000000 1.000000 0.000000
vn 0.000000 1.000000 0.000000
vn 0.000000 1.000000 0.000000
vn 0.000000 1.000000 0.000000
vn 0.000000 1.000000 0.000000
vn 0.000000 1.000000 0.000000
vn 0.000000 1.000000 0.000000
vn 0.000000 1.000000 0.000000
vn 0.000000 1.000000 0.000000
vn 0.000000 1.000000 0.000000
vn 0.000000 1.000000 0.000000
vn 0.000000 1.000000 0.000000
vn 0.000000 1.000000 0.000000
vn 0.000000 1.000000 0.000000
vn 0.903043 0.000000 0.429550
vn 0.965193 0.000000 0.261540
vn 0.979323 0.000000 0.202304
vn 0.979322 0.000001 0.202306
vn 0.979322 0.000000 0.202307
vn 0.979322 0.000000 0.202307
vn 0.979323 0.000003 0.202305
vn 0.979323 0.000004 0.202302
vn 0.000000 1.000000 0.000000
vn 0.000000 1.000000 0.000000
vn 0.000000 1.000000 0.000000
vn 0.000000 1.000000 0.000000
vn 0.000000 1.000000 0.000000
vn 0.000000 1.000000 0.000000
vn 0.000000 1.000000 0.000000
vn 0.000000 1.000000 0.000000
vn 0.000000 1.000000 0.000000
vn 0.000000 1.000000 0.000000
vn 0.000000 1.000000 0.000000
vn 0.000000 1.000000 0.000000
vn 0.000000 1.000000 0.000000
vn 0.000000 1.000000 0.000000
vn 0.000000 1.000000 0.000000
vn 0.000000 1.000000 0.000000
vn 0.000000 1.000000 0.000000
vn 0.000000 1.000000 0.000000
vn 0.000000 1.000000 0.000000
vn 0.000000 1.000000 0.000000
vn 0.000000 1.000000 0.000000
vn 0.000000 1.000000 0.000000
vn 0.000000 1.000000 0.000000
vn 0.979324 0.000000 0.202300
vn 0.998924 0.000000 0.046377
vn 0.999027 0.000000 -0.044103
vn 0.999027 -0.000001 -0.044105
vn 0.999027 0.000000 -0.044106
vn 0.999027 0.000000 -0.044106
vn 0.999027 -0.000003 -0.044104
vn 0.999027 0.000000 -0.044104
vn 0.999027 -0.000003 -0.044104
vn 0.000000 1.000000 0.000000
vn 0.000000 1.000000 0.000000
vn 0.000000 1.000000 0.000000
vn 0.000000 1.000000 0.000000
vn 0.000000 1.000000 0.000000
vn 0.000000 1.000000 0.000000
vn 0.000000 1.000000 0.000000
vn 0.000000 1.000000 0.000000
vn 0.000000 1.000000 0.000000
vn 0.000000 1.000000 0.000000
vn 0.000000 1.000000 0.000000
vn 0.000000 1.000000 0.000000
vn 0.000000 1.000000 0.000000
vn 0.000000 1.000000 0.000000
vn 0.000000 1.000000 0.000000
vn 0.000000 1.000000 0.000000
vn 0.000000 1.000000 0.000000
vn 0.000000 1.000000 0.000000
vn 0.000000 1.000000 0.000000
vn 0.000000 1.000000 0.000000
vn 0.000000 1.000000 0.000000
vn 0.000000 1.000000 0.000000
vn 0.962103 -0.000003 -0.272686
vn 0.962103 -0.000010 -0.272687
vn 0.000000 1.000000 0.000000
vn 0.000000 1.000000 0.000000
vn 0.000000 1.000000 0.000000
vn 0.000000 1.000000 0.000000
vn 0.000000 1.000000 0.000000
vn 0.000000 1.000000 0.000000
vn 0.000000 1.000000 0.000000
vn 0.000000 1.000000 0.000000
vn 0.000000 1.000000 0.000000
vn 0.962103 -0.000001 -0.272687
vn 0.962103 0.000000 -0.272685
vn 0.962103 0.000000 -0.272685
vn 0.962102 -0.000003 -0.272689
vn 0.962102 0.000000 -0.272689
vn 0.962102 0.000000 -0.272689
vn 0.000000 1.000000 0.000000
vn 0.000000 1.000000 0.000000
vn 0.000000 1.000000 0.000000
vn 0.000000 1.000000 0.000000
vn 0.000000 1.000000 0.000000
vn 0.000000 1.000000 0.000000
vn 0.000000 1.000000 0.000000
vn 0.000000 1.000000 0.000000
vn 0.000000 1.000000 0.000000
vn -0.959957 0.000001 0.280147
vn -0.959957 0.000000 0.280147
vn -0.959957 0.000000 0.280147
vn -0.959957 0.000003 0.280149
vn -0.959956 0.000000 0.280149
vn 0.000000 1.000000 -0.000000
vn 0.000000 1.000000 -0.000000
vn -0.959957 0.000004 0.280148
vn -0.999106 -0.000001 0.042276
vn -0.999106 0.000003 0.042276
vn -0.999106 0.000000 0.042277
vn -0.999106 0.000000 0.042277
vn -0.999106 -0.000003 0.042275
vn -0.999106 -0.000003 0.042275
vn 0.000000 1.000000 0.000000
vn 0.000000 1.000000 0.000000
vn -0.999106 0.000007 0.042275
vn -0.999106 0.000000 0.042276
vn -0.999059 0.000000 -0.043375
vn -0.980191 0.000000 -0.198057
vn -0.980191 0.000001 -0.198055
vn -0.980191 0.000000 -0.198054
vn -0.980191 0.000000 -0.198054
vn -0.980191 0.000003 -0.198056
vn -0.980191 0.000002 -0.198056
vn 0.000000 1.000000 0.000000
vn 0.000000 1.000000 0.000000
vn -0.980191 0.000000 -0.198055
vn -0.393815 -0.000001 -0.919190
vn -0.393815 -0.000001 -0.919190
vn -0.393815 0.000000 -0.919190
vn -0.393815 0.000000 -0.919190
vn -0.393814 -0.000002 -0.919190
vn -0.393815 -0.000004 -0.919190
vn 0.000000 1.000000 -0.000000
vn 0.000000 1.000000 -0.000000
vn -0.393815 -0.000002 -0.919190
vn -0.393815 0.000000 -0.919190
vn -0.373446 0.000000 -0.927652
vn -0.162395 0.000000 -0.986726
vn -0.162393 -0.000002 -0.986726
vn -0.162392 0.000000 -0.986726
vn -0.162392 0.000000 -0.986726
vn -0.162395 -0.000006 -0.986726
vn -0.162395 -0.000002 -0.986726
vn 0.000000 1.000000 0.000000
vn 0.000000 1.000000 0.000000
vn -0.162394 0.000000 -0.986726
vn -0.127220 0.000000 -0.991875
vn 0.078470 0.000000 -0.996917
vn 0.078463 0.000000 -0.996917
vn 0.078463 0.000000 -0.996917
vn 0.078463 0.000000 -0.996917
vn 0.078463 0.000000 -0.996917
vn 0.078461 0.000000 -0.996917
vn 0.172008 0.000000 -0.985096
vn 0.000000 1.000000 0.000000
vn 0.000000 1.000000 0.000000
vn 0.078460 0.000000 -0.996917
vn 0.172610 0.000000 -0.984990
vn 0.314764 0.000000 -0.949170
vn 0.314763 0.000002 -0.949170
vn 0.314760 0.000004 -0.949171
vn 0.314760 0.000002 -0.949171
vn 0.000000 1.000000 -0.000000
vn 0.314760 0.000001 -0.949171
vn 0.314759 0.000000 -0.949172
vn 0.447601 0.000000 -0.894233
vn 0.532767 0.000000 -0.846262
vn 0.532766 -0.000001 -0.846263
vn 0.532766 0.000000 -0.846263
vn 0.532766 0.000000 -0.846263
vn 0.653459 -0.000000 -0.756962
vn 0.532766 -0.000002 -0.846263
vn 0.532766 0.000000 -0.846263
vn 0.652400 0.000000 -0.757875
vn 0.000000 1.000000 0.000000
vn 0.532766 -0.000003 -0.846263
vn 0.904153 0.000000 -0.427209
vn 0.865019 -0.000003 -0.501740
vn 0.865019 0.000000 -0.501740
vn 0.959957 0.000000 -0.280146
vn 0.865018 -0.000003 -0.501740
vn 0.865018 0.000000 -0.501741
vn 0.865019 -0.000006 -0.501740
vn 0.865019 -0.000006 -0.501740
vn 0.000000 1.000000 0.000000
vn 0.719809 -0.000000 -0.694172
vn 0.719809 -0.000000 -0.694172
vn 0.719810 0.000000 -0.694171
vn 0.719810 0.000000 -0.694171
vn 0.719809 0.000000 -0.694172
vn 0.719809 0.000000 -0.694172
vn 0.719809 -0.000001 -0.694172
vn 0.719809 -0.000001 -0.694172
vn 0.000000 1.000000 0.000000
vn 0.000000 -1.000000 -0.000000
vn 0.000000 -1.000000 -0.000000
vn 0.000000 -1.000000 0.000000
vn 0.000000 -1.000000 -0.000000
vn 0.000000 -1.000000 -0.000000
vn 0.000000 -1.000000 0.000000
vn 0.000000 -1.000000 0.000000
vn 0.000000 -1.000000 -0.000000
vn 0.000000 -1.000000 -0.000000
vn 0.000000 -1.000000 -0.000000
vn 0.000000 -1.000000 -0.000000
vn 0.000000 -1.000000 0.000000
vn 0.000000 -1.000000 0.000000
vn 0.000000 -1.000000 0.000000
vn 0.000000 -1.000000 0.000000
vn 0.000000 -1.000000 0.000000
vn 0.000000 -1.000000 0.000000
vn 0.000000 -1.000000 0.000000
vn 0.000000 -1.000000 0.000000
vn 0.000000 -1.000000 -0.000000
vn 0.000000 -1.000000 -0.000000
vn 0.000000 -1.000000 0.000000
vn 0.000000 1.000000 0.000000
vn 0.000000 1.000000 0.000000
vn 0.000000 1.000000 0.000000
vn 0.000000 1.000000 0.000000
vn 0.000000 1.000000 0.000000
vn 0.000000 1.000000 0.000000
vn 0.000000 1.000000 0.000000
vn 0.000000 1.000000 0.000000
vn 0.000000 1.000000 0.000000
vn 0.000000 1.000000 0.000000
vn 0.000000 1.000000 0.000000
vn 0.000000 1.000000 0.000000
vn 0.000000 1.000000 0.000000
vn 0.000000 1.000000 0.000000
vn 0.000000 1.000000 0.000000
vn 0.000000 1.000000 0.000000
vn 0.000000 1.000000 0.000000
vn 0.000000 1.000000 0.000000
vn 0.000000 1.000000 0.000000
vn 0.000000 1.000000 0.000000
vn 0.000000 1.000000 0.000000
vn 0.000000 1.000000 0.000000
vn 0.000000 1.000000 0.000000
vn 0.000000 1.000000 0.000000
vn 0.000000 1.000000 0.000000
vn 0.000000 1.000000 0.000000
vn 0.000000 1.000000 0.000000
vn 0.000000 1.000000 0.000000
vn 0.000000 1.000000 0.000000
vn 0.000000 1.000000 0.000000
vn 0.000000 1.000000 0.000000
vn 0.000000 1.000000 0.000000
vn 0.000000 1.000000 0.000000
vn 0.000000 1.000000 0.000000
vn 0.000000 1.000000 0.000000
vn 0.000000 1.000000 0.000000
vn 0.000000 1.000000 0.000000
vn 0.000000 1.000000 0.000000
vn 0.000000 1.000000 0.000000
vn 0.000000 1.000000 0.000000
vn 0.000000 1.000000 0.000000
vn 0.000000 1.000000 0.000000
vn 0.000000 1.000000 0.000000
vn 0.000000 1.000000 0.000000
vn 0.000000 1.000000 0.000000
vn 0.000000 1.000000 0.000000
vn 0.000000 1.000000 0.000000
vn 0.000000 1.000000 0.000000
vn 0.000000 1.000000 0.000000
vn 0.000000 1.000000 -0.000000
vn 0.000000 1.000000 -0.000000
vn 0.000000 1.000000 0.000000
vn 0.000000 1.000000 0.000000
vn 0.000000 1.000000 0.000000
vn 0.000000 1.000000 0.000000
vn 0.000000 1.000000 0.000000
vn 0.000000 1.000000 0.000000
vn 0.000000 1.000000 0.000000
vn 0.000000 1.000000 0.000000
vn 0.000000 1.000000 0.000000
vn 0.000000 1.000000 0.000000
vn 0.000000 1.000000 0.000000
vn 0.000000 1.000000 0.000000
vn 0.000000 1.000000 0.000000
vn 0.000000 1.000000 0.000000
vn 0.000000 1.000000 0.000000
vn 0.000000 1.000000 0.000000
vn 0.000000 1.000000 0.000000
vn 0.000000 1.000000 0.000000
vn 0.000000 1.000000 0.000000
vn 0.000000 1.000000 0.000000
vn 0.000000 1.000000 0.000000
vn 0.000000 1.000000 0.000000
vn 0.000000 1.000000 0.000000
vn 0.000000 1.000000 0.000000
vn 0.000000 1.000000 0.000000
vn -0.314761 -0.000003 0.949171
vn -0.314761 0.000000 0.949171
vn -0.314761 0.000000 0.949171
vn -0.314761 -0.000009 0.949171
vn -0.314762 -0.000003 0.949171
vn -0.432224 -0.000001 0.901766
vn 0.000000 1.000000 0.000000
vn 0.000000 1.000000 0.000000
vn 0.000000 1.000000 0.000000
vn 0.000000 1.000000 0.000000
vn 0.000000 1.000000 0.000000
vn 0.000000 1.000000 0.000000
vn 0.000000 1.000000 0.000000
vn 0.000000 1.000000 0.000000
vn 0.000000 1.000000 0.000000
vn 0.000000 1.000000 0.000000
vn 0.000000 1.000000 0.000000
vn 0.000000 1.000000 0.000000
vn 0.000000 1.000000 0.000000
vn 0.000000 1.000000 0.000000
vn -0.314764 0.000000 0.949170
vn -0.432050 0.000000 0.901850
vn -0.532767 0.000000 0.846262
vn -0.532766 -0.000003 0.846263
vn 0.000000 1.000000 0.000000
vn 0.000000 1.000000 0.000000
vn 0.000000 1.000000 0.000000
vn 0.000000 1.000000 0.000000
vn 0.000000 1.000000 0.000000
vn 0.000000 1.000000 0.000000
vn 0.000000 1.000000 0.000000
vn 0.000000 1.000000 0.000000
vn 0.000000 1.000000 0.000000
vn 0.000000 1.000000 0.000000
vn 0.000000 1.000000 0.000000
vn 0.000000 1.000000 0.000000
vn 0.000000 1.000000 0.000000
vn 0.000000 1.000000 0.000000
vn 0.000000 1.000000 0.000000
vn 0.000000 1.000000 0.000000
vn 0.000000 1.000000 0.000000
vn 0.000000 1.000000 0.000000
vn 0.000000 1.000000 0.000000
vn 0.000000 1.000000 0.000000
vn -0.000000 1.000000 0.000000
vn -0.000000 1.000000 0.000000
vn 0.000000 1.000000 -0.000001
vn 0.000000 1.000000 -0.000001
vn 0.000000 1.000000 0.000000
vn 0.000000 1.000000 0.000000
vn 0.000000 1.000000 0.000000
vn 0.000000 1.000000 0.000000
vn -0.532765 0.000000 0.846263
vn -0.532764 0.000000 0.846264
vn -0.609709 0.000000 0.792625
vn -0.719810 0.000000 0.694171
vn -0.532765 -0.000007 0.846263
vn -0.532766 -0.000002 0.846263
vn 0.000000 1.000000 -0.000000
vn -0.721981 0.002740 0.691907
vn -0.722894 0.003974 0.690947
vn -0.722894 0.003974 0.690947
vn -0.719808 -0.000185 0.694173
vn -0.719803 -0.000080 0.694178
vn -0.000000 1.000000 0.000000
vn 0.000000 1.000000 0.000000
vn -0.000000 1.000000 0.000000
vn -0.000000 1.000000 0.000000
vn 0.000001 1.000000 -0.000000
vn 0.000000 1.000000 0.000000
vn 0.000000 1.000000 0.000000
vn 0.000000 1.000000 -0.000000
vn 0.000000 1.000000 -0.000000
vn -0.000001 1.000000 -0.000000
vn 0.000000 1.000000 0.000000
vn 0.000000 1.000000 0.000000
vn 0.000000 1.000000 0.000000
vn 0.000000 1.000000 0.000000
vn 0.000000 1.000000 0.000000
vn 0.000000 1.000000 0.000000
vn 0.000000 1.000000 0.000000
vn 0.000000 1.000000 0.000000
vn 0.000000 1.000000 0.000000
vn 0.000000 1.000000 0.000000
vn -0.000000 0.000000 0.000000
vn -0.000000 0.000000 0.000000
vn -0.804377 0.000000 0.594119
vn -0.865018 0.000000 0.501740
vn 0.000000 1.000000 0.000000
vn 0.000000 1.000000 0.000000
vn 0.000000 1.000000 0.000000
vn 0.000000 1.000000 0.000000
vn 0.000000 1.000000 0.000000
vn 0.000000 1.000000 0.000000
vn 0.000000 1.000000 0.000000
vn 0.000000 1.000000 0.000000
vn 0.000000 1.000000 0.000000
vn -0.860353 0.001663 0.509696
vn -0.856971 0.000000 0.515365
vn -0.856971 0.000000 0.515365
vn -0.864211 0.003584 0.503117
vn -0.865019 0.000000 0.501739
vn -0.000000 1.000000 0.000000
vn 0.000000 1.000000 0.000000
vn 0.000000 1.000000 0.000000
vn 0.000000 1.000000 0.000000
vn 0.000000 1.000000 0.000000
vn 0.000000 1.000000 0.000000
vn 0.000000 1.000000 0.000000
vn 0.000000 1.000000 0.000000
vn 0.000000 1.000000 0.000000
vn 0.000000 1.000000 0.000000
vn 0.000000 1.000000 0.000000
vn 0.000000 1.000000 0.000000
vn 0.000000 1.000000 0.000000
vn 0.000000 1.000000 0.000000
vn 0.000000 1.000000 0.000000
vn 0.000000 1.000000 0.000000
vn 0.000000 1.000000 0.000000
vn 0.000000 1.000000 0.000000
vn 0.000000 1.000000 0.000000
vn 0.000000 1.000000 0.000000
vn 0.000000 1.000000 0.000000
vn 0.000000 1.000000 0.000000
vn 0.000000 1.000000 0.000000
vn 0.000000 1.000000 0.000000
vn 0.000000 1.000000 0.000000
vn 0.000000 1.000000 0.000000
vn 0.000000 1.000000 0.000000
vn 0.000000 1.000000 0.000000
vn 0.000000 1.000000 0.000000
vn 0.000000 1.000000 0.000000
vn 0.000000 1.000000 0.000000
vn 0.000000 1.000000 0.000000
vn 0.000000 1.000000 0.000000
vn 0.000000 1.000000 0.000000
vn 0.000000 1.000000 0.000000
vn 0.000000 1.000000 0.000000
vn 0.000000 1.000000 0.000000
vn 0.000000 1.000000 0.000000
vn 0.000000 1.000000 0.000000
vn 0.000000 1.000000 0.000000
vn 0.000000 1.000000 0.000000
vn 0.000000 1.000000 0.000000
vn 0.000000 1.000000 0.000000
vn 0.000000 1.000000 0.000000
vn 0.000000 1.000000 0.000000
vn 0.000000 1.000000 0.000000
vn 0.000000 1.000000 0.000000
vn 0.000000 1.000000 0.000000
vn 0.000000 1.000000 0.000000
vn 0.000000 1.000000 0.000000
vn 0.000000 1.000000 0.000000
vn 0.000000 1.000000 0.000000
vn 0.000000 1.000000 0.000000
vn 0.000000 1.000000 0.000000
vn 0.000000 1.000000 0.000000
vn 0.000000 1.000000 0.000000
vn 0.000000 1.000000 0.000000
vn 0.000000 1.000000 0.000000
vn 0.000000 1.000000 0.000000
vn 0.000000 1.000000 0.000000
vn 0.000000 1.000000 0.000000
vn 0.000000 1.000000 0.000000
vn 0.000000 1.000000 0.000000
vn 0.000000 1.000000 0.000000
vn 0.000000 1.000000 0.000000
vn 0.000000 1.000000 0.000000
vn 0.000000 1.000000 0.000000
vn 0.000000 1.000000 0.000000
vn 0.000000 1.000000 0.000000
vn 0.000000 1.000000 0.000000
vn 0.000000 1.000000 0.000000
vn 0.000000 1.000000 0.000000
vn 0.000000 1.000000 0.000000
vn 0.000000 1.000000 0.000000
vn 0.000000 1.000000 0.000000
vn 0.000000 1.000000 0.000000
vn 0.000000 1.000000 0.000000
vn 0.000000 1.000000 0.000000
vn 0.000000 1.000000 0.000000
vn 0.000000 1.000000 0.000000
vn 0.000000 1.000000 0.000000
vn 0.000000 1.000000 0.000000
vn 0.000000 1.000000 0.000000
vn 0.000000 1.000000 0.000000
vn 0.000000 1.000000 0.000000
vn 0.000000 1.000000 0.000000
vn 0.000000 1.000000 0.000000
vn 0.000000 1.000000 0.000000
vn 0.000000 1.000000 0.000000
vn 0.000000 1.000000 0.000000
vn 0.000000 1.000000 0.000000
vn 0.000000 1.000000 0.000000
vn 0.000000 1.000000 0.000000
vn 0.000000 1.000000 0.000000
vn 0.000000 1.000000 0.000000
vn 0.000000 1.000000 0.000000
vn 0.000000 1.000000 0.000000
vn 0.000000 1.000000 0.000000
vn 0.000000 1.000000 0.000000
vn 0.000000 1.000000 0.000000
vn 0.000000 1.000000 0.000000
vn 0.000000 1.000000 0.000000
vn 0.000000 1.000000 0.000000
vn 0.000000 1.000000 0.000000
vn 0.000000 1.000000 0.000000
vn 0.000000 1.000000 0.000000
vn 0.000000 1.000000 0.000000
vn 0.000000 1.000000 0.000000
vn 0.000000 1.000000 0.000000
vn 0.000000 1.000000 0.000000
vn 0.000000 1.000000 0.000000
vn 0.000000 1.000000 0.000000
vn 0.000000 1.000000 0.000000
vn 0.000000 1.000000 0.000000
vn 0.000000 1.000000 0.000000
vn 0.000000 1.000000 0.000000
vn 0.000000 1.000000 0.000000
vn 0.000000 1.000000 0.000000
vn 0.000000 1.000000 0.000000
vn 0.000000 1.000000 0.000000
vn 0.000000 1.000000 0.000000
vn 0.000000 1.000000 0.000000
vn 0.000000 1.000000 0.000000
vn 0.000000 1.000000 0.000000
vn 0.000000 1.000000 0.000000
vn 0.000000 1.000000 0.000000
vn 0.000000 1.000000 0.000000
vn 0.000000 1.000000 0.000000
vn 0.000000 1.000000 0.000000
vn 0.000000 1.000000 0.000000
vn 0.000000 1.000000 0.000000
vn 0.000000 1.000000 0.000000
vn 0.000000 1.000000 0.000000
vn 0.000000 1.000000 0.000000
vn 0.000000 1.000000 0.000000
vn 0.000000 1.000000 0.000000
vn 0.000000 1.000000 0.000000
vn 0.000000 1.000000 0.000000
vn 0.000000 1.000000 0.000000
vn 0.000000 1.000000 0.000000
vn 0.000000 1.000000 0.000000
vn 0.000000 1.000000 0.000000
vn 0.000000 1.000000 0.000000
vn 0.000000 1.000000 0.000000
vn 0.000000 1.000000 0.000000
vn 0.000000 1.000000 0.000000
vn 0.000000 1.000000 0.000000
vn 0.000000 1.000000 0.000000
vn 0.000000 1.000000 0.000000
vn 0.000000 1.000000 0.000000
vn 0.000000 1.000000 0.000000
vn 0.000000 1.000000 0.000000
vn 0.000000 1.000000 0.000000
vn 0.000000 1.000000 0.000000
vn 0.000000 1.000000 0.000000
vn 0.000000 1.000000 0.000000
vn 0.000000 1.000000 0.000000
vn 0.000000 1.000000 0.000000
vn 0.000000 1.000000 0.000000
vn 0.000000 1.000000 0.000000
vn 0.000000 1.000000 0.000000
vn 0.000000 1.000000 0.000000
vn 0.000000 1.000000 0.000000
vn 0.000000 1.000000 0.000000
vn 0.000000 1.000000 0.000000
vn 0.000000 1.000000 0.000000
vn 0.000000 1.000000 0.000000
vn 0.000000 1.000000 0.000000
vn 0.000000 1.000000 0.000000
vn 0.000000 1.000000 0.000000
vn 0.000000 1.000000 0.000000
vn 0.000000 1.000000 0.000000
vn 0.000000 1.000000 0.000000
vn 0.000000 1.000000 0.000000
vn 0.000000 1.000000 0.000000
vn 0.000000 1.000000 0.000000
vn 0.000000 1.000000 0.000000
vn 0.000000 1.000000 0.000000
vn 0.000000 1.000000 0.000000
vn 0.000000 1.000000 0.000000
vn 0.000000 1.000000 0.000000
vn 0.000000 1.000000 0.000000
vn 0.000000 1.000000 0.000000
vn 0.000000 1.000000 0.000000
vn 0.000000 1.000000 0.000000
vn 0.000000 1.000000 0.000000
vn 0.000000 1.000000 0.000000
vn 0.000000 1.000000 0.000000
vn 0.000000 1.000000 0.000000
vn 0.000000 1.000000 0.000000
vn 0.000000 1.000000 0.000000
vn 0.000000 1.000000 0.000000
vn 0.000000 1.000000 0.000000
vn 0.000000 1.000000 0.000000
vn 0.000000 1.000000 0.000000
vn 0.000000 1.000000 0.000000
vn 0.000000 1.000000 0.000000
vn 0.000000 1.000000 0.000000
vn 0.000000 1.000000 0.000000
vn 0.000000 1.000000 0.000000
vn 0.000000 1.000000 0.000000
vn 0.000000 1.000000 0.000000
vn 0.000000 1.000000 0.000000
vn 0.000000 1.000000 0.000000
vn 0.000000 1.000000 0.000000
vn 0.000000 1.000000 0.000000
vn 0.000000 1.000000 0.000000
vn 0.000000 1.000000 0.000000
vn 0.000000 1.000000 0.000000
vn 0.000000 1.000000 0.000000
vn 0.000000 1.000000 0.000000
vn 0.000000 1.000000 0.000000
vn 0.000000 1.000000 0.000000
vn 0.000000 1.000000 0.000000
vn 0.000000 1.000000 0.000000
vn 0.000000 1.000000 0.000000
vn 0.000000 1.000000 0.000000
vn 0.000000 1.000000 0.000000
vn 0.000000 1.000000 0.000000
vn 0.000000 1.000000 0.000000
vn 0.000000 1.000000 0.000000
vn 0.000000 1.000000 0.000000
vn 0.000000 1.000000 0.000000
vn 0.000000 1.000000 0.000000
vn 0.000000 1.000000 0.000000
vn 0.000000 1.000000 0.000000
vn 0.000000 1.000000 0.000000
vn 0.000000 1.000000 0.000000
vn 0.000000 1.000000 0.000000
vn 0.000000 1.000000 0.000000
vn 0.000000 1.000000 0.000000
vn 0.000000 1.000000 0.000000
vn 0.000000 1.000000 0.000000
vn 0.000000 1.000000 0.000000
vn 0.000000 1.000000 0.000000
vn 0.000000 1.000000 0.000000
vn 0.000000 1.000000 0.000000
vn 0.000000 1.000000 0.000000
vn 0.000000 1.000000 0.000000
vn 0.000000 1.000000 0.000000
vn 0.000000 1.000000 0.000000
vn 0.000000 1.000000 0.000000
vn 0.000000 1.000000 0.000000
vn 0.000000 1.000000 0.000000
vn 0.000000 1.000000 0.000000
vn 0.000000 1.000000 0.000000
vn 0.000000 1.000000 0.000000
vn 0.000000 1.000000 0.000000
vn 0.000000 1.000000 0.000000
vn 0.000000 1.000000 0.000000
vn 0.000000 1.000000 0.000000
vn 0.000000 1.000000 0.000000
vn 0.000000 1.000000 0.000000
vn 0.000000 1.000000 0.000000
vn 0.000000 1.000000 0.000000
vn 0.000000 1.000000 0.000000
vn 0.000000 1.000000 0.000000
vn 0.000000 1.000000 0.000000
vn 0.000000 1.000000 0.000000
vn 0.000000 1.000000 0.000000
vn 0.000000 1.000000 0.000000
vn 0.000000 1.000000 0.000000
vn 0.000000 1.000000 0.000000
vn 0.000000 1.000000 0.000000
vn 0.000000 1.000000 -0.000000
vn 0.000000 1.000000 0.000000
vn 0.000000 1.000000 -0.000000
vn 0.000000 1.000000 -0.000000
vn 0.000000 1.000000 0.000000
vn 0.000000 1.000000 0.000000
vn 0.000000 1.000000 0.000000
vn 0.000000 1.000000 0.000000
vn 0.000000 1.000000 0.000000
vn 0.000000 1.000000 0.000000
vn 0.000000 1.000000 0.000000
vn 0.000000 1.000000 0.000000
vn 0.000000 1.000000 0.000000
vn 0.000000 1.000000 0.000000
vn 0.000000 1.000000 0.000000
vn 0.000000 1.000000 0.000000
vn 0.000000 1.000000 0.000000
vn 0.000000 1.000000 0.000000
vn 0.000000 1.000000 0.000000
vn 0.000000 1.000000 0.000000
vn 0.000000 1.000000 0.000000
vn 0.000000 1.000000 0.000000
vn 0.000000 1.000000 0.000000
vn 0.000000 1.000000 0.000000
vn 0.000000 1.000000 0.000000
vn 0.000000 1.000000 0.000000
vn 0.000000 1.000000 0.000000
vn 0.000000 1.000000 0.000000
vn 0.000000 1.000000 0.000000
vn 0.000000 1.000000 0.000000
vn 0.000000 1.000000 0.000000
vn 0.000000 1.000000 0.000000
vn 0.000000 1.000000 0.000000
vn 0.000000 1.000000 0.000000
vn 0.000000 1.000000 0.000000
vn 0.000000 1.000000 0.000000
vn 0.000000 1.000000 0.000000
vn 0.000000 1.000000 0.000000
vn 0.000000 1.000000 0.000000
vn 0.000000 1.000000 0.000000
vn 0.000000 1.000000 0.000000
vn 0.000000 1.000000 0.000000
vn 0.000000 1.000000 0.000000
vn 0.000000 1.000000 0.000000
vn 0.000000 1.000000 0.000000
vn 0.000000 1.000000 0.000000
vn 0.000000 1.000000 0.000000
vn 0.000000 1.000000 0.000000
vn 0.000000 1.000000 0.000000
vn 0.000000 1.000000 0.000000
vn 0.000000 1.000000 0.000000
vn 0.000000 1.000000 0.000000
vn 0.000000 1.000000 0.000000
vn 0.000000 1.000000 0.000000
vn 0.000000 1.000000 0.000000
vn 0.000000 1.000000 0.000000
vn 0.000000 1.000000 0.000000
vn 0.000000 1.000000 0.000000
vn 0.000000 1.000000 0.000000
vn 0.000000 1.000000 0.000000
vn 0.000000 1.000000 0.000000
vn 0.000000 1.000000 0.000000
vn 0.000000 1.000000 0.000000
vn 0.000000 1.000000 0.000000
vn 0.000000 1.000000 0.000000
vn 0.000000 1.000000 0.000000
vn 0.000000 1.000000 0.000000
vn 0.000000 1.000000 0.000000
vn 0.000000 1.000000 0.000000
vn 0.000000 1.000000 0.000000
vn 0.000000 1.000000 0.000000
vn 0.000000 1.000000 0.000000
vn 0.000000 1.000000 0.000000
vn 0.000000 1.000000 0.000000
vn 0.000000 1.000000 0.000000
vn 0.000000 1.000000 0.000000
vn 0.000000 1.000000 0.000000
vn 0.000000 1.000000 0.000000
vn 0.000000 1.000000 0.000000
vn 0.000000 1.000000 0.000000
vn 0.000000 1.000000 0.000000
vn 0.000000 1.000000 0.000000
vn 0.000000 1.000000 0.000000
vn 0.000000 1.000000 0.000000
vn 0.000000 1.000000 0.000000
vn 0.000000 1.000000 0.000000
vn 0.000000 1.000000 0.000000
vn 0.000000 1.000000 0.000000
vn 0.000000 1.000000 0.000000
vn 0.000000 1.000000 0.000000
vn 0.000000 1.000000 0.000000
vn 0.000000 1.000000 0.000000
vn 0.000000 1.000000 0.000000
vn 0.000000 1.000000 0.000000
vn 0.000000 1.000000 0.000000
vn 0.000000 1.000000 0.000000
vn 0.000000 1.000000 0.000000
vn 0.000000 1.000000 0.000000
vn 0.000000 1.000000 0.000000
vn 0.000000 1.000000 0.000000
vn 0.000000 1.000000 0.000000
vn 0.000000 1.000000 0.000000
vn 0.000000 1.000000 0.000000
vn 0.000000 1.000000 0.000000
vn 0.000000 1.000000 0.000000
vn 0.000000 1.000000 0.000000
vn 0.000000 1.000000 0.000000
vn 0.000000 1.000000 0.000000
vn 0.000000 1.000000 0.000000
vn 0.000000 1.000000 0.000000
vn 0.000000 1.000000 0.000000
vn 0.000000 1.000000 0.000000
vn 0.000000 1.000000 0.000000
vn 0.000000 1.000000 0.000000
vn 0.000000 1.000000 0.000000
vn 0.000000 1.000000 0.000000
vn 0.000000 1.000000 0.000000
vn 0.000000 1.000000 0.000000
vn 0.000000 1.000000 0.000000
vn 0.000000 1.000000 0.000000
vn 0.000000 1.000000 0.000000
vn 0.000000 1.000000 0.000000
vn 0.000000 1.000000 0.000000
vn 0.000000 1.000000 0.000000
vn 0.000000 1.000000 0.000000
vn 0.000000 1.000000 0.000000
vn 0.000000 1.000000 0.000000
vn 0.000000 1.000000 0.000000
vn 0.000000 1.000000 0.000000
vn 0.000000 1.000000 0.000000
vn 0.000000 1.000000 0.000000
vn 0.000000 1.000000 -0.000000
vn 0.000000 1.000000 -0.000000
vn 0.000000 1.000000 -0.000000
vn 0.000000 1.000000 0.000000
vn 0.000000 1.000000 0.000000
vn 0.000000 1.000000 0.000000
vn 0.000000 1.000000 0.000000
vn 0.000000 1.000000 0.000000
vn 0.000000 1.000000 0.000000
vn 0.000000 1.000000 0.000000
vn 0.000000 1.000000 0.000000
vn 0.000000 1.000000 0.000000
vn 0.000000 1.000000 0.000000
vn 0.000000 1.000000 0.000000
vn 0.000000 1.000000 0.000000
vn 0.000000 1.000000 0.000000
vn 0.000000 1.000000 0.000000
vn 0.000000 1.000000 0.000000
vn 0.000000 1.000000 0.000000
vn 0.000000 1.000000 0.000000
vn 0.000000 1.000000 0.000000
vn 0.000000 1.000000 0.000000
vn 0.000000 1.000000 0.000000
vn 0.000000 1.000000 0.000000
vn 0.000000 1.000000 0.000000
vn 0.000000 1.000000 0.000000
vn 0.000000 1.000000 0.000000
vn 0.000000 1.000000 0.000000
vn 0.000000 1.000000 0.000000
vn 0.000000 1.000000 0.000000
vn 0.000000 1.000000 0.000000
vn 0.000000 1.000000 0.000000
vn 0.000000 1.000000 0.000000
vn 0.000000 1.000000 0.000000
vn 0.000000 1.000000 0.000000
vn 0.000000 1.000000 0.000000
vn 0.000000 1.000000 0.000000
vn 0.000000 1.000000 0.000000
vn 0.000000 1.000000 0.000000
vn 0.000000 1.000000 0.000000
vn 0.000000 1.000000 0.000000
vn 0.000000 1.000000 0.000000
vn 0.000000 1.000000 0.000000
vn 0.000000 1.000000 0.000000
vn 0.000000 1.000000 0.000000
vn 0.000000 1.000000 0.000000
vn 0.000000 1.000000 0.000000
vn 0.000000 1.000000 0.000000
vn 0.000000 1.000000 0.000000
vn 0.000000 1.000000 0.000000
vn 0.000000 1.000000 0.000000
vn 0.000000 1.000000 0.000000
vn 0.000000 1.000000 0.000000
vn 0.000000 1.000000 0.000000
vn 0.000000 1.000000 0.000000
vn 0.000000 1.000000 0.000000
vn 0.000000 1.000000 0.000000
vn 0.000000 1.000000 0.000000
vn 0.000000 1.000000 0.000000
vn 0.000000 1.000000 0.000000
vn 0.000000 1.000000 0.000000
vn 0.000000 1.000000 0.000000
vn 0.000000 1.000000 0.000000
vn 0.000000 1.000000 0.000000
vn 0.000000 1.000000 0.000000
vn 0.000000 1.000000 0.000000
vn 0.000000 1.000000 0.000000
vn 0.000000 1.000000 0.000000
vn 0.000000 1.000000 0.000000
vn 0.000000 1.000000 0.000000
vn 0.000000 1.000000 0.000000
vn 0.000000 1.000000 0.000000
vn 0.000000 1.000000 0.000000
vn 0.000000 1.000000 0.000000
vn 0.000000 1.000000 0.000000
vn 0.000000 1.000000 0.000000
vn -0.098198 0.000000 0.995167
vn -0.098198 0.000000 0.995167
vn 0.558812 0.473016 0.681165
vn -0.681166 0.473017 0.558809
vn 0.681167 0.473017 -0.558809
vn -0.558812 0.473016 -0.681165
vn 0.098198 0.000000 -0.995167
vn 0.098198 0.000000 -0.995167
vn 0.995167 0.000000 0.098199
vn 0.995167 0.000000 0.098199
vn -0.995167 0.000000 -0.098198
vn -0.995167 0.000000 -0.098198
vn -0.098197 0.000000 0.995167
vn -0.098197 0.000000 0.995167
vn 0.487010 0.640631 0.593644
vn -0.593644 0.640631 0.487010
vn 0.593644 0.640631 -0.487010
vn -0.487010 0.640631 -0.593644
vn 0.098197 0.000000 -0.995167
vn 0.098197 0.000000 -0.995167
vn 0.995167 0.000000 0.098199
vn 0.995167 0.000000 0.098199
vn -0.995167 0.000000 -0.098199
vn -0.995167 0.000000 -0.098199
vn 0.098198 0.000000 0.995167
vn 0.681166 0.473016 0.558809
vn -0.558812 0.473016 0.681165
vn 0.098198 0.000000 0.995167
vn 0.558812 0.473016 -0.681165
vn -0.681167 0.473016 -0.558809
vn -0.098198 0.000000 -0.995167
vn -0.098198 0.000000 -0.995167
vn -0.995167 0.000000 0.098199
vn -0.995167 0.000000 0.098199
vn 0.995167 0.000000 -0.098198
vn 0.995167 0.000000 -0.098198
vn 0.098197 0.000000 0.995167
vn 0.593644 0.640631 0.487010
vn -0.487010 0.640631 0.593644
vn 0.098197 0.000000 0.995167
vn 0.487010 0.640631 -0.593644
vn -0.593644 0.640631 -0.487010
vn -0.098197 0.000000 -0.995167
vn -0.098197 0.000000 -0.995167
vn -0.995167 0.000000 0.098199
vn -0.995167 0.000000 0.098199
vn 0.995167 0.000000 -0.098199
vn 0.995167 0.000000 -0.098199
vn -0.098198 0.000000 -0.995167
vn -0.681166 0.473016 -0.558809
vn 0.558812 0.473016 -0.681165
vn -0.098198 0.000000 -0.995167
vn -0.558812 0.473016 0.681165
vn 0.681167 0.473016 0.558809
vn 0.098198 0.000000 0.995167
vn 0.098198 0.000000 0.995167
vn 0.995167 0.000000 -0.098199
vn 0.995167 0.000000 -0.098199
vn -0.995167 0.000000 0.098198
vn -0.995167 0.000000 0.098198
vn -0.098197 0.000000 -0.995167
vn -0.593644 0.640631 -0.487010
vn 0.487010 0.640631 -0.593644
vn -0.098197 0.000000 -0.995167
vn -0.487010 0.640631 0.593644
vn 0.593644 0.640631 0.487010
vn 0.098197 0.000000 0.995167
vn 0.098197 0.000000 0.995167
vn 0.995167 0.000000 -0.098199
vn 0.995167 0.000000 -0.098199
vn -0.995167 0.000000 0.098199
vn -0.995167 0.000000 0.098199
vn 0.098198 0.000000 -0.995167
vn 0.098198 0.000000 -0.995167
vn -0.558812 0.473016 -0.681165
vn 0.681166 0.473017 -0.558809
vn -0.681167 0.473017 0.558809
vn 0.558812 0.473016 0.681165
vn -0.098198 0.000000 0.995167
vn -0.098198 0.000000 0.995167
vn -0.995167 0.000000 -0.098199
vn -0.995167 0.000000 -0.098199
vn 0.995167 0.000000 0.098198
vn 0.995167 0.000000 0.098198
vn 0.098197 0.000000 -0.995167
vn 0.098197 0.000000 -0.995167
vn -0.487010 0.640631 -0.593644
vn 0.593644 0.640631 -0.487010
vn -0.593644 0.640631 0.487010
vn 0.487010 0.640631 0.593644
vn -0.098197 0.000000 0.995167
vn -0.098197 0.000000 0.995167
vn -0.995167 0.000000 -0.098199
vn -0.995167 0.000000 -0.098199
vn 0.995167 0.000000 0.098199
vn 0.995167 0.000000 0.098199
vn 0.212013 0.000000 0.977267
vn 0.727108 0.502413 0.467863
vn -0.467864 0.502412 0.727108
vn 0.212013 0.000000 0.977267
vn 0.467864 0.502413 -0.727107
vn -0.727107 0.502414 -0.467863
vn -0.212014 0.000000 -0.977267
vn -0.212014 0.000000 -0.977267
vn -0.977267 0.000000 0.212014
vn -0.977267 0.000000 0.212014
vn 0.977266 0.000000 -0.212016
vn 0.977266 0.000000 -0.212016
vn 0.212017 0.000000 0.977266
vn 0.623872 0.670547 0.401435
vn -0.401433 0.670547 0.623873
vn 0.212017 0.000000 0.977266
vn 0.401433 0.670548 -0.623873
vn -0.623872 0.670548 -0.401435
vn -0.212017 0.000000 -0.977266
vn -0.212017 0.000000 -0.977266
vn -0.977266 0.000000 0.212015
vn -0.977266 0.000000 0.212015
vn 0.977266 0.000000 -0.212016
vn 0.977266 0.000000 -0.212016
vn 0.372288 0.000000 0.928117
vn 0.372288 0.000000 0.928117
vn 0.583182 0.531747 0.614120
vn 0.002865 0.531747 0.846898
vn -0.002865 0.531747 -0.846898
vn -0.583182 0.531747 -0.614120
vn -0.372289 0.000000 -0.928117
vn -0.372289 0.000000 -0.928117
vn 0.928117 0.000000 -0.372288
vn 0.928117 0.000000 -0.372288
vn -0.928117 0.000000 0.372290
vn -0.928117 0.000000 0.372290
vn 0.522097 0.000000 0.852886
vn 0.522097 0.000000 0.852886
vn 0.721287 0.670549 0.173523
vn -0.173523 0.670549 0.721286
vn 0.173523 0.670547 -0.721288
vn -0.721286 0.670549 -0.173523
vn -0.522099 0.000000 -0.852885
vn -0.522099 0.000000 -0.852885
vn 0.852885 0.000000 -0.522099
vn 0.852885 0.000000 -0.522099
vn -0.852884 0.000000 0.522101
vn -0.852884 0.000000 0.522101
vn 0.522097 0.000000 0.852886
vn 0.522097 0.000000 0.852886
vn 0.840642 0.502415 0.202237
vn -0.202237 0.502414 0.840643
vn 0.202237 0.502414 -0.840643
vn -0.840642 0.502415 -0.202237
vn -0.522097 0.000000 -0.852886
vn -0.522097 0.000000 -0.852886
vn 0.852884 0.000000 -0.522101
vn 0.852884 0.000000 -0.522101
vn -0.852884 0.000000 0.522101
vn -0.852884 0.000000 0.522101
vn 0.576968 0.000000 0.816767
vn 0.852108 0.502412 0.146609
vn -0.146606 0.502412 0.852108
vn 0.576968 0.000000 0.816767
vn 0.146606 0.502413 -0.852108
vn -0.852107 0.502413 -0.146609
vn -0.576971 0.000000 -0.816764
vn -0.576971 0.000000 -0.816764
vn -0.816767 0.000000 0.576968
vn -0.816767 0.000000 0.576968
vn 0.816766 0.000000 -0.576969
vn 0.816766 0.000000 -0.576969
vn 0.576968 0.000000 0.816767
vn 0.731123 0.670548 0.125793
vn -0.125793 0.670547 0.731124
vn 0.576968 0.000000 0.816767
vn 0.125793 0.670547 -0.731124
vn -0.731124 0.670547 -0.125793
vn -0.576967 0.000000 -0.816767
vn -0.576967 0.000000 -0.816767
vn -0.816766 0.000000 0.576970
vn -0.816766 0.000000 0.576970
vn 0.816767 0.000000 -0.576968
vn 0.816767 0.000000 -0.576968
vn 0.705302 0.000000 0.708907
vn 0.705302 0.000000 0.708907
vn 0.776761 0.531747 0.337472
vn 0.333508 0.531747 0.778471
vn -0.333508 0.531747 -0.778471
vn -0.776761 0.531747 -0.337472
vn -0.705303 0.000000 -0.708906
vn -0.705303 0.000000 -0.708906
vn 0.708907 0.000000 -0.705302
vn 0.708907 0.000000 -0.705302
vn -0.708905 0.000000 0.705304
vn -0.708905 0.000000 0.705304
vn 0.813814 0.000000 0.581126
vn 0.813814 0.000000 0.581126
vn 0.731755 0.670549 -0.122064
vn 0.122064 0.670550 0.731753
vn -0.122064 0.670550 -0.731754
vn -0.731753 0.670550 0.122063
vn -0.813816 0.000000 -0.581123
vn -0.813816 0.000000 -0.581123
vn 0.581124 0.000000 -0.813815
vn 0.581124 0.000000 -0.813815
vn -0.581126 0.000000 0.813813
vn -0.581126 0.000000 0.813813
vn 0.813817 0.000000 0.581122
vn 0.813817 0.000000 0.581122
vn 0.852842 0.502416 -0.142263
vn 0.142264 0.502415 0.852843
vn -0.142264 0.502415 -0.852843
vn -0.852843 0.502414 0.142263
vn -0.813815 0.000000 -0.581124
vn -0.813815 0.000000 -0.581124
vn 0.581126 0.000000 -0.813814
vn 0.581126 0.000000 -0.813814
vn -0.581124 0.000000 0.813815
vn -0.581124 0.000000 0.813815
vn 0.835423 0.000000 0.549607
vn 0.846786 0.502413 -0.174743
vn 0.174745 0.502412 0.846786
vn 0.835423 0.000000 0.549607
vn -0.174745 0.502413 -0.846786
vn -0.846786 0.502413 0.174743
vn -0.835423 0.000000 -0.549607
vn -0.835423 0.000000 -0.549607
vn -0.549606 0.000000 0.835424
vn -0.549606 0.000000 0.835424
vn 0.549606 0.000000 -0.835424
vn 0.549606 0.000000 -0.835424
vn 0.835424 0.000000 0.549606
vn 0.726555 0.670551 -0.149931
vn 0.149933 0.670549 0.726556
vn 0.835424 0.000000 0.549606
vn -0.149933 0.670550 -0.726555
vn -0.726556 0.670549 0.149932
vn -0.835422 0.000000 -0.549610
vn -0.835422 0.000000 -0.549610
vn -0.549607 0.000000 0.835423
vn -0.549607 0.000000 0.835423
vn 0.549608 0.000000 -0.835423
vn 0.549608 0.000000 -0.835423
vn 0.915496 0.000000 0.402327
vn 0.915496 0.000000 0.402327
vn 0.846356 0.531746 0.030454
vn 0.594796 0.531745 0.602880
vn -0.594796 0.531746 -0.602880
vn -0.846356 0.531746 -0.030454
vn -0.915496 0.000000 -0.402327
vn -0.915496 0.000000 -0.402327
vn 0.402327 0.000000 -0.915496
vn 0.402327 0.000000 -0.915496
vn -0.402328 0.000000 0.915496
vn -0.402328 0.000000 0.915496
vn 0.969840 0.000000 0.243742
vn 0.969840 0.000000 0.243742
vn 0.636618 0.670548 -0.380897
vn 0.380896 0.670550 0.636617
vn -0.380897 0.670548 -0.636618
vn -0.636617 0.670550 0.380896
vn -0.969841 0.000000 -0.243737
vn -0.969841 0.000000 -0.243737
vn 0.243740 0.000000 -0.969841
vn 0.243740 0.000000 -0.969841
vn -0.243740 0.000000 0.969841
vn -0.243740 0.000000 0.969841
vn 0.969841 0.000000 0.243738
vn 0.969841 0.000000 0.243738
vn 0.741962 0.502415 -0.443927
vn 0.443926 0.502414 0.741963
vn -0.443926 0.502415 -0.741963
vn -0.741962 0.502415 0.443927
vn -0.969841 0.000000 -0.243739
vn -0.969841 0.000000 -0.243739
vn 0.243737 0.000000 -0.969841
vn 0.243737 0.000000 -0.969841
vn -0.243740 0.000000 0.969841
vn -0.243740 0.000000 0.969841
vn 0.985949 0.000000 0.167048
vn 0.704926 0.502412 -0.500662
vn 0.500662 0.502411 0.704926
vn 0.985949 0.000000 0.167048
vn -0.500662 0.502412 -0.704925
vn -0.704926 0.502411 0.500662
vn -0.985948 0.000000 -0.167052
vn -0.985948 0.000000 -0.167052
vn -0.167051 0.000000 0.985948
vn -0.167051 0.000000 0.985948
vn 0.167049 0.000000 -0.985949
vn 0.167049 0.000000 -0.985949
vn 0.985948 0.000000 0.167050
vn 0.604840 0.670545 -0.429578
vn 0.429579 0.670546 0.604839
vn 0.985948 0.000000 0.167050
vn -0.429579 0.670545 -0.604840
vn -0.604839 0.670547 0.429577
vn -0.985949 0.000000 -0.167046
vn -0.985949 0.000000 -0.167046
vn -0.167051 0.000000 0.985948
vn -0.167051 0.000000 0.985948
vn 0.167050 0.000000 -0.985949
vn 0.167050 0.000000 -0.985949
vn 1.000000 0.000000 0.000000
vn 1.000000 0.000000 0.000000
vn 0.787087 0.531747 -0.312632
vn 0.787087 0.531747 0.312632
vn -0.787087 0.531747 -0.312632
vn -0.787087 0.531747 0.312632
vn -1.000000 0.000000 0.000000
vn -1.000000 0.000000 0.000000
vn 0.000000 0.000000 -1.000000
vn 0.000000 0.000000 -1.000000
vn 0.000000 0.000000 1.000000
vn 0.000000 0.000000 1.000000
vn 0.985948 0.000000 -0.167050
vn 0.985948 0.000000 -0.167050
vn 0.429576 0.670549 -0.604837
vn 0.604838 0.670548 0.429577
vn -0.604837 0.670550 -0.429576
vn -0.429577 0.670549 0.604837
vn -0.985949 0.000000 0.167046
vn -0.985949 0.000000 0.167046
vn -0.167051 0.000000 -0.985948
vn -0.167051 0.000000 -0.985948
vn 0.167049 0.000000 0.985949
vn 0.167049 0.000000 0.985949
vn 0.985949 0.000000 -0.167049
vn 0.985949 0.000000 -0.167049
vn 0.500659 0.502417 -0.704924
vn 0.704923 0.502417 0.500660
vn -0.704923 0.502416 -0.500661
vn -0.500659 0.502417 0.704924
vn -0.985948 0.000000 0.167052
vn -0.985948 0.000000 0.167052
vn -0.167050 0.000000 -0.985949
vn -0.167050 0.000000 -0.985949
vn 0.167051 0.000000 0.985948
vn 0.167051 0.000000 0.985948
vn 0.970290 0.000000 -0.241943
vn 0.445301 0.502412 -0.741140
vn 0.741141 0.502413 0.445300
vn 0.970290 0.000000 -0.241943
vn -0.741140 0.502413 -0.445300
vn -0.445301 0.502413 0.741140
vn -0.970290 0.000000 0.241944
vn -0.970290 0.000000 0.241944
vn 0.241940 0.000000 0.970291
vn 0.241940 0.000000 0.970291
vn -0.241943 0.000000 -0.970291
vn -0.241943 0.000000 -0.970291
vn 0.970291 0.000000 -0.241942
vn 0.382077 0.670546 -0.635913
vn 0.635913 0.670547 0.382074
vn 0.970291 0.000000 -0.241942
vn -0.635915 0.670546 -0.382075
vn -0.382076 0.670547 0.635912
vn -0.970290 0.000000 0.241946
vn -0.970290 0.000000 0.241946
vn 0.241945 0.000000 0.970290
vn 0.241945 0.000000 0.970290
vn -0.241943 0.000000 -0.970291
vn -0.241943 0.000000 -0.970291
vn 0.916240 0.000000 -0.400630
vn 0.916240 0.000000 -0.400630
vn 0.595911 0.531746 -0.601777
vn 0.846411 0.531746 -0.028886
vn -0.846412 0.531745 0.028886
vn -0.595911 0.531746 0.601777
vn -0.916239 0.000000 0.400632
vn -0.916239 0.000000 0.400632
vn -0.400630 0.000000 -0.916240
vn -0.400630 0.000000 -0.916240
vn 0.400632 0.000000 0.916239
vn 0.400632 0.000000 0.916239
vn 0.836441 0.000000 -0.548056
vn 0.836441 0.000000 -0.548056
vn 0.151279 0.670549 -0.726277
vn 0.726277 0.670550 0.151278
vn -0.726276 0.670550 -0.151278
vn -0.151279 0.670551 0.726276
vn -0.836440 0.000000 0.548058
vn -0.836440 0.000000 0.548058
vn -0.548061 0.000000 -0.836438
vn -0.548061 0.000000 -0.836438
vn 0.548059 0.000000 0.836440
vn 0.548059 0.000000 0.836440
vn 0.836439 0.000000 -0.548061
vn 0.836439 0.000000 -0.548061
vn 0.176311 0.502414 -0.846460
vn 0.846460 0.502413 0.176312
vn -0.846460 0.502415 -0.176311
vn -0.176311 0.502414 0.846460
vn -0.836441 0.000000 0.548057
vn -0.836441 0.000000 0.548057
vn -0.548059 0.000000 -0.836440
vn -0.548059 0.000000 -0.836440
vn 0.548059 0.000000 0.836440
vn 0.548059 0.000000 0.836440
vn 0.816339 0.000000 -0.577573
vn 0.145979 0.502412 -0.852216
vn 0.852216 0.502412 0.145977
vn 0.816339 0.000000 -0.577573
vn -0.852216 0.502412 -0.145977
vn -0.145978 0.502413 0.852216
vn -0.816339 0.000000 0.577574
vn -0.816339 0.000000 0.577574
vn 0.577573 0.000000 0.816339
vn 0.577573 0.000000 0.816339
vn -0.577574 0.000000 -0.816338
vn -0.577574 0.000000 -0.816338
vn 0.816339 0.000000 -0.577574
vn 0.125251 0.670548 -0.731216
vn 0.731216 0.670548 0.125251
vn 0.816339 0.000000 -0.577574
vn -0.731216 0.670548 -0.125251
vn -0.125251 0.670548 0.731216
vn -0.816338 0.000000 0.577574
vn -0.816338 0.000000 0.577574
vn 0.577573 0.000000 0.816339
vn 0.577573 0.000000 0.816339
vn -0.577574 0.000000 -0.816338
vn -0.577574 0.000000 -0.816338
vn 0.708384 0.000000 -0.705827
vn 0.708384 0.000000 -0.705827
vn 0.336896 0.531747 -0.777011
vn 0.778224 0.531747 -0.334084
vn -0.778224 0.531747 0.334084
vn -0.336896 0.531747 0.777011
vn -0.708385 0.000000 0.705827
vn -0.708385 0.000000 0.705827
vn -0.705827 0.000000 -0.708385
vn -0.705827 0.000000 -0.708385
vn 0.705828 0.000000 0.708383
vn 0.705828 0.000000 0.708383
vn 0.580521 0.000000 -0.814245
vn 0.580521 0.000000 -0.814245
vn -0.122606 0.670549 -0.731663
vn 0.731663 0.670550 -0.122606
vn -0.731663 0.670550 0.122606
vn 0.122605 0.670550 0.731663
vn -0.580522 0.000000 0.814244
vn -0.580522 0.000000 0.814244
vn -0.814245 0.000000 -0.580521
vn -0.814245 0.000000 -0.580521
vn 0.814244 0.000000 0.580523
vn 0.814244 0.000000 0.580523
vn 0.580521 0.000000 -0.814245
vn 0.580521 0.000000 -0.814245
vn -0.142895 0.502414 -0.852737
vn 0.852738 0.502414 -0.142894
vn -0.852738 0.502414 0.142894
vn 0.142896 0.502413 0.852738
vn -0.580525 0.000000 0.814243
vn -0.580525 0.000000 0.814243
vn -0.814245 0.000000 -0.580522
vn -0.814245 0.000000 -0.580522
vn 0.814247 0.000000 0.580519
vn 0.814247 0.000000 0.580519
vn 0.533599 0.000000 -0.845738
vn -0.190837 0.502413 -0.843304
vn 0.843305 0.502412 -0.190837
vn 0.533599 0.000000 -0.845738
vn -0.843305 0.502413 0.190837
vn 0.190837 0.502413 0.843304
vn -0.533601 0.000000 0.845736
vn -0.533601 0.000000 0.845736
vn 0.845738 0.000000 0.533599
vn 0.845738 0.000000 0.533599
vn -0.845739 0.000000 -0.533596
vn -0.845739 0.000000 -0.533596
vn 0.533603 0.000000 -0.845735
vn -0.163740 0.670547 -0.723572
vn 0.723572 0.670547 -0.163740
vn 0.533603 0.000000 -0.845735
vn -0.723571 0.670547 0.163740
vn 0.163740 0.670548 0.723570
vn -0.533601 0.000000 0.845736
vn -0.533601 0.000000 0.845736
vn 0.845737 0.000000 0.533600
vn 0.845737 0.000000 0.533600
vn -0.845739 0.000000 -0.533597
vn -0.845739 0.000000 -0.533597
vn 0.384821 0.000000 -0.922991
vn 0.384821 0.000000 -0.922991
vn 0.014332 0.531746 -0.846783
vn 0.591445 0.531746 -0.606168
vn -0.591444 0.531746 0.606168
vn -0.014332 0.531746 0.846782
vn -0.384821 0.000000 0.922991
vn -0.384821 0.000000 0.922991
vn -0.922992 0.000000 -0.384820
vn -0.922992 0.000000 -0.384820
vn 0.922991 0.000000 0.384821
vn 0.922991 0.000000 0.384821
vn 0.225224 0.000000 -0.974307
vn 0.225224 0.000000 -0.974307
vn -0.392952 0.670550 -0.629248
vn 0.629248 0.670550 -0.392950
vn -0.629248 0.670550 0.392950
vn 0.392951 0.670550 0.629248
vn -0.225225 0.000000 0.974307
vn -0.225225 0.000000 0.974307
vn -0.974306 0.000000 -0.225227
vn -0.974306 0.000000 -0.225227
vn 0.974306 0.000000 0.225228
vn 0.974306 0.000000 0.225228
vn 0.225223 0.000000 -0.974307
vn 0.225223 0.000000 -0.974307
vn -0.457974 0.502414 -0.733376
vn 0.733376 0.502413 -0.457975
vn -0.733376 0.502414 0.457975
vn 0.457974 0.502413 0.733376
vn -0.225233 0.000000 0.974305
vn -0.225233 0.000000 0.974305
vn -0.974306 0.000000 -0.225229
vn -0.974306 0.000000 -0.225229
vn 0.974306 0.000000 0.225227
vn 0.974306 0.000000 0.225227
vn -0.223134 0.000000 -0.974788
vn -0.732390 0.502413 -0.459550
vn 0.459551 0.502412 -0.732390
vn -0.223134 0.000000 -0.974788
vn -0.459551 0.502414 0.732389
vn 0.732390 0.502413 0.459550
vn 0.223129 0.000000 0.974789
vn 0.223129 0.000000 0.974789
vn 0.974788 0.000000 -0.223133
vn 0.974788 0.000000 -0.223133
vn -0.974787 0.000000 0.223136
vn -0.974787 0.000000 0.223136
vn -0.223135 0.000000 -0.974788
vn -0.628404 0.670548 -0.394302
vn 0.394301 0.670547 -0.628405
vn -0.223135 0.000000 -0.974788
vn -0.394301 0.670548 0.628405
vn 0.628404 0.670548 0.394302
vn 0.223138 0.000000 0.974787
vn 0.223138 0.000000 0.974787
vn 0.974788 0.000000 -0.223133
vn 0.974788 0.000000 -0.223133
vn -0.974788 0.000000 0.223133
vn -0.974788 0.000000 0.223133
vn -0.382836 0.000000 -0.923816
vn -0.382836 0.000000 -0.923816
vn -0.590140 0.531746 -0.607438
vn -0.012511 0.531747 -0.846811
vn 0.012511 0.531747 0.846811
vn 0.590140 0.531746 0.607438
vn 0.382835 0.000000 0.923817
vn 0.382835 0.000000 0.923817
vn -0.923816 0.000000 0.382838
vn -0.923816 0.000000 0.382838
vn 0.923816 0.000000 -0.382837
vn 0.923816 0.000000 -0.382837
vn -0.531781 0.000000 -0.846882
vn -0.531781 0.000000 -0.846882
vn -0.723214 0.670551 -0.165296
vn 0.165295 0.670551 -0.723215
vn -0.165295 0.670551 0.723215
vn 0.723214 0.670551 0.165296
vn 0.531779 0.000000 0.846883
vn 0.531779 0.000000 0.846883
vn -0.846882 0.000000 0.531781
vn -0.846882 0.000000 0.531781
vn 0.846883 0.000000 -0.531779
vn 0.846883 0.000000 -0.531779
vn -0.531781 0.000000 -0.846882
vn -0.531781 0.000000 -0.846882
vn -0.842892 0.502415 -0.192647
vn 0.192647 0.502415 -0.842892
vn -0.192646 0.502415 0.842892
vn 0.842891 0.502415 0.192647
vn 0.531782 0.000000 0.846881
vn 0.531782 0.000000 0.846881
vn -0.846881 0.000000 0.531782
vn -0.846881 0.000000 0.531782
vn 0.846882 0.000000 -0.531781
vn 0.846882 0.000000 -0.531781
vn -0.579047 0.000000 -0.815294
vn -0.852478 0.502414 -0.144436
vn 0.144436 0.502413 -0.852478
vn -0.579047 0.000000 -0.815294
vn -0.144436 0.502413 0.852478
vn 0.852477 0.502415 0.144437
vn 0.579049 0.000000 0.815293
vn 0.579049 0.000000 0.815293
vn 0.815294 0.000000 -0.579048
vn 0.815294 0.000000 -0.579048
vn -0.815292 0.000000 0.579050
vn -0.815292 0.000000 0.579050
vn -0.579048 0.000000 -0.815293
vn -0.731444 0.670546 -0.123930
vn 0.123929 0.670546 -0.731443
vn -0.579048 0.000000 -0.815293
vn -0.123929 0.670546 0.731443
vn 0.731444 0.670546 0.123930
vn 0.579048 0.000000 0.815293
vn 0.579048 0.000000 0.815293
vn 0.815293 0.000000 -0.579048
vn 0.815293 0.000000 -0.579048
vn -0.815293 0.000000 0.579048
vn -0.815293 0.000000 0.579048
vn -0.707107 0.000000 -0.707107
vn -0.707107 0.000000 -0.707107
vn -0.777619 0.531747 -0.335491
vn -0.335491 0.531747 -0.777619
vn 0.335491 0.531747 0.777619
vn 0.777619 0.531747 0.335491
vn 0.707107 0.000000 0.707107
vn 0.707107 0.000000 0.707107
vn -0.707107 0.000000 0.707107
vn -0.707107 0.000000 0.707107
vn 0.707107 0.000000 -0.707107
vn 0.707107 0.000000 -0.707107
vn -0.815293 0.000000 -0.579049
vn -0.815293 0.000000 -0.579049
vn -0.731440 0.670550 0.123928
vn -0.123928 0.670550 -0.731440
vn 0.123928 0.670550 0.731440
vn 0.731440 0.670550 -0.123928
vn 0.815293 0.000000 0.579048
vn 0.815293 0.000000 0.579048
vn -0.579049 0.000000 0.815293
vn -0.579049 0.000000 0.815293
vn 0.579048 0.000000 -0.815293
vn 0.579048 0.000000 -0.815293
vn -0.815293 0.000000 -0.579048
vn -0.815293 0.000000 -0.579048
vn -0.852477 0.502416 0.144436
vn -0.144437 0.502415 -0.852477
vn 0.144437 0.502415 0.852477
vn 0.852477 0.502415 -0.144437
vn 0.815292 0.000000 0.579050
vn 0.815292 0.000000 0.579050
vn -0.579047 0.000000 0.815294
vn -0.579047 0.000000 0.815294
vn 0.579045 0.000000 -0.815295
vn 0.579045 0.000000 -0.815295
vn -0.836363 0.000000 -0.548176
vn -0.846485 0.502413 0.176193
vn -0.176193 0.502412 -0.846486
vn -0.836363 0.000000 -0.548176
vn 0.176193 0.502413 0.846485
vn 0.846485 0.502413 -0.176193
vn 0.836363 0.000000 0.548176
vn 0.836363 0.000000 0.548176
vn 0.548175 0.000000 -0.836363
vn 0.548175 0.000000 -0.836363
vn -0.548175 0.000000 0.836363
vn -0.548175 0.000000 0.836363
vn -0.836362 0.000000 -0.548177
vn -0.726298 0.670550 0.151175
vn -0.151175 0.670549 -0.726299
vn -0.836362 0.000000 -0.548177
vn 0.151176 0.670548 0.726300
vn 0.726300 0.670548 -0.151176
vn 0.836362 0.000000 0.548178
vn 0.836362 0.000000 0.548178
vn 0.548174 0.000000 -0.836364
vn 0.548174 0.000000 -0.836364
vn -0.548180 0.000000 0.836360
vn -0.548180 0.000000 0.836360
vn -0.916183 0.000000 -0.400760
vn -0.916183 0.000000 -0.400760
vn -0.846408 0.531744 -0.029006
vn -0.595828 0.531744 -0.601862
vn 0.595828 0.531744 0.601862
vn 0.846408 0.531744 0.029006
vn 0.916183 0.000000 0.400760
vn 0.916183 0.000000 0.400760
vn -0.400762 0.000000 0.916183
vn -0.400762 0.000000 0.916183
vn 0.400760 0.000000 -0.916183
vn 0.400760 0.000000 -0.916183
vn -0.970255 0.000000 -0.242083
vn -0.970255 0.000000 -0.242083
vn -0.635964 0.670550 0.381985
vn -0.381984 0.670551 -0.635964
vn 0.381984 0.670550 0.635964
vn 0.635963 0.670551 -0.381985
vn 0.970257 0.000000 0.242079
vn 0.970257 0.000000 0.242079
vn -0.242079 0.000000 0.970257
vn -0.242079 0.000000 0.970257
vn 0.242080 0.000000 -0.970256
vn 0.242080 0.000000 -0.970256
vn -0.970257 0.000000 -0.242078
vn -0.970257 0.000000 -0.242078
vn -0.741202 0.502415 0.445195
vn -0.445195 0.502414 -0.741203
vn 0.445194 0.502415 0.741202
vn 0.741202 0.502415 -0.445196
vn 0.970256 0.000000 0.242082
vn 0.970256 0.000000 0.242082
vn -0.242079 0.000000 0.970257
vn -0.242079 0.000000 0.970257
vn 0.242081 0.000000 -0.970256
vn 0.242081 0.000000 -0.970256
vn -0.985949 0.000000 -0.167048
vn -0.704926 0.502412 0.500662
vn -0.500662 0.502411 -0.704926
vn -0.985949 0.000000 -0.167048
vn 0.500662 0.502412 0.704925
vn 0.704926 0.502411 -0.500662
vn 0.985948 0.000000 0.167052
vn 0.985948 0.000000 0.167052
vn 0.167051 0.000000 -0.985948
vn 0.167051 0.000000 -0.985948
vn -0.167049 0.000000 0.985949
vn -0.167049 0.000000 0.985949
vn -0.985948 0.000000 -0.167050
vn -0.604840 0.670545 0.429578
vn -0.429579 0.670546 -0.604839
vn -0.985948 0.000000 -0.167050
vn 0.429579 0.670545 0.604840
vn 0.604839 0.670547 -0.429577
vn 0.985949 0.000000 0.167046
vn 0.985949 0.000000 0.167046
vn 0.167051 0.000000 -0.985948
vn 0.167051 0.000000 -0.985948
vn -0.167050 0.000000 0.985949
vn -0.167050 0.000000 0.985949
vn -1.000000 0.000000 0.000000
vn -1.000000 0.000000 0.000000
vn -0.787087 0.531747 0.312632
vn -0.787087 0.531747 -0.312632
vn 0.787087 0.531747 0.312632
vn 0.787087 0.531747 -0.312632
vn 1.000000 0.000000 0.000000
vn 1.000000 0.000000 0.000000
vn 0.000000 0.000000 1.000000
vn 0.000000 0.000000 1.000000
vn 0.000000 0.000000 -1.000000
vn 0.000000 0.000000 -1.000000
vn -0.985948 0.000000 0.167050
vn -0.985948 0.000000 0.167050
vn -0.429576 0.670549 0.604837
vn -0.604838 0.670548 -0.429577
vn 0.604837 0.670550 0.429576
vn 0.429577 0.670549 -0.604837
vn 0.985949 0.000000 -0.167046
vn 0.985949 0.000000 -0.167046
vn 0.167051 0.000000 0.985948
vn 0.167051 0.000000 0.985948
vn -0.167049 0.000000 -0.985949
vn -0.167049 0.000000 -0.985949
vn -0.985949 0.000000 0.167049
vn -0.985949 0.000000 0.167049
vn -0.500659 0.502417 0.704924
vn -0.704923 0.502417 -0.500660
vn 0.704923 0.502416 0.500661
vn 0.500659 0.502417 -0.704924
vn 0.985948 0.000000 -0.167052
vn 0.985948 0.000000 -0.167052
vn 0.167050 0.000000 0.985949
vn 0.167050 0.000000 0.985949
vn -0.167051 0.000000 -0.985948
vn -0.167051 0.000000 -0.985948
vn -0.968654 0.000000 0.248415
vn -0.440344 0.502412 0.744096
vn -0.744097 0.502412 -0.440343
vn -0.968654 0.000000 0.248415
vn 0.744097 0.502412 0.440343
vn 0.440344 0.502413 -0.744096
vn 0.968654 0.000000 -0.248416
vn 0.968654 0.000000 -0.248416
vn -0.248412 0.000000 -0.968655
vn -0.248412 0.000000 -0.968655
vn 0.248415 0.000000 0.968654
vn 0.248415 0.000000 0.968654
vn -0.968654 0.000000 0.248415
vn -0.377823 0.670549 0.638447
vn -0.638448 0.670548 -0.377823
vn -0.968654 0.000000 0.248415
vn 0.638447 0.670549 0.377822
vn 0.377823 0.670548 -0.638447
vn 0.968655 0.000000 -0.248411
vn 0.968655 0.000000 -0.248411
vn -0.248412 0.000000 -0.968654
vn -0.248412 0.000000 -0.968654
vn 0.248414 0.000000 0.968654
vn 0.248414 0.000000 0.968654
vn -0.913545 0.000000 0.406737
vn -0.913545 0.000000 0.406737
vn -0.591882 0.531746 0.605741
vn -0.846200 0.531745 0.034534
vn 0.846200 0.531746 -0.034534
vn 0.591882 0.531746 -0.605741
vn 0.913546 0.000000 -0.406736
vn 0.913546 0.000000 -0.406736
vn 0.406738 0.000000 0.913545
vn 0.406738 0.000000 0.913545
vn -0.406735 0.000000 -0.913546
vn -0.406735 0.000000 -0.913546
vn -0.832765 0.000000 0.553627
vn -0.832765 0.000000 0.553627
vn -0.146428 0.670549 0.727270
vn -0.727270 0.670550 -0.146429
vn 0.727271 0.670548 0.146429
vn 0.146428 0.670550 -0.727270
vn 0.832763 0.000000 -0.553630
vn 0.832763 0.000000 -0.553630
vn 0.553627 0.000000 0.832765
vn 0.553627 0.000000 0.832765
vn -0.553629 0.000000 -0.832764
vn -0.553629 0.000000 -0.832764
vn -0.832764 0.000000 0.553629
vn -0.832764 0.000000 0.553629
vn -0.170658 0.502415 0.847617
vn -0.847617 0.502415 -0.170658
vn 0.847617 0.502415 0.170659
vn 0.170658 0.502415 -0.847617
vn 0.832764 0.000000 -0.553628
vn 0.832764 0.000000 -0.553628
vn 0.553629 0.000000 0.832764
vn 0.553629 0.000000 0.832764
vn -0.553631 0.000000 -0.832762
vn -0.553631 0.000000 -0.832762
vn -0.814393 0.000000 0.580314
vn -0.143115 0.502413 0.852701
vn -0.852702 0.502412 -0.143115
vn -0.814393 0.000000 0.580314
vn 0.852701 0.502414 0.143114
vn 0.143115 0.502413 -0.852701
vn 0.814396 0.000000 -0.580309
vn 0.814396 0.000000 -0.580309
vn -0.580310 0.000000 -0.814396
vn -0.580310 0.000000 -0.814396
vn 0.580313 0.000000 0.814393
vn 0.580313 0.000000 0.814393
vn -0.814394 0.000000 0.580313
vn -0.122795 0.670547 0.731633
vn -0.731634 0.670547 -0.122794
vn -0.814394 0.000000 0.580313
vn 0.731634 0.670547 0.122794
vn 0.122795 0.670547 -0.731633
vn -0.580312 0.000000 -0.814394
vn -0.580312 0.000000 -0.814394
vn 0.580312 0.000000 0.814394
vn 0.580312 0.000000 0.814394
vn -0.706010 0.000000 0.708202
vn -0.706010 0.000000 0.708202
vn -0.334285 0.531747 0.778138
vn -0.777098 0.531746 0.336696
vn 0.777099 0.531746 -0.336696
vn 0.334285 0.531746 -0.778138
vn 0.706010 0.000000 -0.708202
vn 0.706010 0.000000 -0.708202
vn 0.708201 0.000000 0.706010
vn 0.708201 0.000000 0.706010
vn -0.708203 0.000000 -0.706009
vn -0.708203 0.000000 -0.706009
vn -0.577784 0.000000 0.816190
vn -0.577784 0.000000 0.816190
vn 0.125061 0.670549 0.731248
vn -0.731248 0.670549 0.125062
vn 0.731248 0.670550 -0.125062
vn -0.125061 0.670549 -0.731248
vn 0.577785 0.000000 -0.816189
vn 0.577785 0.000000 -0.816189
vn 0.816189 0.000000 0.577785
vn 0.816189 0.000000 0.577785
vn -0.816188 0.000000 -0.577786
vn -0.816188 0.000000 -0.577786
vn -0.577785 0.000000 0.816189
vn -0.577785 0.000000 0.816189
vn 0.145755 0.502415 0.852253
vn -0.852253 0.502415 0.145756
vn 0.852253 0.502415 -0.145756
vn -0.145755 0.502415 -0.852253
vn 0.577786 0.000000 -0.816188
vn 0.577786 0.000000 -0.816188
vn 0.816188 0.000000 0.577786
vn 0.816188 0.000000 0.577786
vn -0.816189 0.000000 -0.577785
vn -0.816189 0.000000 -0.577785
vn -0.524177 0.000000 0.851610
vn 0.200188 0.502413 0.841134
vn -0.841134 0.502413 0.200190
vn -0.524177 0.000000 0.851610
vn 0.841133 0.502414 -0.200190
vn -0.200187 0.502414 -0.841133
vn 0.524174 0.000000 -0.851611
vn 0.524174 0.000000 -0.851611
vn -0.851609 0.000000 -0.524178
vn -0.851609 0.000000 -0.524178
vn 0.851612 0.000000 0.524173
vn 0.851612 0.000000 0.524173
vn -0.524171 0.000000 0.851613
vn 0.171766 0.670549 0.721706
vn -0.721707 0.670549 0.171766
vn -0.524171 0.000000 0.851613
vn 0.721706 0.670549 -0.171766
vn -0.171766 0.670548 -0.721708
vn 0.524176 0.000000 -0.851610
vn 0.524176 0.000000 -0.851610
vn -0.851612 0.000000 -0.524173
vn -0.851612 0.000000 -0.524173
vn 0.851610 0.000000 0.524176
vn 0.851610 0.000000 0.524176
vn -0.374548 0.000000 0.927208
vn -0.374548 0.000000 0.927208
vn -0.004927 0.531746 0.846890
vn -0.584676 0.531746 0.612699
vn 0.584676 0.531746 -0.612699
vn 0.004927 0.531746 -0.846889
vn 0.374548 0.000000 -0.927208
vn 0.374548 0.000000 -0.927208
vn 0.927208 0.000000 0.374547
vn 0.927208 0.000000 0.374547
vn -0.927208 0.000000 -0.374547
vn -0.927208 0.000000 -0.374547
vn -0.214390 0.000000 0.976748
vn -0.214390 0.000000 0.976748
vn 0.399914 0.670550 0.624846
vn -0.624845 0.670550 0.399914
vn 0.624845 0.670550 -0.399914
vn -0.399914 0.670550 -0.624846
vn 0.214393 0.000000 -0.976747
vn 0.214393 0.000000 -0.976747
vn 0.976747 0.000000 0.214394
vn 0.976747 0.000000 0.214394
vn -0.976747 0.000000 -0.214394
vn -0.976747 0.000000 -0.214394
vn -0.214391 0.000000 0.976748
vn -0.214391 0.000000 0.976748
vn 0.466091 0.502415 0.728244
vn -0.728244 0.502414 0.466090
vn 0.728244 0.502415 -0.466090
vn -0.466091 0.502414 -0.728244
vn 0.214397 0.000000 -0.976747
vn 0.214397 0.000000 -0.976747
vn 0.976747 0.000000 0.214394
vn 0.976747 0.000000 0.214394
vn -0.976748 0.000000 -0.214393
vn -0.976748 0.000000 -0.214393
vn -0.865019 0.000000 0.501739
vn -0.891277 0.000000 0.453460
vn -0.959956 0.000000 0.280150
vn 0.814396 0.000000 -0.580310
vn 0.814396 0.000000 -0.580310
s 1
g tapa_high
usemtl tapaMaterial
f 1/2036/1 2/2037/2 3/2038/3 4/2039/4
s 2
f 5/2064/5 6/2065/6 7/2066/7 8/2067/8
s 3
f 9/2092/9 10/2093/10 11/2094/11
f 12/2095/12 9/2092/9 11/2094/11 13/2096/13
f 14/6/14 12/2095/12 13/2096/13 15/3/15
s 2
f 18/2068/16 6/2065/6 5/2064/5 19/2069/17
s 3
f 22/1/18 23/2/19 15/3/15 13/4/20
s 1
f 24/2052/21 25/2053/22 20/2045/23 21/2044/24
s 2
f 26/2076/25 18/2068/16 19/2069/17 27/2077/26
s 5
f 229/2097/27 120/2098/28 148/2099/29 196/2100/30
s 6
f 2233/2123/31 2203/2124/32 1354/2125/33 37/2126/34
s 7
f 32/1221/35 33/1225/36 34/1226/37 35/1222/38
s 8
f 36/597/39 37/601/40 38/602/41 39/598/42
s 3
f 23/2/19 40/5/43 14/6/14 15/3/15
s 9
f 41/315/44 42/319/45 3/320/46 2/316/47
s 10
f 43/1023/48 44/1027/49 8/1028/50 7/1024/51
s 2
f 27/2077/26 19/2069/17 47/2075/52 48/2085/53
s 1
f 25/2053/22 49/2057/54 50/2048/55 20/2045/23
s 2
f 19/2069/17 5/2064/5 51/2072/56 47/2075/52
s 9
f 53/1007/57 54/1011/58 25/1012/59 24/1008/60
s 10
f 55/299/61 56/301/62 26/302/63 27/300/64
s 2
f 51/2072/56 5/2064/5 8/2067/8 57/2073/65
s 1
f 52/2040/66 58/2041/67 2/2037/2 1/2036/1
s 13
f 2370/2149/68 60/2150/69 28/2151/70
s 14
f 63/1085/71 64/1089/72 31/1090/73 30/1086/74
s 3
f 40/5/43 66/4520/75 12/4521/76 14/6/14
s 15
f 67/2277/77 68/2278/78 33/2279/79 32/2280/80
s 9
f 54/1011/58 69/1013/81 49/1014/82 25/1012/59
s 10
f 70/295/83 55/299/61 27/300/64 48/296/84
s 3
f 66/4520/75 65/4522/85 9/4523/86 12/4521/76
s 9
f 73/312/87 41/315/44 2/316/47 58/311/88
s 10
f 44/1027/49 74/1031/89 57/1032/90 8/1028/50
s 16
f 75/4524/91 72/4525/92 71/4526/93 76/4527/94
s 7
f 77/359/95 78/363/96 60/364/97 59/360/98
s 14
f 80/515/99 81/519/100 46/520/101 45/516/102
s 16
f 83/152/103 76/2755/104 84/2756/105 85/149/106
f 76/2755/104 71/2757/107 86/2758/108 84/2756/105
f 71/2757/107 87/2759/109 86/2758/108
f 88/151/110 75/4524/91 76/4527/94 83/152/103
s 2
f 47/2075/52 89/2084/111 90/2090/112 48/2085/53
s 1
f 50/2048/55 49/2057/54 91/2060/113 79/2054/114
s 2
f 47/2075/52 51/2072/56 94/2081/115 89/2084/111
s 15
f 39/2751/116 38/2753/117 78/2754/118 77/2752/119
s 16
f 96/148/120 88/151/110 83/152/103 85/149/106
s 21
f 61/5686/121 97/27/122 98/28/123 62/5687/124
s 1
f 4/2039/4 21/2044/24 20/2045/23 1/2036/1
s 2
f 101/2080/125 94/2081/115 51/2072/56 57/2073/65
s 1
f 102/2046/126 58/2041/67 52/2040/66 92/2047/127
s 10
f 103/291/128 70/295/83 48/296/84 90/292/129
s 9
f 69/1013/81 104/1015/130 91/1016/131 49/1014/82
s 21
f 105/44/132 106/2760/133 98/2761/134 107/36/135
f 106/2760/133 108/2762/136 62/2763/137 98/2761/134
f 82/2764/138 62/2763/137 108/2762/136
f 97/27/122 109/35/139 107/36/135 98/28/123
s 16
f 110/147/140 96/148/120 85/149/106 84/150/141
s 1
f 111/2061/142 79/2054/114 91/2060/113 112/2063/143
s 2
f 113/2089/144 114/2091/145 90/2090/112 89/2084/111
s 16
f 115/153/146 110/147/140 84/150/141 86/154/147
s 21
f 109/35/139 116/43/148 105/44/132 107/36/135
s 10
f 57/1032/90 74/1031/89 117/1033/149 101/1034/150
s 16
f 87/5659/151 118/5660/152 115/153/146 86/154/147
s 1
f 92/2047/127 79/2054/114 111/2061/142 123/2055/153
s 2
f 113/2089/144 89/2084/111 94/2081/115 119/2086/154
s 10
f 121/288/155 103/291/128 90/292/129 114/289/156
s 21
f 116/43/148 122/4528/157 106/4529/158 105/44/132
s 9
f 124/4534/159 125/318/160 111/317/161 112/4535/162
s 10
f 126/287/163 121/288/155 114/289/156 113/290/164
s 21
f 122/4528/157 128/4530/165 108/4531/166 106/4529/158
s 2
f 119/2086/154 94/2081/115 101/2080/125 129/2087/167
s 1
f 123/2055/153 130/2056/168 102/2046/126 92/2047/127
s 9
f 123/314/169 111/317/161 125/318/160 132/313/170
s 21
f 108/4531/166 128/4530/165 100/4532/171 82/4533/172
s 10
f 126/287/163 113/290/164 119/293/173 131/294/174
f 117/1033/149 133/297/175 129/298/176 101/1034/150
s 9
f 134/307/177 135/308/178 102/309/179 130/310/180
s 24
f 138/2765/181 139/2766/182 140/2767/183 141/2768/184
s 10
f 133/297/175 131/294/174 119/293/173 129/298/176
s 9
f 132/313/170 134/307/177 130/310/180 123/314/169
s 25
f 142/4538/185 143/4537/186 144/4540/187 145/4541/188
f 146/4536/189 143/4537/186 142/4538/185 147/4539/190
s 24
f 138/2765/181 141/2768/184 167/2771/191 166/2772/192
s 25
f 149/210/193 147/2793/194 150/2794/195 151/198/196
f 147/2793/194 142/2795/197 152/2796/198 150/2794/195
f 153/209/199 146/4536/189 147/4539/190 149/210/193
s 27
f 154/2799/200 155/2800/201 156/2801/202 157/2802/203
s 25
f 145/2797/204 158/2798/205 152/2796/198 142/2795/197
s 28
f 160/329/206 161/323/207 139/326/208 138/330/209
s 29
f 55/2827/210 63/2828/211 56/2829/212
s 28
f 161/323/207 164/324/213 140/325/214 139/326/208
s 14
f 64/1089/72 165/1093/215 93/1094/216 31/1090/73
s 28
f 160/329/206 138/330/209 166/333/217 191/334/218
s 25
f 168/197/219 153/209/199 149/210/193 151/198/196
s 30
f 231/4542/220 250/4543/221 302/4544/222 309/4545/223
s 9
f 58/311/88 102/309/179 135/308/178 73/312/87
s 31
f 172/469/224 173/466/225 154/465/226 157/470/227
s 27
f 155/2800/201 154/2799/200 174/2803/228 175/2804/229
s 31
f 177/4607/230 172/4608/231 157/4609/232 156/4610/233
s 24
f 141/2768/184 140/2767/183 178/2769/234 179/2770/235
f 180/2776/236 181/2777/237 166/2772/192 167/2771/191
s 33
f 182/5688/238 183/5689/239 184/47/240 185/48/241
f 184/47/240 187/55/242 188/56/243 185/48/241
s 9
f 91/1016/131 104/1015/130 124/1017/244 112/1018/245
s 14
f 190/512/246 80/515/99 45/516/102 95/513/247
s 33
f 192/74/248 193/3551/249 188/3552/250 194/66/251
s 25
f 195/189/252 168/197/219 151/198/196 150/190/253
s 33
f 193/3551/249 197/3553/254 185/3554/255 188/3552/250
f 187/55/242 198/65/256 194/66/251 188/56/243
f 197/3553/254 182/3555/257 185/3554/255
s 30
f 71/159/258 2395/160/259 200/157/260 87/155/261
s 27
f 155/2800/201 205/2805/262 206/2806/263 156/2801/202
s 30
f 212/79/264 2291/80/265 209/62/266 208/75/267
s 31
f 154/465/226 173/466/225 211/459/268 174/462/269
s 27
f 214/2807/270 175/2804/229 174/2803/228 215/2808/271
s 28
f 216/4617/272 191/334/218 166/333/217 181/4618/273
s 25
f 218/181/274 195/189/252 150/190/253 152/182/275
s 28
f 164/324/213 219/327/276 178/328/277 140/325/214
f 220/499/278 216/503/279 181/504/280 180/500/281
s 25
f 158/5657/282 221/5658/283 218/181/274 152/182/275
s 33
f 198/65/256 222/73/284 192/74/248 194/66/251
s 13
f 2392/2270/285 223/2264/286 169/2267/287
s 31
f 225/4611/288 177/4607/230 156/4610/233 206/4612/289
s 7
f 284/341/290 264/342/291 2289/343/292 301/344/293
s 31
f 211/459/268 230/460/294 215/461/295 174/462/269
s 27
f 233/2809/296 205/2805/262 155/2800/201 175/2804/229
s 31
f 230/460/294 234/463/297 214/464/298 215/461/295
s 24
f 178/2769/234 235/2773/299 236/2774/300 179/2770/235
s 33
f 222/73/284 238/4619/301 193/4620/302 192/74/248
s 8
f 137/1369/303 136/1373/304 241/1374/305 68/1370/306
s 41
f 242/4623/307 243/4624/308 465/4625/309 464/4626/310
f 245/472/311 246/471/312 243/475/313 242/476/314
s 24
f 247/2781/315 180/2776/236 167/2771/191 248/2775/316
s 27
f 206/2806/263 205/2805/262 251/2810/317 252/2811/318
s 33
f 238/4619/301 253/4621/319 197/4622/320 193/4620/302
s 43
f 254/4633/321 255/4632/322 256/4634/323 257/4635/324
f 259/4630/325 255/4632/322 254/4633/321 260/4631/326
s 24
f 235/2773/299 261/2778/327 262/2779/328 236/2774/300
s 13
f 2368/2158/329 59/2152/330 29/2155/331
s 7
f 33/1225/36 266/1231/332 223/1232/333 34/1226/37
s 41
f 246/471/312 245/472/311 537/473/334 535/474/335
s 43
f 267/3556/336 260/3557/337 268/3558/338 269/208/339
s 28
f 219/327/276 270/331/340 235/332/341 178/328/277
s 43
f 272/4629/342 259/4630/325 260/4631/326 267/3556/336
f 260/3557/337 254/3559/343 273/3560/344 268/3558/338
s 27
f 274/2812/345 233/2809/296 175/2804/229 214/2807/270
s 41
f 275/4627/346 276/4628/347 279/480/348 278/479/349
s 43
f 257/3561/350 277/3562/351 273/3560/344 254/3559/343
s 41
f 278/479/349 279/480/348 472/481/352 526/482/353
s 27
f 252/2811/318 251/2810/317 280/2814/354 281/2815/355
s 28
f 282/496/356 220/499/278 180/500/281 247/497/357
s 31
f 283/4613/358 225/4611/288 206/4612/289 252/4614/359
s 43
f 285/207/360 272/4629/342 267/3556/336 269/208/339
s 46
f 287/5691/361 288/71/362 289/72/363 286/5690/364
f 291/84/365 292/3563/366 289/3564/367 293/78/368
s 8
f 176/594/369 36/597/39 39/598/42 294/595/370
s 46
f 288/71/362 295/77/371 293/78/368 289/72/363
f 292/3563/366 296/3565/372 286/3566/373 289/3564/367
s 27
f 297/2813/374 251/2810/317 205/2805/262 233/2809/296
s 31
f 214/464/298 234/463/297 298/467/375 274/468/376
s 46
f 299/3567/377 286/3566/373 296/3565/372
s 31
f 300/4615/378 283/4613/358 252/4614/359 281/4616/379
s 15
f 68/2278/78 241/2281/380 266/2282/381 33/2279/79
s 7
f 228/356/382 77/359/95 59/360/98 226/352/383
s 24
f 262/2779/328 261/2778/327 305/2782/384 306/2783/385
s 43
f 307/195/386 285/207/360 269/208/339 268/196/387
s 41
f 310/477/388 311/478/389 535/474/335 537/473/334
s 30
f 367/4562/390 355/4563/391 339/4558/392 2249/4557/393
s 46
f 295/77/371 313/83/394 291/84/365 293/78/368
s 29
f 69/3408/395 80/3387/396 104/3386/397
s 41
f 315/4636/398 316/4637/399 311/478/389 310/477/388
s 50
f 319/487/400 318/488/401 567/489/402 568/490/403
f 321/4640/404 320/4641/405 318/488/401 319/487/400
s 24
f 303/2780/406 322/2785/407 247/2781/315 248/2775/316
s 27
f 280/2814/354 323/2818/408 324/2819/409 281/2815/355
s 43
f 325/187/410 307/195/386 268/196/387 273/188/411
s 27
f 280/2814/354 251/2810/317 297/2813/374 326/2817/412
s 41
f 316/4637/399 315/4636/398 353/4638/413 354/4639/414
s 43
f 277/5655/415 329/5656/416 325/187/410 273/188/411
s 28
f 330/335/417 331/337/418 305/338/419 261/336/420
s 41
f 333/483/421 332/484/422 526/482/353 472/481/352
s 30
f 338/107/423 2293/108/424 271/89/425 335/101/426
s 46
f 313/83/394 337/4646/427 292/4647/428 291/84/365
s 50
f 341/4644/429 340/4645/430 587/4642/431 565/4643/432
s 14
f 165/1093/215 342/4652/433 120/4653/434 93/1094/216
s 27
f 297/2813/374 233/2809/296 274/2812/345 343/2816/435
s 50
f 345/532/436 344/531/437 340/535/438 341/536/439
s 24
f 346/2786/440 306/2783/385 305/2782/384 347/2787/441
s 31
f 348/543/442 300/4615/378 281/4616/379 324/544/443
s 28
f 349/495/444 282/496/356 247/497/357 322/498/445
s 15
f 294/2707/446 39/2751/116 77/2752/119 228/2747/447
s 46
f 337/4646/427 350/4648/448 296/4649/449 292/4647/428
s 24
f 336/2784/450 351/2789/451 322/2785/407 303/2780/406
s 41
f 354/4639/414 353/4638/413 637/486/452 571/485/453
f 332/484/422 333/483/421 571/485/453 637/486/452
s 46
f 296/4649/449 350/4648/448 356/4650/454 299/4651/455
s 27
f 357/2822/456 358/2823/457 324/2819/409 323/2818/408
s 7
f 372/4658/458 390/4659/459 405/4660/460 427/4661/461
s 14
f 364/511/462 190/512/246 95/513/247 127/514/463
s 31
f 298/467/375 368/4696/464 343/4697/465 274/468/376
s 28
f 331/337/418 370/339/466 347/340/467 305/338/419
s 27
f 326/2817/412 297/2813/374 343/2816/435 371/2820/468
s 50
f 344/531/437 345/532/436 653/533/469 743/534/470
s 24
f 306/2783/385 346/2786/440 428/2790/471 373/2788/472
f 373/2788/472 336/2784/450 262/2779/328 306/2783/385
s 7
f 410/365/473 435/366/474 475/371/475 480/372/476
s 28
f 370/339/466 375/4702/477 346/4703/478 347/340/467
s 50
f 376/491/479 377/492/480 568/490/403 567/489/402
s 27
f 280/2814/354 326/2817/412 378/2821/481 323/2818/408
s 31
f 383/540/482 348/543/442 324/544/443 358/541/483
s 56
f 384/4759/484 391/4757/485 385/4758/486 386/4760/487
s 31
f 389/539/488 383/540/482 358/541/483 357/542/489
s 57
f 392/4567/490 393/4568/491 189/4561/492 170/5653/493
f 394/4571/494 393/4568/491 392/4567/490 395/4572/495
f 396/3568/496 395/3569/497 397/3570/498 398/554/499
f 399/4575/500 394/4571/494 395/4572/495 396/3568/496
f 395/3569/497 392/3571/501 186/3572/502 397/3570/498
s 31
f 368/4696/464 400/4698/503 371/4699/504 343/4697/465
s 50
f 377/492/480 376/491/479 732/493/505 733/494/506
s 57
f 170/3573/507 186/3572/502 392/3571/501
s 28
f 346/4703/478 375/4702/477 455/509/508 428/510/509
s 50
f 403/4704/510 404/4705/511 733/494/506 732/493/505
s 24
f 407/2791/512 351/2789/451 336/2784/450 373/2788/472
s 57
f 408/553/513 399/4575/500 396/3568/496 398/554/499
s 59
f 208/5693/514 207/5692/515 412/81/516 413/82/517
f 412/81/516 414/87/518 415/88/519 413/82/517
f 416/100/520 417/3574/521 415/3575/522 418/94/523
s 27
f 357/2822/456 323/2818/408 378/2821/481 419/2825/524
s 30
f 450/4580/525 459/4581/526 492/4584/527 505/4585/528
s 59
f 414/87/518 423/93/529 418/94/523 415/88/519
f 417/3574/521 212/3576/530 413/3577/531 415/3575/522
s 50
f 425/4706/532 426/4707/533 404/4705/511 403/4704/510
s 59
f 212/3576/530 208/3578/534 413/3577/531
s 27
f 429/2824/535 378/2821/481 326/2817/412 371/2820/468
s 62
f 430/3579/536 431/3580/537 432/3581/538 433/3582/539
s 57
f 434/550/540 408/553/513 398/554/499 397/551/541
s 50
f 426/4707/533 425/4706/532 436/538/542 437/537/543
f 437/537/543 436/538/542 743/534/470 653/533/469
s 30
f 441/123/544 2295/124/545 381/115/546 440/121/547
s 59
f 423/93/529 443/99/548 416/100/520 418/94/523
s 28
f 444/505/549 445/502/550 351/501/551 407/506/552
s 57
f 239/549/553 434/550/540 397/551/541 186/552/554
s 31
f 389/539/488 357/542/489 419/545/555 447/546/556
s 64
f 451/561/557 452/555/558 431/558/559 430/562/560
f 452/555/558 453/556/561 432/557/562 431/558/559
s 31
f 400/4698/503 454/4700/563 429/4701/564 371/4699/504
s 59
f 443/99/548 456/105/565 417/106/566 416/100/520
s 62
f 430/3579/536 433/3582/539 525/3585/567 524/3586/568
s 24
f 428/2790/471 458/2792/569 407/2791/512 373/2788/472
s 62
f 433/3582/539 432/3581/538 462/3583/570 463/3584/571
s 65
f 279/3607/572 276/3608/573 465/3609/574 243/3610/575
s 59
f 456/105/565 265/4708/576 212/4709/577 417/106/566
s 66
f 468/4710/578 469/4711/579 240/4712/580 227/4713/581
s 13
f 2385/2261/582 361/2257/583 250/2258/584
s 65
f 472/3611/585 279/3607/572 243/3610/575 246/3612/586
s 28
f 270/331/340 330/335/417 261/336/420 235/332/341
s 27
f 419/2825/524 378/2821/481 429/2824/535 473/2826/587
s 7
f 470/4669/588 476/4672/589 477/4673/590 411/4664/591
s 64
f 451/561/557 430/562/560 524/4716/592 539/4717/593
s 14
f 342/4652/433 479/4654/594 148/4655/595 120/4653/434
s 66
f 481/4714/596 469/4711/579 468/4710/578 482/4715/597
s 28
f 483/507/598 444/505/549 407/506/552 458/508/599
s 41
f 275/4627/346 464/4626/310 465/4625/309 276/4628/347
s 66
f 227/3619/600 237/3620/601 484/3621/602 468/3622/603
s 64
f 453/556/561 485/559/604 462/560/605 432/557/562
s 28
f 455/509/508 483/507/598 458/508/599 428/510/509
s 7
f 528/379/606 510/378/607 2276/377/608 534/380/609
s 66
f 484/3621/602 488/3623/610 482/3624/611 468/3622/603
f 489/577/612 481/4714/596 482/4715/597 490/578/613
s 71
f 493/3627/614 494/3628/615 495/3629/616 496/590/617
s 66
f 488/3623/610 497/3625/618 490/3626/619 482/3624/611
s 14
f 498/517/620 364/511/462 127/514/463 159/518/621
s 71
f 499/4559/622 258/4554/623 217/5651/624 494/4560/625
s 31
f 454/4700/563 502/547/626 473/548/627 429/4701/564
s 62
f 462/3583/570 503/3587/628 504/3588/629 463/3584/571
s 71
f 506/4566/630 499/4559/622 494/4560/625 493/3627/614
s 31
f 502/547/626 447/546/556 419/545/555 473/548/627
s 66
f 497/3625/618 507/576/631 508/575/632 490/3626/619
s 71
f 494/3628/615 217/3630/633 509/3631/634 495/3629/616
s 13
f 2291/2166/635 2288/2167/636 226/2160/637 209/2163/638
s 66
f 511/574/639 489/577/612 490/578/613 508/575/632
s 74
f 512/110/640 513/3633/641 514/3634/642 515/104/643
s 71
f 217/3630/633 231/3632/644 509/3631/634
s 74
f 263/5694/645 517/97/646 514/98/647 224/5695/648
f 517/97/646 519/103/649 515/104/643 514/98/647
f 513/3633/641 520/3635/650 224/3636/651 514/3634/642
s 71
f 521/589/652 506/4566/630 493/3627/614 496/590/617
s 62
f 503/3587/628 522/3592/653 523/3593/654 504/3588/629
s 74
f 244/3637/655 224/3636/651 520/3635/650
s 64
f 485/559/604 530/563/656 503/564/657 462/560/605
s 7
f 266/1231/332 365/4670/658 361/4666/659 223/1232/333
s 66
f 532/573/660 511/574/639 508/575/632 507/576/631
s 74
f 519/103/649 533/109/661 512/110/640 515/104/643
s 65
f 535/3613/662 333/3614/663 472/3611/585 246/3612/586
s 71
f 536/586/664 521/589/652 496/590/617 495/587/665
s 8
f 136/1373/304 409/4720/666 538/4721/667 241/1374/305
s 64
f 530/563/656 540/565/668 522/566/669 503/564/657
s 66
f 237/4726/670 290/4727/671 541/583/672 484/584/673
f 542/579/674 532/573/660 507/576/631 497/580/675
f 541/583/672 543/581/676 488/582/677 484/584/673
s 74
f 533/109/661 544/113/678 513/114/679 512/110/640
s 62
f 523/3593/654 522/3592/653 545/3596/680 546/3597/681
s 66
f 543/581/676 542/579/674 497/580/675 488/582/677
s 71
f 547/585/682 536/586/664 495/587/665 509/588/683
s 62
f 548/3590/684 549/3591/685 524/3586/568 525/3585/567
s 71
f 231/591/686 309/592/687 547/585/682 509/588/683
s 74
f 544/113/678 551/4728/688 520/4729/689 513/114/679
s 62
f 554/3600/690 546/3597/681 545/3596/680 555/3601/691
s 74
f 520/4729/689 551/4728/688 308/4730/692 244/4731/693
s 7
f 570/391/694 563/390/695 2271/389/696 582/392/697
s 64
f 559/4718/698 539/4717/593 524/4716/592 549/4719/699
s 8
f 449/593/700 176/594/369 294/595/370 560/596/701
s 15
f 241/2281/380 538/2285/702 365/2286/703 266/2282/381
s 78
f 561/4732/704 562/4733/705 304/4734/706 264/4735/707
s 64
f 564/630/708 559/633/709 549/634/710 548/631/711
s 80
f 319/3638/712 341/3639/713 565/3640/714 321/3641/715
s 65
f 535/3613/662 311/3615/716 571/3616/717 333/3614/663
s 80
f 568/3642/718 345/3643/719 341/3639/713 319/3638/712
s 78
f 572/4736/720 562/4733/705 561/4732/704 573/4737/721
f 264/3650/722 284/3651/723 574/3652/724 561/3653/725
s 82
f 575/3658/726 576/3659/727 577/3660/728 578/668/729
s 65
f 311/3615/716 316/3617/730 354/3618/731 571/3616/717
s 64
f 579/567/732 580/569/733 555/570/734 545/568/735
s 14
f 479/4654/594 581/4656/736 196/4657/737 148/4655/595
s 82
f 583/617/738 584/614/739 585/613/740 576/618/741
f 586/4738/742 583/617/738 576/618/741 575/3658/726
s 50
f 587/4642/431 320/4641/405 321/4640/404 565/4643/432
s 64
f 580/569/733 588/571/743 554/572/744 555/570/734
s 82
f 585/613/740 584/614/739 327/615/745 312/616/746
f 576/3659/727 585/3661/747 317/3662/748 577/3660/728
s 78
f 574/3652/724 589/3654/749 573/3655/750 561/3653/725
s 62
f 590/3595/751 548/3590/684 525/3585/567 569/3589/752
s 78
f 591/647/753 572/4736/720 573/4737/721 592/648/754
s 82
f 312/3663/755 317/3662/748 585/3661/747
s 78
f 589/3654/749 593/3656/756 592/3657/757 573/3655/750
s 14
f 594/521/758 498/517/620 159/518/621 210/522/759
s 28
f 322/498/445 351/501/551 445/502/550 349/495/444
s 82
f 595/667/760 586/4738/742 575/3658/726 578/668/729
s 62
f 546/3597/681 554/3600/690 688/3604/761 652/3602/762
s 7
f 598/432/763 2259/431/764 596/437/765 597/438/766
s 78
f 593/3656/756 599/646/767 600/645/768 592/3657/757
s 86
f 602/624/769 603/3664/770 604/3665/771 605/621/772
s 87
f 606/3669/773 607/3670/774 608/3671/775 609/3672/776
s 78
f 611/644/777 591/647/753 592/648/754 600/645/768
s 86
f 615/625/778 616/619/779 604/622/780 617/626/781
f 616/619/779 618/620/782 605/621/772 604/622/780
f 603/3664/770 338/3666/783 617/3667/784 604/3665/771
s 89
f 619/3697/785 620/3698/786 621/3699/787 622/3700/788
s 86
f 335/4739/789 334/4740/790 615/625/778 617/626/781
s 64
f 625/629/791 564/630/708 548/631/711 590/632/792
s 82
f 627/664/793 595/667/760 578/668/729 577/665/794
s 86
f 338/3666/783 335/3668/795 617/3667/784
f 618/620/782 629/623/796 602/624/769 605/621/772
s 78
f 632/643/797 611/644/777 600/645/768 599/646/767
s 87
f 633/3675/798 634/3676/799 608/3671/775 607/3670/774
s 64
f 554/572/744 588/571/743 737/4741/800 688/4742/801
s 56
f 635/659/802 636/653/803 609/656/804 608/660/805
f 636/653/803 639/654/806 606/655/807 609/656/804
s 82
f 369/663/808 627/664/793 577/665/794 317/666/809
s 78
f 284/4743/810 363/4744/811 640/4745/812 574/4746/813
s 89
f 622/3700/788 621/3699/787 643/3701/814 644/3702/815
s 92
f 645/696/816 646/692/817 621/693/818 620/697/819
f 647/4747/820 645/4748/821 620/4749/822 619/4750/823
s 78
f 648/649/824 632/643/797 599/646/767 593/650/825
f 640/4745/812 649/651/826 589/652/827 574/4746/813
s 86
f 629/623/796 650/627/828 603/628/829 602/624/769
s 62
f 623/3594/830 651/3599/831 590/3595/751 569/3589/752
s 78
f 649/651/826 648/649/824 593/650/825 589/652/827
s 62
f 504/3588/629 623/3594/830 569/3589/752 463/3584/571
s 87
f 607/3670/774 606/3669/773 759/3673/832 760/3674/833
s 80
f 653/3644/834 345/3643/719 568/3642/718 377/3645/835
s 87
f 654/3680/836 634/3676/799 633/3675/798 655/3681/837
s 89
f 619/3697/785 622/3700/788 766/3703/838 765/3704/839
s 86
f 650/627/828 382/4751/840 338/4752/841 603/628/829
s 89
f 643/3701/814 656/3705/842 657/3706/843 644/3702/815
s 87
f 385/3684/844 654/3680/836 655/3681/837 659/3685/845
s 14
f 581/4656/736 660/529/846 229/530/847 196/4657/737
s 62
f 642/3598/848 661/3603/849 651/3599/831 623/3594/830
s 89
f 656/3705/842 662/3710/850 663/3711/851 657/3706/843
s 94
f 360/669/852 359/670/853 664/671/854 665/672/855
s 95
f 666/685/856 667/3725/857 668/3726/858 669/717/859
s 56
f 606/655/807 639/654/806 774/657/860 759/658/861
s 64
f 670/635/862 625/629/791 590/632/792 651/636/863
s 14
f 671/525/864 594/521/758 210/522/759 232/526/865
s 87
f 672/3688/866 386/3689/867 385/3684/844 659/3685/845
s 56
f 673/4753/868 674/4754/869 634/4755/870 654/4756/871
s 13
f 361/2257/583 2247/2254/872 2246/2253/873 250/2258/584
s 94
f 390/3730/874 360/3731/875 665/3732/876 675/3733/877
s 89
f 663/3711/851 662/3710/850 676/3714/878 677/3715/879
s 94
f 664/671/854 678/673/880 679/674/881 665/672/855
s 95
f 680/684/882 681/680/883 667/683/884 666/685/856
s 92
f 647/4747/820 619/4750/823 765/782/885 782/781/886
s 95
f 681/680/883 387/681/887 339/682/888 667/683/884
f 667/3725/857 339/3727/889 682/3728/890 668/3726/858
s 92
f 683/686/891 684/687/892 656/688/893 643/689/894
s 56
f 391/4757/485 673/4753/868 654/4756/871 385/4758/486
s 87
f 685/3692/895 686/3693/896 386/3689/867 672/3688/866
s 94
f 665/3732/876 679/3734/897 687/3735/898 675/3733/877
s 95
f 339/3727/889 355/3729/899 682/3728/890
s 89
f 689/3718/900 677/3715/879 676/3714/878 690/3719/901
s 92
f 684/687/892 691/690/902 662/691/903 656/688/893
s 99
f 692/706/904 693/3739/905 694/3740/906 695/707/907
s 95
f 696/716/908 680/684/882 666/685/856 669/717/859
s 64
f 697/637/909 670/635/862 651/636/863 661/638/910
s 94
f 678/673/880 2351/675/911 698/676/912 699/677/913 679/674/881
f 679/3734/897 699/3736/914 700/3737/915 687/3735/898
s 99
f 701/710/916 702/704/917 695/707/907 694/711/918
f 693/3739/905 703/3741/919 352/3742/920 694/3740/906
f 379/4763/921 701/710/916 694/711/918 352/4764/922
s 100
f 704/4765/923 705/4766/924 388/4767/925 374/4768/926
s 92
f 691/690/902 706/694/927 676/695/928 662/691/903
s 101
f 707/3744/929 708/3745/930 709/3746/931 710/3747/932
f 711/3765/933 712/3762/934 713/3761/935 714/3766/936
s 99
f 366/3743/937 352/3742/920 703/3741/919
s 94
f 699/3736/914 715/679/938 716/3738/939 700/3737/915
s 56
f 717/4761/940 384/4759/484 386/4760/487 686/4762/941
s 13
f 2293/2177/942 2283/2178/943 301/2173/944 271/2174/945
s 62
f 718/3605/946 661/3603/849 642/3598/848 652/3602/762
s 99
f 702/704/917 719/705/947 692/706/904 695/707/907
s 14
f 660/529/846 720/527/948 249/528/949 229/530/847
s 101
f 710/3747/932 709/3746/931 721/3748/950 722/3749/951
f 723/3758/952 724/3757/953 713/3761/935 712/3762/934
s 95
f 725/713/954 696/716/908 669/717/859 668/714/955
s 100
f 374/3772/956 380/3773/957 726/3774/958 704/3775/959
s 92
f 706/694/927 727/698/960 690/699/961 676/695/928
s 14
f 720/527/948 671/525/864 232/526/865 249/528/949
s 100
f 728/4769/962 705/4766/924 704/4765/923 729/4770/963
s 94
f 698/676/912 730/678/964 715/679/938 699/677/913
s 56
f 731/853/965 717/857/966 686/858/967 685/854/968
s 101
f 721/3748/950 734/3752/969 735/3753/970 722/3749/951
f 734/3752/969 724/3757/953 723/3758/952 735/3753/970
s 92
f 727/698/960 736/700/971 689/701/972 690/699/961
s 100
f 726/3774/958 738/3776/973 729/3777/974 704/3775/959
s 106
f 739/738/975 740/736/976 709/737/977 708/739/978
f 741/726/979 742/720/980 714/723/981 713/727/982
s 80
f 653/3644/834 377/3645/835 733/3646/983 437/3647/984
s 99
f 719/705/947 744/708/985 693/709/986 692/706/904
s 95
f 745/712/987 725/713/954 668/714/955 682/715/988
s 100
f 746/752/989 728/4769/962 729/4770/963 747/753/990
s 106
f 748/887/991 739/4771/992 708/4772/993 707/888/994
f 742/720/980 749/721/995 711/722/996 714/723/981
s 100
f 738/3776/973 750/3778/997 747/3779/998 729/3777/974
s 106
f 740/736/976 751/734/999 721/735/1000 709/737/977
f 752/730/1001 741/726/979 713/727/982 724/731/1002
s 80
f 437/3647/984 733/3646/983 404/3648/1003 426/3649/1004
s 94
f 730/678/964 753/4773/1005 716/3738/939 715/679/938
f 675/740/1006 754/741/1007 405/742/1008 390/743/1009
s 87
f 685/3692/895 672/3688/866 815/3691/1010 846/3695/1011
s 106
f 751/734/999 755/732/1012 734/733/1013 721/735/1000
s 95
f 355/718/1014 406/719/1015 745/712/987 682/715/988
s 100
f 750/3778/997 756/751/1016 757/750/1017 747/3779/998
s 89
f 677/3715/879 689/3718/900 852/3722/1018 818/3720/1019
s 94
f 758/744/1020 754/741/1007 675/740/1006 687/745/1021
s 62
f 688/3604/761 761/3606/1022 718/3605/946 652/3602/762
s 99
f 744/708/985 762/4774/1023 703/4775/1024 693/709/986
s 94
f 753/4773/1005 763/746/1025 700/747/1026 716/3738/939
s 100
f 764/749/1027 746/752/989 747/753/990 757/750/1017
s 94
f 763/746/1025 758/744/1020 687/745/1021 700/747/1026
s 101
f 712/3762/934 711/3765/933 865/3769/1028 849/3767/1029
f 707/3744/929 710/3747/932 848/3750/1030 864/3751/1031
s 99
f 703/4775/1024 762/4774/1023 420/4776/1032 366/4777/1033
s 100
f 380/4778/1034 767/4779/1035 768/4780/1036 726/4781/1037
f 769/748/1038 764/749/1027 757/750/1017 756/751/1016
s 56
f 731/853/965 685/854/968 846/851/1039 874/850/1040
s 111
f 770/765/1041 771/3780/1042 772/3781/1043 773/3782/1044
s 64
f 737/4741/800 775/641/1045 761/642/1046 688/4742/801
f 775/641/1045 776/640/1047 718/639/1048 761/642/1046
s 100
f 768/4780/1036 777/756/1049 738/757/1050 726/4781/1037
s 111
f 778/764/1051 779/758/1052 771/761/1053 770/765/1041
f 771/3780/1042 780/3783/1054 424/3784/1055 772/3781/1043
s 7
f 380/358/1056 401/362/1057 781/367/1058 767/368/1059
s 100
f 783/754/1060 769/748/1038 756/751/1016 750/755/1061
f 777/756/1049 783/754/1060 750/755/1061 738/757/1050
s 111
f 779/758/1052 784/759/1062 780/760/1063 771/761/1053
s 106
f 748/887/991 707/888/994 864/884/1064 881/883/1065
f 711/722/996 749/721/995 882/724/1066 865/725/1067
s 111
f 421/3785/1068 424/3784/1055 780/3783/1054
s 114
f 372/766/1069 427/767/1070 785/768/1071 786/769/1072
s 111
f 780/760/1063 784/759/1062 439/762/1073 421/763/1074
f 787/4590/1075 778/764/1051 770/765/1041 773/3782/1044
s 8
f 409/4720/666 638/4722/1076 788/4723/1077 538/4721/667
s 115
f 789/138/1078 790/3786/1079 791/3787/1080 792/142/1081
s 114
f 402/3791/1082 372/3792/1083 786/3793/1084 793/3794/1085
s 115
f 794/145/1086 795/141/1087 792/142/1081 791/146/1088
f 790/3786/1079 441/3788/1089 796/3789/1090 791/3787/1080
s 114
f 785/768/1071 797/770/1091 798/771/1092 786/769/1072
s 87
f 759/3673/832 799/3677/1093 800/3678/1094 760/3674/833
s 111
f 802/4586/1095 787/4590/1075 773/3782/1044 772/4587/1096
s 115
f 803/4782/1097 794/145/1086 791/146/1088 796/4783/1098
s 114
f 786/3793/1084 798/3795/1099 804/3796/1100 793/3794/1085
s 117
f 805/4786/1101 806/4787/1102 781/4788/1103 401/4789/1104
s 115
f 795/141/1087 807/137/1105 789/138/1078 792/142/1081
f 441/3788/1089 440/3790/1106 796/3789/1090
s 15
f 806/2689/1107 768/2688/1108 767/2700/1109 781/2701/1110
s 115
f 440/4784/1111 442/4785/1112 803/4782/1097 796/4783/1098
s 89
f 809/3708/1113 810/3709/1114 765/3704/839 766/3703/838
s 117
f 401/3799/1115 410/3800/1116 811/3801/1117 805/3802/1118
s 114
f 797/770/1091 812/772/1119 813/773/1120 798/771/1092
f 798/3795/1099 813/3797/1121 814/3798/1122 804/3796/1100
s 15
f 816/2678/1123 777/2677/1124 768/2688/1108 806/2689/1107
s 111
f 457/5649/1125 802/4586/1095 772/4587/1096 424/5650/1126
s 117
f 816/4790/1127 806/4787/1102 805/4786/1101 817/4791/1128
s 115
f 807/137/1105 819/133/1129 790/134/1130 789/138/1078
s 8
f 658/599/1131 449/593/700 560/596/701 820/600/1132
s 56
f 774/657/860 821/661/1133 799/662/1134 759/658/861
s 117
f 811/3801/1117 822/3803/1135 817/3804/1136 805/3802/1118
s 114
f 813/3797/1121 823/775/1137 824/802/1138 814/3798/1122
s 56
f 821/661/1133 827/4792/1139 800/4793/1140 799/662/1134
s 15
f 828/2668/1141 783/2667/1142 777/2677/1124 816/2678/1123
s 87
f 800/3678/1094 829/3682/1143 801/3679/1144 760/3674/833
s 114
f 812/772/1119 830/774/1145 823/775/1137 813/773/1120
s 92
f 831/778/1146 782/781/886 765/782/885 810/779/1147
s 117
f 822/3803/1135 832/3805/1148 833/3806/1149 817/3804/1136
f 828/813/1150 816/4790/1127 817/4791/1128 833/814/1151
s 15
f 835/2644/1152 769/2656/1153 783/2667/1142 828/2668/1141
s 115
f 819/133/1129 474/129/1154 441/5696/1155 790/134/1130
s 92
f 836/776/1156 2412/777/1157 831/778/1146 810/779/1147 809/780/1158
s 87
f 837/3687/1159 659/3685/845 655/3681/837 826/3683/1160
s 120
f 838/808/1161 839/3807/1162 840/3808/1163 841/3809/1164
s 89
f 842/3713/1165 809/3708/1113 766/3703/838 808/3707/1166
s 114
f 793/793/1167 843/794/1168 460/795/1169 402/796/1170
s 117
f 832/3805/1148 844/812/1171 845/811/1172 833/3806/1149
s 89
f 657/3706/843 834/3712/1173 808/3707/1166 644/3702/815
s 114
f 830/774/1145 850/801/1174 824/802/1138 823/775/1137
s 120
f 839/3807/1162 446/3810/1175 853/3811/1176 840/3808/1163
f 854/807/1177 855/803/1178 839/806/1179 838/808/1161
s 114
f 856/797/1180 843/794/1168 793/793/1167 804/798/1181
s 117
f 835/810/1182 828/813/1150 833/814/1151 845/811/1172
s 123
f 857/819/1183 858/3813/1184 859/3814/1185 860/820/1186
s 120
f 855/803/1178 467/804/1187 446/805/1188 839/806/1179
f 861/4799/1189 854/807/1177 838/808/1161 841/3809/1164
s 114
f 862/799/1190 856/797/1180 804/798/1181 814/800/1191
f 850/801/1174 862/799/1190 814/800/1191 824/802/1138
s 120
f 446/3810/1175 450/3812/1192 853/3811/1176
s 117
f 410/4800/1193 480/4801/1194 863/4802/1195 811/4803/1196
s 13
f 2299/2237/1197 2250/2238/1198 527/2233/1199 459/2234/1200
s 123
f 858/3813/1184 866/3815/1201 448/3816/1202 859/3814/1185
f 867/823/1203 868/817/1204 860/820/1186 859/824/1205
s 87
f 801/3679/1144 829/3682/1143 869/3686/1206 826/3683/1160
s 117
f 870/809/1207 835/810/1182 845/811/1172 844/812/1171
f 863/4802/1195 871/4804/1208 822/4805/1209 811/4803/1196
s 120
f 872/839/1210 861/4799/1189 841/3809/1164 840/840/1211
s 123
f 868/817/1204 873/818/1212 857/819/1183 860/820/1186
f 471/4806/1213 867/823/1203 859/824/1205 448/4807/1214
s 89
f 834/3712/1173 875/3717/1215 842/3713/1165 808/3707/1166
s 123
f 461/3817/1216 448/3816/1202 866/3815/1201
s 92
f 876/702/1217 852/703/1218 689/701/972 736/700/971
s 117
f 871/4804/1208 877/815/1219 832/816/1220 822/4805/1209
s 87
f 826/3683/1160 869/3686/1206 878/3690/1221 837/3687/1159
s 117
f 877/815/1219 870/809/1207 844/812/1171 832/816/1220
s 13
f 2295/2189/1222 2277/2190/1223 435/2185/1224 381/2186/1225
s 123
f 873/818/1212 879/821/1226 858/822/1227 857/819/1183
s 89
f 847/3716/1228 880/3721/1229 875/3717/1215 834/3712/1173
s 120
f 883/837/1230 872/839/1210 840/840/1211 853/838/1231
s 127
f 884/848/1232 885/3818/1233 886/3819/1234 887/3820/1235
s 101
f 849/3767/1029 889/3763/1236 723/3758/952 712/3762/934
s 128
f 477/827/1237 476/828/1238 890/829/1239 891/830/1240
s 87
f 878/3690/1221 892/3694/1241 815/3691/1010 837/3687/1159
s 128
f 478/3824/1242 477/3825/1243 891/3826/1244 893/3827/1245
s 56
f 894/4796/1246 895/4797/1247 869/4798/1248 829/4794/1249
s 120
f 450/835/1250 505/836/1251 883/837/1230 853/838/1231
s 89
f 896/3723/1252 880/3721/1229 847/3716/1228 818/3720/1019
s 123
f 879/821/1226 897/825/1253 866/826/1254 858/822/1227
s 127
f 885/3818/1233 899/3821/1255 900/3822/1256 886/3819/1234
s 92
f 901/785/1257 902/784/1258 842/783/1259 875/786/1260
s 127
f 903/847/1261 904/841/1262 885/844/1263 884/848/1232
s 128
f 890/829/1239 905/831/1264 906/832/1265 891/830/1240
s 87
f 892/3694/1241 907/3696/1266 846/3695/1011 815/3691/1010
s 56
f 895/4797/1247 908/860/1267 878/859/1268 869/4798/1248
s 128
f 891/3826/1244 906/3828/1269 909/3829/1270 893/3827/1245
s 127
f 910/4603/1271 903/847/1261 884/848/1232 887/3820/1235
s 64
f 540/565/668 579/567/732 545/568/735 522/566/669
s 89
f 852/3722/1018 911/3724/1272 896/3723/1252 818/3720/1019
s 127
f 912/3823/1273 900/3822/1256 899/3821/1255
f 904/841/1262 913/842/1274 899/843/1275 885/844/1263
s 123
f 866/826/1254 897/825/1253 501/4808/1276 461/4809/1277
s 92
f 914/787/1278 901/785/1257 875/786/1260 880/788/1279
s 132
f 915/4810/1280 916/4811/1281 500/4812/1282 486/4813/1283
f 486/3833/1284 487/3834/1285 917/3835/1286 915/3836/1287
s 127
f 899/843/1275 913/842/1274 918/845/1288 912/846/1289
s 128
f 906/3828/1269 919/3830/1290 920/3831/1291 909/3829/1270
s 127
f 921/4599/1292 910/4603/1271 887/3820/1235 886/4600/1293
s 128
f 905/831/1264 922/833/1294 919/834/1295 906/832/1265
s 101
f 923/3755/1296 924/3756/1297 864/3751/1031 848/3750/1030
f 865/3769/1028 925/3771/1298 926/3770/1299 849/3767/1029
s 92
f 927/789/1300 914/787/1278 880/788/1279 896/790/1301
s 128
f 919/3830/1290 928/3832/1302 929/871/1303 920/3831/1291
s 132
f 930/899/1304 916/4811/1281 915/4810/1280 931/900/1305
f 917/3835/1286 932/3837/1306 931/3838/1307 915/3836/1287
s 56
f 933/849/1308 874/850/1040 846/851/1039 907/852/1309
s 134
f 934/875/1310 935/3841/1311 936/3842/1312 937/3843/1313
s 101
f 938/3760/1314 923/3755/1296 848/3750/1030 888/3754/1315
f 926/3770/1299 939/3768/1316 889/3763/1236 849/3767/1029
s 56
f 940/855/1317 933/849/1308 907/852/1309 892/856/1318
s 92
f 876/702/1217 941/791/1319 911/792/1320 852/703/1218
s 127
f 942/5648/1321 921/4599/1292 886/4600/1293 900/5647/1322
s 128
f 922/833/1294 943/4814/1323 928/3832/1302 919/834/1295
f 893/862/1324 944/863/1325 531/864/1326 478/865/1327
s 132
f 932/3837/1306 945/3839/1328 946/3840/1329 931/3838/1307
s 101
f 898/3759/1330 947/3764/1331 938/3760/1314 888/3754/1315
f 889/3763/1236 939/3768/1316 947/3764/1331 898/3759/1330
s 134
f 935/3841/1311 948/3844/1332 949/3845/1333 936/3842/1312
s 132
f 950/896/1334 930/899/1304 931/900/1305 946/897/1335
s 106
f 882/724/1066 951/728/1336 925/729/1337 865/725/1067
f 952/880/1338 881/883/1065 864/884/1064 924/881/1339
s 134
f 953/872/1340 954/873/1341 935/874/1342 934/875/1310
f 955/4606/1343 953/872/1340 934/875/1310 937/3843/1313
s 128
f 956/866/1344 944/863/1325 893/862/1324 909/867/1345
s 106
f 951/728/1336 957/893/1346 926/894/1347 925/729/1337
f 958/879/1348 952/880/1338 924/881/1339 923/882/1349
s 132
f 945/3839/1328 959/902/1350 960/898/1351 946/3840/1329
s 128
f 943/4814/1323 961/870/1352 929/871/1303 928/3832/1302
s 134
f 948/3844/1332 962/3846/1353 949/3845/1333
f 954/873/1341 964/876/1354 948/877/1355 935/874/1342
s 128
f 965/868/1356 956/866/1344 909/867/1345 920/869/1357
s 132
f 487/4815/1358 966/4816/1359 967/4817/1360 917/4818/1361
s 134
f 968/4604/1362 955/4606/1343 937/3843/1313 936/4605/1363
s 128
f 961/870/1352 965/868/1356 920/869/1357 929/871/1303
s 132
f 969/895/1364 950/896/1334 946/897/1335 960/898/1351
s 106
f 957/893/1346 970/892/1365 939/891/1366 926/894/1347
f 971/885/1367 958/879/1348 923/882/1349 938/886/1368
s 134
f 948/877/1355 964/876/1354 972/878/1369
s 30
f 518/132/1370 973/135/1371 974/136/1372 466/127/1373
s 7
f 487/376/1374 510/378/607 975/381/1375 966/382/1376
s 132
f 967/4817/1360 977/4819/1377 932/4820/1378 917/4818/1361
s 106
f 978/889/1379 971/885/1367 938/886/1368 947/890/1380
s 134
f 979/4601/1381 968/4604/1362 936/4605/1363 949/4602/1382
s 139
f 516/3847/1383 491/3848/1384 980/3849/1385 981/3850/1386
f 491/905/1387 529/906/1388 982/907/1389 980/908/1390
s 132
f 983/901/1391 969/895/1364 960/898/1351 959/902/1350
f 977/4819/1377 984/903/1392 945/904/1393 932/4820/1378
f 984/903/1392 983/901/1391 959/902/1350 945/904/1393
s 13
f 2296/2226/1394 2253/2227/1395 596/2223/1396 985/2220/1397
s 134
f 962/5645/1398 986/5646/1399 979/4601/1381 949/4602/1382
s 139
f 980/3849/1385 987/3851/1400 988/3852/1401 981/3850/1386
f 982/907/1389 989/909/1402 987/910/1403 980/908/1390
s 8
f 638/4722/1076 825/4724/1404 990/4725/1405 788/4723/1077
s 142
f 510/3856/1406 528/3857/1407 991/3858/1408 992/3859/1409
f 992/4821/1410 993/4822/1411 975/4823/1412 510/4824/1413
s 15
f 993/2637/1414 967/2636/1415 966/2648/1416 975/2649/1417
s 13
f 974/2204/1418 2271/2205/1419 2272/2201/1420 466/2198/1421
s 139
f 987/3851/1400 994/3853/1422 995/3854/1423 988/3852/1401
s 142
f 991/3858/1408 996/3860/1424 997/3861/1425 992/3859/1409
s 139
f 989/909/1402 998/911/1426 994/912/1427 987/910/1403
s 142
f 999/935/1428 993/4822/1411 992/4821/1410 997/936/1429
s 15
f 999/2626/1430 977/2625/1431 967/2636/1415 993/2637/1414
s 139
f 994/3853/1422 1000/3855/1432 1001/922/1433 995/3854/1423
s 30
f 1002/139/1434 1003/143/1435 985/144/1436 1004/140/1437
s 8
f 851/603/1438 658/599/1131 820/600/1132 1005/604/1439
s 30
f 973/135/1371 1002/139/1434 1004/140/1437 974/136/1372
s 139
f 981/913/1440 1006/914/1441 550/915/1442 516/916/1443
s 142
f 996/3860/1424 1007/3862/1444 1008/3863/1445 997/3861/1425
s 139
f 998/911/1426 1009/4825/1446 1000/3855/1432 994/912/1427
s 15
f 1010/2616/1447 984/2615/1448 977/2625/1431 999/2626/1430
s 142
f 1010/932/1449 999/935/1428 997/936/1429 1008/933/1450
s 139
f 1012/917/1451 1006/914/1441 981/913/1440 988/918/1452
s 142
f 1007/3862/1444 1013/938/1453 1014/934/1454 1008/3863/1445
f 528/4826/1455 558/4827/1456 1015/4828/1457 991/4829/1458
s 15
f 1016/2592/1459 983/2604/1460 984/2615/1448 1010/2616/1447
s 149
f 1017/3864/1461 1018/3865/1462 1019/3866/1463 1020/3867/1464
s 139
f 1009/4825/1446 1021/921/1465 1001/922/1433 1000/3855/1432
f 1022/919/1466 1012/917/1451 988/918/1452 995/920/1467
s 149
f 1018/923/1468 1023/924/1469 1024/925/1470 1019/926/1471
s 142
f 1016/931/1472 1010/932/1449 1008/933/1450 1014/934/1454
s 139
f 1021/921/1465 1022/919/1466 995/920/1467 1001/922/1433
s 142
f 1015/4828/1457 1025/4830/1473 996/4831/1474 991/4829/1458
s 149
f 1019/3866/1463 1026/3868/1475 1027/3869/1476 1020/3867/1464
s 56
f 674/4754/869 635/659/802 608/660/805 634/4755/870
s 13
f 985/2220/1397 2259/2221/1477 2258/2218/1478 1004/2212/1479
s 149
f 1024/925/1470 1028/927/1480 1026/928/1481 1019/926/1471
s 142
f 1025/4830/1473 1029/939/1482 1007/940/1483 996/4831/1474
f 1030/937/1484 1016/931/1472 1014/934/1454 1013/938/1453
s 13
f 974/2204/1418 2265/2210/1485 582/2207/1486
s 152
f 557/3873/1487 556/3874/1488 1031/3875/1489 1032/3876/1490
s 142
f 1029/939/1482 1030/937/1484 1013/938/1453 1007/940/1483
s 92
f 646/692/817 683/686/891 643/689/894 621/693/818
s 149
f 1026/3868/1475 1033/3870/1491 1034/3871/1492 1027/3869/1476
s 152
f 1032/968/1493 1035/967/1494 566/4832/1495 557/4833/1496
s 149
f 1028/927/1480 1036/929/1497 1033/930/1498 1026/928/1481
s 152
f 1031/3875/1489 1037/3877/1499 1038/3878/1500 1032/3876/1490
s 149
f 1020/941/1501 1039/942/1502 1040/943/1503 1017/944/1504
f 1033/3870/1491 1041/3872/1505 1042/950/1506 1034/3871/1492
s 152
f 1043/963/1507 1035/967/1494 1032/968/1493 1038/964/1508
s 155
f 1044/3881/1509 1045/3882/1510 1046/3883/1511 1047/3884/1512
s 149
f 1048/945/1513 1039/942/1502 1020/941/1501 1027/946/1514
s 152
f 1037/3877/1499 1049/3879/1515 1050/3880/1516 1038/3878/1500
s 149
f 1036/929/1497 1051/4834/1517 1041/3872/1505 1033/930/1498
s 7
f 556/388/1518 563/390/695 1052/393/1519 1053/394/1520
s 152
f 556/4835/1521 1053/4836/1522 1054/4837/1523 1031/4838/1524
s 155
f 1045/951/1525 1055/952/1526 1056/953/1527 1046/954/1528
s 152
f 1057/960/1529 1043/963/1507 1038/964/1508 1050/961/1530
s 158
f 563/3890/1531 570/3891/1532 1058/3892/1533 1059/3893/1534
s 149
f 1060/947/1535 1048/945/1513 1027/946/1514 1034/948/1536
s 152
f 1049/3879/1515 1061/966/1537 1062/962/1538 1050/3880/1516
s 155
f 1046/3883/1511 1063/3885/1539 1064/3886/1540 1047/3884/1512
s 149
f 1051/4834/1517 1065/949/1541 1042/950/1506 1041/3872/1505
f 1065/949/1541 1060/947/1535 1034/948/1536 1042/950/1506
s 158
f 1059/990/1542 1066/989/1543 1052/4841/1544 563/4842/1545
s 152
f 1054/4837/1523 1067/4839/1546 1037/4840/1547 1031/4838/1524
s 155
f 1056/953/1527 1068/955/1548 1063/956/1549 1046/954/1528
s 158
f 1058/3892/1533 1069/3894/1550 1070/3895/1551 1059/3893/1534
s 152
f 1071/959/1552 1057/960/1529 1050/961/1530 1062/962/1538
s 155
f 1063/3885/1539 1072/3887/1553 1073/3888/1554 1064/3886/1540
s 152
f 1067/4839/1546 1074/969/1555 1049/970/1556 1037/4840/1547
s 155
f 1047/971/1557 1075/972/1558 1076/973/1559 1044/974/1560
s 15
f 1066/2585/1561 1054/2584/1562 1053/2596/1563 1052/2597/1564
s 162
f 598/3898/1565 597/3899/1566 1077/3900/1567 1078/3901/1568
s 158
f 1079/985/1569 1066/989/1543 1059/990/1542 1070/986/1570
s 152
f 1080/965/1571 1071/959/1552 1062/962/1538 1061/966/1537
s 155
f 1068/955/1548 1081/957/1572 1072/958/1573 1063/956/1549
f 1072/3887/1553 1082/3889/1574 1083/980/1575 1073/3888/1554
s 158
f 1069/3894/1550 1084/3896/1576 1085/3897/1577 1070/3895/1551
s 152
f 1074/969/1555 1080/965/1571 1061/966/1537 1049/970/1556
s 163
f 1086/3907/1578 1087/3908/1579 1088/3909/1580 1089/3910/1581
s 158
f 570/4843/1582 626/4844/1583 1090/4845/1584 1058/4846/1585
s 155
f 1091/975/1586 1075/972/1558 1047/971/1557 1064/976/1587
s 15
f 1079/2574/1588 1067/2573/1589 1054/2584/1562 1066/2585/1561
s 8
f 825/4724/1404 963/611/1590 1092/612/1591 990/4725/1405
s 162
f 597/4859/1592 610/4860/1593 1093/4857/1594 1077/4858/1595
f 1077/3900/1567 1094/3902/1596 1095/3903/1597 1078/3901/1568
s 158
f 1084/3896/1576 1096/988/1598 1097/984/1599 1085/3897/1577
f 1098/982/1600 1079/985/1569 1070/986/1570 1085/983/1601
s 166
f 612/3915/1602 601/3916/1603 1099/3917/1604 1100/3918/1605
s 155
f 1081/957/1572 1101/4851/1606 1082/3889/1574 1072/958/1573
s 167
f 1102/3923/1607 1103/3924/1608 1104/3925/1609 1105/3926/1610
s 158
f 1090/4845/1584 1106/4847/1611 1069/4848/1612 1058/4846/1585
s 163
f 1088/3909/1580 1107/3911/1613 1108/3912/1614 1089/3910/1581
s 155
f 1109/977/1615 1091/975/1586 1064/976/1587 1073/978/1616
s 163
f 1089/401/1617 1110/402/1618 1111/398/1619 1086/5644/1620
s 162
f 1078/447/1621 1112/448/1622 630/439/1623 598/5637/1624
s 15
f 1098/2564/1625 1074/2563/1626 1067/2573/1589 1079/2574/1588
s 162
f 1093/4857/1594 1113/4852/1627 1094/4855/1628 1077/4858/1595
s 155
f 1101/4851/1606 1114/979/1629 1083/980/1575 1082/3889/1574
s 162
f 1094/3902/1596 1115/3904/1630 1116/3905/1631 1095/3903/1597
s 8
f 976/607/1632 851/603/1438 1005/604/1439 1117/608/1633
s 155
f 1114/979/1629 1109/977/1615 1073/978/1616 1083/980/1575
s 158
f 1118/981/1634 1098/982/1600 1085/983/1601 1097/984/1599
s 163
f 1087/4867/1635 1119/4868/1636 1120/4861/1637 1088/4864/1638
s 158
f 1106/4847/1611 1121/4849/1639 1084/4850/1640 1069/4848/1612
s 166
f 1099/3917/1604 1122/3919/1641 1123/3920/1642 1100/3918/1605
s 167
f 1104/3925/1609 1124/3927/1643 1125/3928/1644 1105/3926/1610
s 166
f 601/4883/1645 628/4884/1646 1126/4881/1647 1099/4882/1648
s 163
f 1107/3911/1613 1127/3913/1649 1128/3914/1650 1108/3912/1614
f 1129/405/1651 1110/402/1618 1089/401/1617 1108/406/1652
s 167
f 1105/415/1653 1130/416/1654 1131/409/1655 1102/5642/1656
s 158
f 1132/987/1657 1118/981/1634 1097/984/1599 1096/988/1598
s 162
f 1115/3904/1630 1133/3906/1658 1134/458/1659 1116/3905/1631
s 158
f 1121/4849/1639 1132/987/1657 1096/988/1598 1084/4850/1640
s 162
f 1135/451/1660 1112/448/1622 1078/447/1621 1095/452/1661
s 167
f 1103/4875/1662 1136/4876/1663 1137/4869/1664 1104/4872/1665
s 166
f 1100/427/1666 1138/428/1667 631/420/1668 612/5639/1669
s 162
f 1113/4852/1627 1139/4853/1670 1115/4854/1671 1094/4855/1628
s 163
f 1120/4861/1637 1140/4862/1672 1107/4863/1673 1088/4864/1638
s 166
f 1122/3919/1641 1141/3921/1674 1142/3922/1675 1123/3920/1642
s 163
f 1127/3913/1649 1143/424/1676 1144/418/1677 1128/3914/1650
s 167
f 1124/3927/1643 1145/3929/1678 1146/3930/1679 1125/3928/1644
s 166
f 1126/4881/1647 1147/4877/1680 1122/4880/1681 1099/4882/1648
s 163
f 1148/411/1682 1129/405/1651 1108/406/1652 1128/412/1683
s 167
f 1149/421/1684 1130/416/1654 1105/415/1653 1125/422/1685
s 162
f 1150/455/1686 1135/451/1660 1095/452/1661 1116/456/1687
s 166
f 1151/433/1688 1138/428/1667 1100/427/1666 1123/434/1689
s 167
f 1137/4869/1664 1152/4870/1690 1124/4871/1691 1104/4872/1665
s 162
f 1139/4853/1670 1153/4856/1692 1133/3906/1658 1115/4854/1671
s 64
f 661/638/910 718/639/1048 776/640/1047 697/637/909
s 106
f 755/732/1012 752/730/1001 724/731/1002 734/733/1013
s 166
f 1141/3921/1674 1154/454/1693 1155/450/1694 1142/3922/1675
s 163
f 1140/4862/1672 1156/4865/1695 1127/4866/1696 1107/4863/1673
s 167
f 1145/3929/1678 1157/444/1697 1158/436/1698 1146/3930/1679
s 162
f 1159/457/1699 1150/455/1686 1116/456/1687 1134/458/1659
s 163
f 1160/417/1700 1148/411/1682 1128/412/1683 1144/418/1677
s 166
f 1147/4877/1680 1161/4878/1701 1141/4879/1702 1122/4880/1681
s 162
f 1153/4856/1692 1159/457/1699 1134/458/1659 1133/3906/1658
s 167
f 1162/429/1703 1149/421/1684 1125/422/1685 1146/430/1704
s 166
f 1163/441/1705 1151/433/1688 1123/434/1689 1142/442/1706
s 167
f 1152/4870/1690 1164/4873/1707 1145/4874/1708 1124/4871/1691
s 163
f 1156/4865/1695 1165/423/1709 1143/424/1676 1127/4866/1696
f 1165/423/1709 1160/417/1700 1144/418/1677 1143/424/1676
s 166
f 1161/4878/1701 1166/453/1710 1154/454/1693 1141/4879/1702
s 167
f 1167/435/1711 1162/429/1703 1146/430/1704 1158/436/1698
s 166
f 1168/449/1712 1163/441/1705 1142/442/1706 1155/450/1694
s 167
f 1164/4873/1707 1169/443/1713 1157/444/1697 1145/4874/1708
s 166
f 1166/453/1710 1168/449/1712 1155/450/1694 1154/454/1693
s 167
f 1169/443/1713 1167/435/1711 1158/436/1698 1157/444/1697
s 8
f 963/611/1590 1011/609/1714 1170/610/1715 1092/612/1591
f 1011/609/1714 976/607/1632 1117/608/1633 1170/610/1715
s 56
f 829/4794/1249 800/4793/1140 827/4792/1139 1171/4795/1716 894/4796/1246
s 92
f 809/780/1158 842/783/1259 902/784/1258 836/776/1156
s 56
f 892/856/1318 878/859/1268 908/860/1267 1172/861/1717 940/855/1317
s 92
f 941/791/1319 927/789/1300 896/790/1301 911/792/1320
s 106
f 947/890/1380 939/891/1366 970/892/1365 978/889/1379
s 29
f 117/2866/1718 2389/2906/1719 153/2883/1720
s 30
f 900/4592/1721 948/4594/1722 972/4596/1723 942/4597/1724
s 29
f 391/3036/1725 660/3016/1726 673/3015/1727
s 30
f 158/166/1728 257/171/1729 256/175/1730 221/176/1731
s 15
f 1081/2406/1732 1068/2416/1733 1048/2417/1734 1060/2407/1735
f 1135/2470/1736 1147/2469/1737 1126/2480/1738 1112/2481/1739
s 30
f 286/53/1740 197/45/1741 253/63/1742 287/64/1743
s 29
f 2425/3487/1744 116/3500/1745 135/3473/1746
f 973/3224/1747 901/3248/1748 914/3241/1749
f 671/3161/1750 706/3160/1751 691/3175/1752
s 7
f 552/4683/1753 1023/4684/1754 1018/4685/1755 527/4678/1756
s 15
f 2279/2658/1757 863/2669/1758 480/2679/1759 475/2670/1760
s 29
f 821/3054/1761 436/3053/1762 425/3070/1763 827/3071/1764
f 637/3010/1765 353/3031/1766 2380/3032/1767 2379/3011/1768
s 15
f 2273/2606/1769 1015/2617/1770 558/2627/1771 553/2618/1772
s 29
f 298/2887/1773 285/2886/1774 2386/2911/1775
s 7
f 1087/400/1776 1102/404/1777 1131/5641/1778 1119/410/1779
s 15
f 2284/2676/1780 632/2685/1781 648/2697/1782 2285/2686/1783
f 2267/2542/1784 1106/2553/1785 1090/2565/1786 2266/2554/1787
f 830/2303/1788 788/2302/1789 850/2307/1790
s 29
f 2419/3364/1791 444/3385/1792 483/3365/1793 2420/3343/1794
f 2422/3458/1795 313/3471/1796 349/3459/1797
f 2375/3068/1798 696/3051/1799 725/3086/1800 2376/3087/1801
f 2381/2987/1802 521/2986/1803 536/3007/1804 2382/3008/1805
s 15
f 2255/2440/1806 1113/2449/1807 1093/2461/1808 2254/2450/1809
s 29
f 957/3159/1810 1002/3172/1811 970/3185/1812
f 1172/3186/1813 968/3215/1814 979/3200/1815
s 15
f 956/2366/1816 989/2365/1817 982/2376/1818 944/2377/1819
s 29
f 2413/3317/1820 719/3341/1821 697/3318/1822
s 15
f 2260/2502/1823 1137/2513/1824 1136/2523/1825 641/2514/1826
s 29
f 2373/3124/1827 861/3105/1828 872/3138/1829 2372/3139/1830
f 807/3284/1831 868/3283/1832 867/3299/1833 819/3300/1834
s 207
f 17/991/1835 1182/992/1836 1183/993/1837 16/994/1838
s 13
f 2395/2276/1839 34/2272/1840 200/2275/1841
s 3
f 1178/7/1842 22/1/18 13/4/20 11/8/1843
f 10/5684/1844 1179/10/1845 1178/7/1842 11/8/1843
s 207
f 1182/992/1836 1176/995/1846 1184/996/1847 1183/993/1837
s 30
f 29/24/1848 82/23/1849 100/29/1850 99/30/1851
s 10
f 56/301/62 163/303/1852 1185/304/1853 26/302/63
s 9
f 314/1003/1854 53/1007/57 24/1008/60 1186/1004/1855
s 8
f 1187/1365/1856 137/1369/303 68/1370/306 67/1366/1857
s 207
f 1176/995/1846 1175/997/1858 1190/998/1859 1184/996/1847
s 10
f 1193/1021/1860 1177/1020/1861 43/1023/48 7/1024/51
s 2
f 1194/2074/1862 18/2068/16 26/2076/25 1185/2082/1863
s 1
f 1191/2051/1864 1186/2059/1865 24/2052/21 21/2044/24
s 207
f 1175/997/1858 1188/4885/1866 1197/4886/1867 1190/998/1859
f 1190/998/1859 1197/3931/1868 1183/3932/1869 1184/996/1847
f 1197/3931/1868 1198/3933/1870 16/3934/1871 1183/3932/1869
f 202/3935/1872 16/3934/1871 1198/3933/1870
s 2
f 1199/2070/1873 6/2065/6 18/2068/16 1194/2074/1862
s 10
f 1200/305/1874 1185/304/1853 163/303/1852 162/306/1875
s 9
f 1201/1000/1876 314/1003/1854 1186/1004/1855 1202/1001/1877
f 1203/321/1878 3/320/46 42/319/45 1181/322/1879
s 207
f 1188/4885/1866 1189/4887/1880 1198/4888/1881 1197/4886/1867
s 9
f 1204/999/1882 1201/1000/1876 1202/1001/1877 1205/1002/1883
s 10
f 162/4891/1884 1206/1030/1885 1207/1029/1886 1200/4892/1887
s 2
f 7/2066/7 6/2065/6 1199/2070/1873 1193/2071/1888
s 1
f 3/2038/3 1203/2042/1889 1195/2043/1890 4/2039/4
s 207
f 1198/4888/1881 1189/4887/1880 203/4889/1891 202/4890/1892
s 9
f 1204/999/1882 1205/1002/1883 1217/1005/1893 1216/1006/1894
s 10
f 1207/1029/1886 1206/1030/1885 1208/1025/1895 1209/1026/1896
s 2
f 1207/2083/1897 1194/2074/1862 1185/2082/1863 1200/2088/1898
s 1
f 1205/2058/1899 1202/2062/1900 1186/2059/1865 1191/2051/1864
s 211
f 1210/4895/1901 1211/4894/1902 1212/4897/1903 1213/4898/1904
f 1214/4893/1905 1211/4894/1902 1210/4895/1901 1215/4896/1906
s 1
f 1217/2050/1907 1205/2058/1899 1191/2051/1864 1195/2043/1890
s 10
f 1219/1019/1908 1177/1020/1861 1193/1021/1860 1220/1022/1909
s 9
f 1181/322/1879 1221/1009/1910 1222/1010/1911 1203/321/1878
s 211
f 1223/59/1912 1214/4893/1905 1215/4896/1906 1224/60/1913
s 9
f 1221/1009/1910 1216/1006/1894 1217/1005/1893 1222/1010/1911
s 10
f 1208/1025/1895 1219/1019/1908 1220/1022/1909 1209/1026/1896
s 14
f 81/519/100 1225/523/1914 1192/524/1915 46/520/101
s 2
f 1199/2070/1873 1194/2074/1862 1207/2083/1897 1209/2078/1916
s 211
f 1227/51/1917 1223/59/1912 1224/60/1913 1228/52/1918
s 212
f 1229/1041/1919 1230/1035/1920 1231/1038/1921 1232/1042/1922
s 1
f 1203/2042/1889 1222/2049/1923 1217/2050/1907 1195/2043/1890
s 2
f 1193/2071/1888 1199/2070/1873 1209/2078/1916 1220/2079/1924
s 212
f 1230/1035/1920 1233/1036/1925 1234/1037/1926 1231/1038/1921
s 14
f 1235/1082/1927 63/1085/71 30/1086/74 1196/1083/1928
s 213
f 1236/5628/1929 1237/5661/1930 1238/185/1931 1239/186/1932
f 1238/185/1931 1240/193/1933 1241/194/1934 1239/186/1932
s 212
f 1229/1041/1919 1232/1042/1922 1257/1045/1935 1256/1046/1936
s 211
f 1242/41/1937 1227/51/1917 1228/52/1918 1243/42/1938
s 213
f 1240/193/1933 1244/205/1939 1245/206/1940 1241/194/1934
s 211
f 1224/60/1913 1215/3936/1941 1243/3937/1942 1228/52/1918
f 1215/3936/1941 1210/3938/1943 1246/3939/1944 1243/3937/1942
f 1213/3940/1945 1246/3939/1944 1210/3938/1943
s 214
f 1247/1063/1946 1248/1060/1947 1249/1059/1948 1250/1064/1949
f 1252/4899/1950 1247/4900/1951 1250/4901/1952 1253/4902/1953
s 211
f 1254/5683/1954 1242/41/1937 1243/42/1938 1246/5682/1955
s 216
f 1232/3941/1956 1231/3942/1957 1234/3943/1958 1255/3944/1959
s 213
f 1244/205/1939 1259/215/1960 1260/216/1961 1245/206/1940
s 216
f 1257/3947/1962 1232/3941/1956 1255/3944/1959 1272/3948/1963
s 212
f 1261/1117/1964 1256/1046/1936 1257/1045/1935 1262/1118/1965
f 1233/1036/1925 1263/1039/1966 1264/1040/1967 1234/1037/1926
s 214
f 1249/1059/1948 1248/1060/1947 1265/1053/1968 1266/1056/1969
s 212
f 1267/1113/1970 1261/1117/1964 1262/1118/1965 1268/1114/1971
s 217
f 1249/3969/1972 1269/3970/1973 1253/3971/1974 1250/3972/1975
s 213
f 1259/215/1960 1270/4909/1976 1271/4910/1977 1260/216/1961
f 1260/216/1961 1271/3997/1978 1241/3998/1979 1245/206/1940
f 1271/3997/1978 1273/3999/1980 1239/4000/1981 1241/3998/1979
f 1273/3999/1980 1236/4001/1982 1239/4000/1981
f 1270/4909/1976 1274/4911/1983 1273/4912/1984 1271/4910/1977
s 216
f 1278/3945/1985 1255/3944/1959 1234/3943/1958 1264/3946/1986
f 1257/3947/1962 1272/3948/1963 1268/3952/1987 1262/3953/1988
s 214
f 1265/1053/1968 1279/1054/1989 1280/1055/1990 1266/1056/1969
s 218
f 1281/4914/1991 1277/4916/1992 1276/4917/1993 1282/4915/1994
s 217
f 1269/3970/1973 1249/3969/1972 1266/3973/1995 1284/3974/1996
s 216
f 1340/3957/1997 1401/3958/1998 1370/3954/1999 1322/3951/2000
s 214
f 1279/1054/1989 1285/1057/2001 1286/1058/2002 1280/1055/1990
s 15
f 38/2753/117 1287/2749/2003 1288/2750/2004 78/2754/118
s 218
f 1289/4913/2005 1281/4914/1991 1282/4915/1994 1290/4002/2006
s 7
f 78/363/96 1288/369/2007 1291/370/2008 60/364/97
s 212
f 1263/1039/1966 1292/1043/2009 1293/1044/2010 1264/1040/1967
s 217
f 1294/3975/2011 1295/3976/2012 1253/3971/1974 1269/3970/1973
s 220
f 1296/4918/2013 1297/4919/2014 1298/4920/2015 1448/4921/2016
f 1299/1066/2017 1300/1065/2018 1298/1069/2019 1297/1070/2020
s 218
f 1301/67/2021 1289/4913/2005 1290/4002/2006 1302/68/2022
s 222
f 1304/5663/2023 1305/221/2024 1306/222/2025 1303/5662/2026
s 13
f 2367/2157/2027 1291/2156/2028 1308/2159/2029
s 217
f 1266/3973/1995 1280/3977/2030 1286/3978/2031 1284/3974/1996
s 212
f 1310/1110/2032 1267/1113/1970 1268/1114/1971 1311/1111/2033
s 222
f 1305/221/2024 1312/229/2034 1313/230/2035 1306/222/2025
s 220
f 1315/4922/2036 1314/4923/2037 1296/4918/2013 1448/4921/2016
f 1300/1065/2018 1299/1066/2017 1527/1067/2038 1528/1068/2039
s 214
f 1316/4905/2040 1317/4903/2041 1295/4904/2042 1318/4906/2043
s 218
f 1320/57/2044 1301/67/2021 1302/68/2022 1321/58/2045
s 220
f 1314/4923/2037 1315/4922/2036 1329/1074/2046 1328/1073/2047
s 216
f 1293/3950/2048 1322/3951/2000 1278/3945/1985 1264/3946/1986
s 218
f 1290/4002/2006 1282/4003/2049 1321/4004/2050 1302/68/2022
s 15
f 1323/2283/2051 67/2277/77 32/2280/80 1324/2284/2052
s 222
f 1312/229/2034 1325/237/2053 1326/238/2054 1313/230/2035
s 218
f 1282/4003/2049 1276/4005/2055 1327/4006/2056 1321/4004/2050
s 220
f 1328/1073/2047 1329/1074/2046 1492/1075/2057 1503/1076/2058
s 217
f 1330/3979/2059 1294/3975/2011 1269/3970/1973 1284/3974/1996
s 218
f 1276/4005/2055 1331/4007/2060 1327/4006/2056
s 216
f 1268/3952/1987 1272/3948/1963 1332/3949/2061 1311/3955/2062
s 7
f 1324/1217/2063 32/1221/35 35/1222/38 1333/1218/2064
s 218
f 1334/49/2065 1320/57/2044 1321/58/2045 1327/50/2066
s 214
f 1335/4907/2067 1316/4905/2040 1318/4906/2043 1336/4908/2068
s 218
f 1331/5680/2069 1337/5681/2070 1334/49/2065 1327/50/2066
s 14
f 1225/523/1914 1338/4924/2071 1218/4925/2072 1192/524/1915
s 216
f 1339/3956/2073 1340/3957/1997 1322/3951/2000 1293/3950/2048
s 13
f 1333/2262/2074 2398/2266/2075 1341/2263/2076
s 217
f 1318/3980/2077 1295/3976/2012 1294/3975/2011 1342/3981/2078
s 222
f 1325/237/2053 1343/4930/2079 1344/4931/2080 1326/238/2054
f 1326/238/2054 1344/4008/2081 1306/4009/2082 1313/230/2035
f 1344/4008/2081 1345/4010/2083 1303/4011/2084 1306/4009/2082
f 1346/4012/2085 1303/4011/2084 1345/4010/2083
s 212
f 1347/1047/2086 1348/1049/2087 1349/1050/2088 1339/1048/2089
s 220
f 1350/1071/2090 1351/1072/2091 1528/1068/2039 1527/1067/2038
s 222
f 1343/4930/2079 1352/4932/2092 1345/4933/2093 1344/4931/2080
s 217
f 1286/3978/2031 1353/3982/2094 1330/3979/2059 1284/3974/1996
s 8
f 37/601/40 1354/605/2095 1287/606/2096 38/602/41
s 217
f 1336/3984/2097 1318/3980/2077 1342/3981/2078 1355/3985/2098
s 14
f 1356/1081/2099 1235/1082/1927 1196/1083/1928 1226/1084/2100
s 220
f 1357/4936/2101 1358/4937/2102 1351/1072/2091 1350/1071/2090
s 226
f 1360/1101/2103 1359/1102/2104 1582/1103/2105 1583/1104/2106
s 222
f 1345/4933/2093 1352/4932/2092 1361/4934/2107 1346/4935/2108
s 226
f 1363/4940/2109 1362/4941/2110 1359/1102/2104 1360/1101/2103
s 214
f 1317/4903/2041 1252/4899/1950 1253/4902/1953 1295/4904/2042
s 212
f 1364/1109/2111 1310/1110/2032 1311/1111/2033 1365/1112/2112
s 220
f 1358/4937/2102 1357/4936/2101 1382/4938/2113 1383/4939/2114
s 214
f 1366/1137/2115 1335/4907/2067 1336/4908/2068 1367/1138/2116
s 220
f 1369/1077/2117 1368/1078/2118 1503/1076/2058 1492/1075/2057
s 216
f 1371/3960/2119 1340/3957/1997 1339/3956/2073 1349/3961/2120
s 217
f 1372/3983/2121 1342/3981/2078 1294/3975/2011 1330/3979/2059
s 226
f 1374/4944/2122 1373/4945/2123 1599/4942/2124 1600/4943/2125
f 1376/1126/2126 1375/1125/2127 1373/1129/2128 1374/1130/2129
s 30
f 1395/239/2130 1379/223/2131 1377/232/2132 1378/240/2133
s 212
f 1348/1049/2087 1380/1051/2134 1381/1052/2135 1349/1050/2088
s 220
f 1383/4939/2114 1382/4938/2113 1644/1080/2136 1626/1079/2137
s 216
f 1332/3949/2061 1370/3954/1999 1365/3959/2138 1311/3955/2062
s 220
f 1368/1078/2118 1369/1077/2117 1626/1079/2137 1644/1080/2136
s 212
f 1380/4946/2139 1384/4947/2140 1385/4948/2141 1381/4949/2142
s 214
f 1386/1062/2143 1387/4950/2144 1388/4951/2145 1353/1061/2146
s 231
f 1389/4960/2147 1390/4959/2148 1391/4961/2149 1392/5679/2150
f 1393/4957/2151 1390/4959/2148 1389/4960/2147 1394/4958/2152
s 217
f 1396/3988/2153 1367/3989/2154 1336/3984/2097 1355/3985/2098
s 8
f 1397/1362/2155 1187/1365/1856 67/1366/1857 1323/1363/2156
s 217
f 1398/3987/2157 1355/3985/2098 1342/3981/2078 1372/3983/2121
s 231
f 1399/4956/2158 1393/4957/2151 1394/4958/2152 1400/4013/2159
s 214
f 1402/1134/2160 1366/1137/2115 1367/1138/2116 1403/1135/2161
s 226
f 1375/1125/2127 1376/1126/2126 1711/1127/2162 1765/1128/2163
s 214
f 1404/1133/2164 1402/1134/2160 1403/1135/2161 1405/1136/2165
s 216
f 1385/3964/2166 1371/3960/2119 1349/3961/2120 1381/3965/2167
s 226
f 1406/1105/2168 1407/1106/2169 1583/1104/2106 1582/1103/2105
s 231
f 1408/1147/2170 1399/4956/2158 1400/4013/2159 1409/1148/2171
s 216
f 1370/3954/1999 1401/3958/1998 1410/3963/2172 1365/3959/2138
s 212
f 1385/4948/2141 1384/4947/2140 1463/1123/2173 1464/1124/2174
s 217
f 1330/3979/2059 1353/3982/2094 1388/3986/2175 1372/3983/2121
s 232
f 1411/5664/2176 1412/5665/2177 1413/219/2178 1414/220/2179
f 1413/219/2178 1415/227/2180 1416/228/2181 1414/220/2179
s 214
f 1387/4950/2144 1417/4952/2182 1418/4953/2183 1388/4951/2145
s 232
f 1415/227/2180 1419/235/2184 1420/236/2185 1416/228/2181
s 212
f 1292/1043/2009 1347/1047/2086 1339/1048/2089 1293/1044/2010
s 217
f 1405/3992/2186 1403/3993/2187 1367/3989/2154 1396/3988/2153
s 226
f 1407/1106/2169 1406/1105/2168 1751/1107/2188 1752/1108/2189
s 231
f 1429/1144/2190 1408/1147/2170 1409/1148/2171 1430/1145/2191
s 232
f 1419/235/2184 1432/243/2192 1433/244/2193 1420/236/2185
s 216
f 1371/3960/2119 1385/3964/2166 1464/3967/2194 1434/3962/2195
s 231
f 1400/4013/2159 1394/4014/2196 1430/4015/2197 1409/1148/2171
s 226
f 1435/5021/2198 1436/5022/2199 1752/1108/2189 1751/1107/2188
s 231
f 1394/4014/2196 1389/4016/2200 1437/4017/2201 1430/4015/2197
s 217
f 1372/3983/2121 1388/3986/2175 1418/3990/2202 1398/3987/2157
s 231
f 1392/4018/2203 1437/4017/2201 1389/4016/2200
s 217
f 1396/3988/2153 1355/3985/2098 1398/3987/2157 1438/3991/2204
s 231
f 1439/1143/2205 1429/1144/2190 1430/1145/2191 1437/1146/2206
s 212
f 1440/1119/2207 1441/1116/2208 1410/1115/2209 1442/1120/2210
s 232
f 1432/243/2192 1443/249/2211 1444/250/2212 1433/244/2193
s 226
f 1446/5023/2213 1447/5024/2214 1436/5022/2199 1435/5021/2198
s 232
f 1433/244/2193 1444/4019/2215 1416/4020/2216 1420/236/2185
f 1444/4019/2215 1449/4021/2217 1414/4022/2218 1416/4020/2216
s 226
f 1447/5024/2214 1446/5023/2213 1450/1132/2219 1451/1131/2220
f 1451/1131/2220 1450/1132/2219 1765/1128/2163 1711/1127/2162
s 233
f 1452/1155/2221 1453/1149/2222 1454/1152/2223 1455/1156/2224
f 1453/1149/2222 1456/1150/2225 1457/1151/2226 1454/1152/2223
s 214
f 1353/1061/2146 1286/1058/2002 1285/1057/2001 1386/1062/2143
f 1404/1133/2164 1405/1136/2165 1461/1139/2227 1462/1140/2228
s 232
f 1449/4021/2217 1411/4023/2229 1414/4022/2218
s 14
f 1338/4924/2071 1465/4926/2230 1251/4927/2231 1218/4925/2072
s 232
f 1443/249/2211 1466/5025/2232 1449/5026/2233 1444/250/2212
s 234
f 1467/5027/2234 1468/5028/2235 1469/5029/2236 1470/5030/2237
s 216
f 1410/3963/2172 1401/3958/1998 1434/3962/2195 1442/3966/2238
s 214
f 1417/4952/2182 1477/4954/2239 1478/4955/2240 1418/4953/2183
s 234
f 1479/5031/2241 1468/5028/2235 1467/5027/2234 1480/5032/2242
s 14
f 1483/1087/2243 1356/1081/2099 1226/1084/2100 1258/1088/2244
s 217
f 1405/3992/2186 1396/3988/2153 1438/3991/2204 1461/3995/2245
s 234
f 1484/1171/2246 1479/5031/2241 1480/5032/2242 1485/1172/2247
s 233
f 1452/1155/2221 1455/1156/2224 1555/5033/2248 1554/5034/2249
s 235
f 1455/4024/2250 1454/4025/2251 1457/4026/2252 1486/4027/2253
s 236
f 1329/4052/2254 1315/4053/2255 1448/4054/2256 1298/4055/2257
s 212
f 1487/1121/2258 1440/1119/2207 1442/1120/2210 1488/1122/2259
s 233
f 1456/1150/2225 1489/1153/2260 1490/1154/2261 1457/1151/2226
s 212
f 1463/1123/2173 1487/1121/2258 1488/1122/2259 1464/1124/2174
s 217
f 1418/3990/2202 1478/3994/2262 1438/3991/2204 1398/3987/2157
s 236
f 1492/4056/2263 1329/4052/2254 1298/4055/2257 1300/4057/2264
s 237
f 1493/4973/2265 1494/4969/2266 1495/5677/2267 1496/4974/2268
s 234
f 1497/1168/2269 1484/1171/2246 1485/1172/2247 1498/1169/2270
s 237
f 1499/4977/2271 1493/4973/2265 1496/4974/2268 1500/4072/2272
f 1506/1301/2273 1499/4977/2271 1500/4072/2272 1507/1302/2274
s 235
f 1455/4024/2250 1486/4027/2253 1581/4030/2275 1555/4031/2276
s 216
f 1442/3966/2238 1434/3962/2195 1464/3967/2194 1488/3968/2277
s 7
f 1565/5035/2278 2308/5036/2279 1510/5037/2280 1533/5038/2281
s 214
f 1477/4954/2239 1511/1141/2282 1512/1142/2283 1478/4955/2240
s 239
f 1513/5667/2284 1514/233/2285 1515/234/2286 1516/5666/2287
s 234
f 1517/1167/2288 1497/1168/2269 1498/1169/2270 1518/1170/2289
s 214
f 1511/1141/2282 1462/1140/2228 1461/1139/2227 1512/1142/2283
s 234
f 1470/4064/2290 1520/4065/2291 1521/4066/2292 1467/4067/2293
s 235
f 1522/4028/2294 1486/4027/2253 1457/4026/2252 1490/4029/2295
s 7
f 1501/1179/2296 1482/1180/2297 1471/1181/2298 2344/1182/2299
s 239
f 1514/233/2285 1525/241/2300 1526/242/2301 1515/234/2286
s 234
f 1521/4066/2292 1529/4068/2302 1480/4069/2303 1467/4067/2293
s 13
f 2364/2165/2304 1531/2164/2305 1532/2168/2306
s 233
f 1489/1153/2260 1534/1157/2307 1535/1158/2308 1490/1154/2261
s 7
f 1288/369/2007 1538/5065/2309 1531/5059/2310 1291/370/2008
s 237
f 1539/1298/2311 1506/1301/2273 1507/1302/2274 1540/1299/2312
s 234
f 1520/5071/2313 1541/5072/2314 1542/1177/2315 1521/1178/2316
f 1529/4068/2302 1543/4070/2317 1485/4071/2318 1480/4069/2303
f 1544/1173/2319 1517/1167/2288 1518/1170/2289 1543/1174/2320
s 15
f 1287/2749/2003 1545/2705/2321 1538/2746/2322 1288/2750/2004
s 239
f 1525/241/2300 1546/247/2323 1547/248/2324 1526/242/2301
s 237
f 1500/4072/2272 1496/4073/2325 1540/4074/2326 1507/1302/2274
s 234
f 1542/1177/2315 1548/1175/2327 1529/1176/2328 1521/1178/2316
s 30
f 1530/4994/2329 1519/4995/2330 1502/4993/2331 2361/4992/2332
s 234
f 1543/4070/2317 1518/1170/2289 1498/1169/2270 1485/4071/2318
f 1548/1175/2327 1544/1173/2319 1543/1174/2320 1529/1176/2328
s 217
f 1478/3994/2262 1512/3996/2333 1461/3995/2245 1438/3991/2204
s 237
f 1496/4073/2325 1495/4075/2334 1553/4076/2335 1540/4074/2326
s 233
f 1534/1157/2307 1556/1159/2336 1557/1160/2337 1535/1158/2308
s 237
f 1558/1297/2338 1539/1298/2311 1540/1299/2312 1553/1300/2339
f 1495/4075/2334 1559/4077/2340 1553/4076/2335
s 235
f 1522/4028/2294 1664/4032/2341 1581/4030/2275 1486/4027/2253
s 239
f 1546/247/2323 1560/253/2342 1561/254/2343 1547/248/2324
s 236
f 1528/4058/2344 1369/4059/2345 1492/4056/2263 1300/4057/2264
s 212
f 1410/1115/2209 1441/1116/2208 1364/1109/2111 1365/1112/2112
s 239
f 1547/248/2324 1561/4078/2346 1515/4079/2347 1526/242/2301
s 237
f 1559/1303/2348 1566/1304/2349 1558/1297/2338 1553/1300/2339
s 235
f 1535/4033/2350 1567/4034/2351 1522/4028/2294 1490/4029/2295
s 13
f 2353/2260/2352 2349/2259/2353 1333/2262/2074 1341/2263/2076
s 239
f 1561/4078/2346 1569/4080/2354 1516/4081/2355 1515/4079/2347
f 1560/253/2342 1576/5073/2356 1569/5074/2357 1561/254/2343
f 1577/4082/2358 1516/4081/2355 1569/4080/2354
s 235
f 1557/4039/2359 1580/4040/2360 1567/4034/2351 1535/4033/2350
s 14
f 1465/4926/2230 1585/4928/2361 1275/4929/2362 1251/4927/2231
s 239
f 1569/5074/2357 1576/5073/2356 1586/5075/2363 1577/5076/2364
s 233
f 1587/1325/2365 1554/5034/2249 1555/5033/2248 1588/1326/2366
s 30
f 1584/284/2367 1591/283/2368 1592/5012/2369 1590/5009/2370
s 233
f 1593/1322/2371 1587/1325/2365 1588/1326/2366 1594/1323/2372
s 246
f 1595/5077/2373 1596/5078/2374 1597/5079/2375 1598/5080/2376
s 226
f 1599/4942/2124 1362/4941/2110 1363/4940/2109 1600/4943/2125
s 14
f 1601/1091/2377 1483/1087/2243 1258/1088/2244 1283/1092/2378
s 246
f 1606/5081/2379 1596/5078/2374 1595/5077/2373 1607/5082/2380
s 233
f 1608/1161/2381 1609/1163/2382 1610/1164/2383 1611/1162/2384
s 7
f 1636/5057/2385 2314/5058/2386 1568/5043/2387 1631/5053/2388
s 235
f 1613/4043/2389 1580/4040/2360 1557/4039/2359 1611/4044/2390
s 233
f 1609/1163/2382 1614/1165/2391 1615/1166/2392 1610/1164/2383
s 249
f 1360/4083/2393 1374/4084/2394 1600/4085/2395 1363/4086/2396
s 250
f 1616/1309/2397 1617/1306/2398 1618/1305/2399 1619/1310/2400
s 7
f 1605/1201/2401 1589/1202/2402 1572/1198/2403 2338/1197/2404
s 250
f 1622/5083/2405 1616/1309/2397 1619/1310/2400 1623/4103/2406
f 1618/1305/2399 1617/1306/2398 1624/1307/2407 1625/1308/2408
s 235
f 1555/4031/2276 1581/4030/2275 1594/4035/2409 1588/4036/2410
s 236
f 1528/4058/2344 1351/4060/2411 1626/4061/2412 1369/4059/2345
s 249
f 1583/4087/2413 1376/4088/2414 1374/4084/2394 1360/4083/2393
s 246
f 1627/1349/2415 1606/5081/2379 1607/5082/2380 1628/1350/2416
s 236
f 1351/4060/2411 1358/4062/2417 1383/4063/2418 1626/4061/2412
s 250
f 1632/1359/2419 1622/5083/2405 1623/4103/2406 1633/1360/2420
s 246
f 1634/1346/2421 1627/1349/2415 1628/1350/2416 1635/1347/2422
s 235
f 1615/4047/2423 1613/4043/2389 1611/4044/2390 1610/4048/2424
s 8
f 1354/5084/2425 1637/5085/2426 1545/5086/2427 1287/5087/2428
s 253
f 1640/1317/2429 1641/1311/2430 1642/1314/2431 1643/1318/2432
f 1641/1311/2430 1645/1312/2433 1646/1313/2434 1642/1314/2431
f 1395/5092/2435 1378/5093/2436 1640/1317/2429 1643/1318/2432
s 233
f 1647/1321/2437 1593/1322/2371 1594/1323/2372 1648/1324/2438
s 250
f 1652/1356/2439 1632/1359/2419 1633/1360/2420 1653/1357/2440
s 253
f 1645/1312/2433 1656/1315/2441 1657/1316/2442 1646/1313/2434
s 246
f 1598/4095/2443 1658/4096/2444 1659/4097/2445 1595/4098/2446
s 255
f 1660/1341/2447 1661/1335/2448 1662/1338/2449 1663/1342/2450
s 250
f 1623/4103/2406 1619/4104/2451 1653/4105/2452 1633/1360/2420
s 255
f 1661/1335/2448 1665/1336/2453 1666/1337/2454 1662/1338/2449
s 246
f 1668/1345/2455 1634/1346/2421 1635/1347/2422 1669/1348/2456
s 233
f 1615/1166/2392 1614/1165/2391 1780/5094/2457 1781/5095/2458
s 246
f 1659/4097/2445 1671/4099/2459 1607/4100/2460 1595/4098/2446
s 250
f 1619/4104/2451 1618/4106/2461 1672/4107/2462 1653/4105/2452
s 246
f 1658/5098/2463 1673/5099/2464 1674/5100/2465 1659/5101/2466
s 250
f 1675/1355/2467 1652/1356/2439 1653/1357/2440 1672/1358/2468
s 257
f 1679/1402/2469 1680/1398/2470 1681/1399/2471 1682/1403/2472
s 7
f 1670/1227/2473 1683/1228/2474 1651/1224/2475 2332/1223/2476
s 257
f 1686/5102/2477 1679/5103/2478 1682/5104/2479 1687/5105/2480
s 250
f 1625/4108/2481 1672/4107/2462 1618/4106/2461
s 235
f 1594/4035/2409 1581/4030/2275 1664/4032/2341 1648/4038/2482
s 14
f 1585/4928/2361 1688/1099/2483 1307/1100/2484 1275/4929/2362
s 246
f 1671/4099/2459 1689/4101/2485 1628/4102/2486 1607/4100/2460
s 253
f 1656/1315/2441 1690/1319/2487 1691/1320/2488 1657/1316/2442
s 246
f 1674/5100/2465 1692/1353/2489 1671/1354/2490 1659/5101/2466
f 1693/1351/2491 1668/1345/2455 1669/1348/2456 1689/1352/2492
s 7
f 1703/1241/2493 2326/1242/2494 1712/1247/2495 1705/1248/2496
s 246
f 1692/1353/2489 1693/1351/2491 1689/1352/2492 1671/1354/2490
s 255
f 1696/5106/2497 1660/5107/2498 1663/5108/2499 1697/5109/2500
s 246
f 1689/4101/2485 1669/1348/2456 1635/1347/2422 1628/4102/2486
s 14
f 1698/1095/2501 1601/1091/2377 1283/1092/2378 1309/1096/2502
s 253
f 1657/1316/2442 1691/4109/2503 1642/4110/2504 1646/1313/2434
s 8
f 1699/1361/2505 1397/1362/2155 1323/1363/2156 1700/1364/2506
s 235
f 1613/4043/2389 1615/4047/2423 1781/4050/2507 1753/4046/2508
s 262
f 1666/4114/2509 1704/4115/2510 1663/4116/2511 1662/4117/2512
s 253
f 1691/4109/2503 1423/4111/2513 1643/4112/2514 1642/4110/2504
f 1690/1319/2487 1421/5116/2515 1423/5117/2516 1691/1320/2488
f 1423/4111/2513 1395/4113/2517 1643/4112/2514
s 263
f 1687/4142/2518 1682/4143/2519 1681/4144/2520 1709/4145/2521
s 249
f 1711/4089/2522 1376/4088/2414 1583/4087/2413 1407/4090/2523
s 264
f 1713/1381/2524 1714/1382/2525 1715/1383/2526 1716/1384/2527
s 255
f 1717/5110/2528 1696/5106/2497 1697/5109/2500 1718/5111/2529
s 233
f 1719/1327/2530 1647/1321/2437 1648/1324/2438 1720/1328/2531
s 262
f 1704/4115/2510 1721/4120/2532 1697/4121/2533 1663/4116/2511
s 255
f 1722/5112/2534 1717/5110/2528 1718/5111/2529 1723/5113/2535
s 257
f 1686/5102/2477 1687/5105/2480 1844/1493/2536 1843/1492/2537
f 1724/1392/2538 1725/1393/2539 1726/1394/2540 1727/1395/2541
s 14
f 1688/1099/2483 1728/1097/2542 1319/1098/2543 1307/1100/2484
s 264
f 1715/1383/2526 1729/1385/2544 1730/1386/2545 1716/1384/2527
s 266
f 1731/1414/2546 1732/1410/2547 1733/1413/2548 1734/1415/2549
s 14
f 1728/1097/2542 1698/1095/2501 1309/1096/2502 1319/1098/2543
s 266
f 1732/1410/2547 1736/1411/2550 1737/1412/2551 1733/1413/2548
s 263
f 1738/4146/2552 1709/4145/2521 1681/4144/2520 1727/4147/2553
s 257
f 1725/1393/2539 1739/1396/2554 1740/1397/2555 1726/1394/2540
s 267
f 1741/1422/2556 1742/1416/2557 1743/1419/2558 1744/1423/2559
f 1422/5118/2560 1741/1422/2556 1744/1423/2559 1431/5119/2561
s 255
f 1745/5114/2562 1722/5112/2534 1723/5113/2535 1746/5115/2563
s 233
f 1747/1329/2564 1719/1327/2530 1720/1328/2531 1748/1330/2565
s 235
f 1664/4032/2341 1710/4037/2566 1720/4042/2567 1648/4038/2482
s 266
f 1749/1448/2568 1731/1414/2546 1734/1415/2549 1750/1449/2569
s 264
f 1729/1385/2544 1754/1387/2570 1755/1388/2571 1730/1386/2545
s 257
f 1739/1396/2554 1756/1400/2572 1757/1401/2573 1740/1397/2555
s 268
f 1758/5120/2574 1759/5121/2575 1425/5122/2576 1424/5123/2577
s 267
f 1742/1416/2557 1760/1417/2578 1761/1418/2579 1743/1419/2558
s 262
f 1697/4121/2533 1721/4120/2532 1762/4125/2580 1718/4126/2581
s 255
f 1763/1569/2582 1745/5114/2562 1746/5115/2563 1764/1568/2583
s 263
f 1687/4142/2518 1709/4145/2521 1876/4148/2584 1844/4149/2585
s 255
f 1764/1568/2583 1766/1565/2586 1767/1564/2587 1763/1569/2582
s 262
f 1718/4126/2581 1762/4125/2580 1768/4129/2588 1723/4130/2589
s 257
f 1756/1400/2572 1769/1404/2590 1770/1405/2591 1757/1401/2573
s 263
f 1726/4151/2592 1771/4152/2593 1738/4146/2552 1727/4147/2553
s 268
f 1772/5124/2594 1759/5121/2575 1758/5120/2574 1773/5125/2595
s 266
f 1774/1445/2596 1749/1448/2568 1750/1449/2569 1775/1446/2597
s 257
f 1769/1404/2590 1776/1406/2598 1777/1407/2599 1770/1405/2591
s 264
f 1754/1387/2570 2302/1389/2600 1778/1390/2601 1779/1391/2602 1755/1388/2571
s 235
f 1710/4037/2566 1735/4041/2603 1748/4045/2604 1720/4042/2567
s 255
f 1666/1337/2454 1665/1336/2453 1782/1339/2605 1783/1340/2606
s 267
f 1760/1417/2578 1784/1420/2607 1785/1421/2608 1761/1418/2579
s 263
f 1740/4157/2609 1786/4158/2610 1771/4152/2593 1726/4151/2592
s 266
f 1734/1415/2549 1733/4170/2611 1775/4171/2612 1750/1449/2569
s 269
f 1787/1442/2613 1788/1440/2614 1789/1441/2615 1790/1443/2616
f 1791/1430/2617 1792/1424/2618 1793/1427/2619 1794/1431/2620
s 262
f 1768/4129/2588 1795/4133/2621 1746/4134/2622 1723/4130/2589
s 264
f 1796/4175/2623 1713/4176/2624 1716/4177/2625 1797/4178/2626
s 267
f 1761/1418/2579 1785/4184/2627 1744/4185/2628 1743/1419/2558
s 269
f 1798/1606/2629 1787/5126/2630 1790/5127/2631 1799/1607/2632
f 1792/1424/2618 1800/1425/2633 1801/1426/2634 1793/1427/2619
s 13
f 2363/2176/2635 2300/2175/2636 1510/2179/2637 1481/2180/2638
s 268
f 1802/1464/2639 1772/5124/2594 1773/5125/2595 1803/1465/2640
s 269
f 1804/1434/2641 1791/1430/2617 1794/1431/2620 1805/1435/2642
f 1788/1440/2614 1806/1438/2643 1807/1439/2644 1789/1441/2615
s 266
f 1808/1444/2645 1774/1445/2596 1775/1446/2597 1809/1447/2646
f 1733/4170/2611 1737/4172/2647 1809/4173/2648 1775/4171/2612
s 263
f 1810/4161/2649 1786/4158/2610 1740/4157/2609 1757/4162/2650
s 264
f 1797/1452/2651 1811/1453/2652 1812/1454/2653 1796/1455/2654
s 262
f 1766/4137/2655 1764/4138/2656 1746/4134/2622 1795/4133/2621
s 264
f 1778/1390/2601 1813/5128/2657 1814/4183/2658 1779/1391/2602
f 1716/4177/2625 1730/4179/2659 1815/4180/2660 1797/4178/2626
s 267
f 1784/1420/2607 1816/5129/2661 1817/5130/2662 1785/1421/2608
s 269
f 1806/1438/2643 1818/1436/2663 1819/1437/2664 1807/1439/2644
s 267
f 1785/4184/2627 1817/4186/2665 1431/4187/2666 1744/4185/2628
s 266
f 1737/4172/2647 1820/4174/2667 1809/4173/2648
s 249
f 1711/4089/2522 1407/4090/2523 1752/4091/2668 1451/4092/2669
s 263
f 1777/4165/2670 1810/4161/2649 1757/4162/2650 1770/4166/2671
s 266
f 1820/1450/2672 1821/1451/2673 1808/1444/2645 1809/1447/2646
s 267
f 1458/4188/2674 1431/4187/2666 1817/4186/2665
s 264
f 1822/1456/2675 1811/1453/2652 1797/1452/2651 1815/1457/2676
s 268
f 1823/1461/2677 1802/1464/2639 1803/1465/2640 1824/1462/2678
s 264
f 1730/4179/2659 1755/4181/2679 1825/4182/2680 1815/4180/2660
s 249
f 1451/4092/2669 1752/4091/2668 1436/4093/2681 1447/4094/2682
s 262
f 1704/4115/2510 1666/4114/2509 1783/4118/2683 1826/4119/2684
s 267
f 1817/5130/2662 1816/5129/2661 1459/5131/2685 1458/5132/2686
s 264
f 1813/5128/2657 1827/1458/2687 1825/1459/2688 1814/4183/2658
f 1827/1458/2687 1822/1456/2675 1815/1457/2676 1825/1459/2688
s 275
f 1799/4189/2689 1790/4190/2690 1789/4191/2691 1828/4192/2692
f 1801/4212/2693 1829/4208/2694 1794/4209/2695 1793/4213/2696
s 268
f 1424/4217/2697 1445/4218/2698 1830/4219/2699 1758/4220/2700
s 264
f 1755/4181/2679 1779/1391/2602 1814/4183/2658 1825/4182/2680
s 235
f 1748/4045/2604 1735/4041/2603 1753/4046/2508 1831/4049/2701
s 13
f 2355/2248/2702 2343/2247/2703 1427/2251/2704 1379/2252/2705
s 275
f 1829/4208/2694 1832/4205/2706 1805/4204/2707 1794/4209/2695
f 1833/4193/2708 1828/4192/2692 1789/4191/2691 1807/4194/2709
s 268
f 1445/5133/2710 1476/5134/2711 1834/5135/2712 1830/5136/2713
f 1835/1460/2714 1823/1461/2677 1824/1462/2678 1836/1463/2715
f 1830/4219/2699 1837/4221/2716 1773/4222/2717 1758/4220/2700
s 275
f 1819/4198/2718 1838/4199/2719 1833/4193/2708 1807/4194/2709
f 1805/4204/2707 1832/4205/2706 1838/4199/2719 1819/4198/2718
s 233
f 1780/5094/2457 1839/5096/2720 1840/5097/2721 1781/5095/2458
f 1839/1333/2722 1841/1332/2723 1831/1331/2724 1840/1334/2725
s 268
f 1834/5135/2712 1842/1468/2726 1837/1469/2727 1830/5136/2713
f 1837/4221/2716 1845/4223/2728 1803/4224/2729 1773/4222/2717
s 262
f 1846/4124/2730 1721/4120/2532 1704/4115/2510 1826/4119/2684
s 268
f 1847/1466/2731 1835/1460/2714 1836/1463/2715 1845/1467/2732
s 280
f 1848/1476/2733 1849/1470/2734 1850/1473/2735 1851/1477/2736
s 268
f 1842/1468/2726 1847/1466/2731 1845/1467/2732 1837/1469/2727
s 269
f 1801/1426/2634 1800/1425/2633 1953/1428/2737 1954/1429/2738
f 1798/1606/2629 1799/1607/2632 1956/1603/2739 1955/1602/2740
s 280
f 1849/1470/2734 1852/1471/2741 1853/1472/2742 1850/1473/2735
s 281
f 1854/285/2743 1855/281/2744 1856/282/2745 1857/286/2746
s 268
f 1845/4223/2728 1836/1463/2715 1824/1462/2678 1803/4224/2729
s 281
f 1858/5137/2747 1854/285/2743 1857/286/2746 1859/5138/2748
s 280
f 1860/5004/2749 1848/1476/2733 1851/1477/2736 1861/4227/2750
f 1853/1472/2742 1852/1471/2741 1473/1474/2751 1472/1475/2752
s 282
f 1862/1478/2753 1863/1479/2754 1864/1480/2755 1865/1481/2756
s 281
f 1855/281/2744 1866/277/2757 1867/278/2758 1856/282/2745
f 1868/5139/2759 1869/5140/2760 1858/5137/2747 1859/5138/2748
s 263
f 1810/4161/2649 1777/4165/2670 1947/4168/2761 1942/4163/2762
s 275
f 2008/4197/2763 1967/4195/2764 1828/4192/2692 1833/4193/2708
s 235
f 1831/4049/2701 1753/4046/2508 1781/4050/2507 1840/4051/2765
s 283
f 1870/5141/2766 1871/5142/2767 1475/5143/2768 1471/5144/2769
s 280
f 1872/5000/2770 1860/5004/2749 1861/4227/2750 1873/5001/2771
s 282
f 1864/1480/2755 1874/1482/2772 1875/1483/2773 1865/1481/2756
s 281
f 1866/277/2757 1877/273/2774 1878/274/2775 1867/278/2758
s 275
f 1799/4189/2689 1828/4192/2692 1967/4195/2764 1956/4196/2776
f 1829/4208/2694 1801/4212/2693 1954/4215/2777 1966/4211/2778
s 262
f 1879/4128/2779 1762/4125/2580 1721/4120/2532 1846/4124/2730
s 283
f 1880/5145/2780 1871/5142/2767 1870/5141/2766 1881/5146/2781
s 280
f 1851/1477/2736 1850/4225/2782 1873/4226/2783 1861/4227/2750
s 255
f 1782/1339/2605 1882/1343/2784 1883/1344/2785 1783/1340/2606
s 281
f 1867/278/2758 1878/4231/2786 1857/4232/2787 1856/282/2745
s 262
f 1884/4132/2788 1768/4129/2588 1762/4125/2580 1879/4128/2779
s 280
f 1505/5674/2789 1872/5000/2770 1873/5001/2771 1491/5675/2790
s 282
f 1874/1482/2772 1885/1484/2791 1886/1485/2792 1875/1483/2773
s 255
f 1882/1343/2784 1887/5147/2793 1888/5148/2794 1883/1344/2785
f 1767/1564/2587 1766/1565/2586 1889/1562/2795 1890/1561/2796
s 280
f 1850/4225/2782 1853/4228/2797 1491/4229/2798 1873/4226/2783
s 281
f 1877/273/2774 1891/269/2799 1892/5669/2800 1878/274/2775
f 1878/4231/2786 1892/4233/2801 1859/4234/2802 1857/4232/2787
s 283
f 1893/1534/2803 1880/5145/2780 1881/5146/2781 1894/1535/2804
s 280
f 1472/4230/2805 1491/4229/2798 1853/4228/2797
s 257
f 1895/1489/2806 1843/1492/2537 1844/1493/2536 1896/1490/2807
s 281
f 1892/4233/2801 1868/4235/2808 1859/4234/2802
s 262
f 1897/4136/2809 1795/4133/2621 1768/4129/2588 1884/4132/2788
s 257
f 1898/1488/2810 1895/1489/2806 1896/1490/2807 1899/1491/2811
s 282
f 1885/1484/2791 1900/1486/2812 1901/1487/2813 1886/1485/2792
f 1902/4236/2814 1862/4237/2815 1865/4238/2816 1903/4239/2817
s 262
f 1888/4122/2818 1826/4119/2684 1783/4118/2683 1883/4123/2819
s 233
f 1556/1159/2336 1608/1161/2381 1611/1162/2384 1557/1160/2337
s 283
f 1904/1531/2820 1893/1534/2803 1894/1535/2804 1905/1532/2821
s 285
f 1906/1518/2822 1907/1514/2823 1908/1517/2824 1909/1519/2825
s 262
f 1766/4137/2655 1795/4133/2621 1897/4136/2809 1889/4140/2826
s 282
f 1903/1504/2827 1910/1505/2828 1911/1506/2829 1902/1507/2830
s 287
f 1912/1526/2831 1913/1520/2832 1914/1523/2833 1915/1527/2834
s 283
f 1471/4244/2835 1482/4245/2836 1916/4246/2837 1870/4247/2838
s 285
f 1907/1514/2823 1504/1515/2839 1502/1516/2840 1908/1517/2824
f 1917/5153/2841 1906/1518/2822 1909/1519/2825 1918/4254/2842
s 287
f 1919/5154/2843 1912/1526/2831 1915/1527/2834 1920/5155/2844
s 282
f 1865/4238/2816 1875/4240/2845 1921/4241/2846 1903/4239/2817
s 287
f 1913/1520/2832 1922/1521/2847 1923/1522/2848 1914/1523/2833
s 283
f 1482/5156/2849 1524/5157/2850 1924/5158/2851 1916/5159/2852
s 255
f 1888/5148/2794 1887/5147/2793 1925/5149/2853 1926/5150/2854
s 282
f 1900/1486/2812 1927/1512/2855 1928/1513/2856 1901/1487/2813
f 1929/1508/2857 1910/1505/2828 1903/1504/2827 1921/1509/2858
s 283
f 1916/4246/2837 1931/4248/2859 1881/4249/2860 1870/4247/2838
s 263
f 1844/4149/2585 1876/4148/2584 1899/4153/2861 1896/4154/2862
s 283
f 1933/1530/2863 1904/1531/2820 1905/1532/2821 1934/1533/2864
f 1924/5158/2851 1935/5160/2865 1931/5161/2866 1916/5159/2852
s 282
f 1936/1510/2867 1929/1508/2857 1921/1509/2858 1937/1511/2868
f 1875/4240/2845 1886/4242/2869 1937/4243/2870 1921/4241/2846
f 1927/1512/2855 1936/1510/2867 1937/1511/2868 1928/1513/2856
s 285
f 1938/1550/2871 1917/5153/2841 1918/4254/2842 1939/1551/2872
s 287
f 1922/1521/2847 1940/1524/2873 1941/1525/2874 1923/1522/2848
s 283
f 1935/5160/2865 1943/1536/2875 1944/1537/2876 1931/5161/2866
f 1931/4248/2859 1944/4250/2877 1894/4251/2878 1881/4249/2860
f 1943/1536/2875 1933/1530/2863 1934/1533/2864 1944/1537/2876
s 8
f 1637/5085/2426 1932/5088/2879 1945/5089/2880 1545/5086/2427
s 282
f 1886/4242/2869 1901/1487/2813 1928/1513/2856 1937/4243/2870
s 257
f 1946/1408/2881 1947/1409/2882 1777/1407/2599 1776/1406/2598
s 262
f 1926/4127/2883 1846/4124/2730 1826/4119/2684 1888/4122/2818
s 285
f 1909/1519/2825 1908/4252/2884 1939/4253/2885 1918/4254/2842
s 287
f 1923/1522/2848 1941/4258/2886 1915/4259/2887 1914/1523/2833
s 283
f 1944/4250/2877 1934/1533/2864 1905/1532/2821 1894/4251/2878
s 285
f 1948/1548/2888 1938/1550/2871 1939/1551/2872 1949/1549/2889
s 287
f 1940/1524/2873 1950/1528/2890 1951/1529/2891 1941/1525/2874
s 263
f 1738/4146/2552 1930/4150/2892 1876/4148/2584 1709/4145/2521
s 285
f 1908/4252/2884 1502/4255/2893 1949/4256/2894 1939/4253/2885
s 287
f 1941/4258/2886 1951/4260/2895 1920/4261/2896 1915/4259/2887
s 263
f 1899/4153/2861 1876/4148/2584 1930/4150/2892 1957/4156/2897
s 255
f 1925/5149/2853 1958/5151/2898 1959/5152/2899 1926/5150/2854
s 290
f 1533/1538/2900 1509/1539/2901 1961/1540/2902 1962/1541/2903
s 287
f 1951/1529/2891 1950/1528/2890 1963/5162/2904 1964/5163/2905
s 285
f 1519/1546/2906 1550/1547/2907 1948/1548/2888 1949/1549/2889
s 287
f 1964/4262/2908 1920/4261/2896 1951/4260/2895
s 285
f 1502/4255/2893 1519/4257/2909 1949/4256/2894
s 291
f 1968/5164/2910 1969/5165/2911 1537/5166/2912 1536/5167/2913
s 255
f 1958/5151/2898 1970/1571/2914 1971/1570/2915 1959/5152/2899
s 257
f 1972/1496/2916 1973/1495/2917 1957/1494/2918 1974/1497/2919
s 292
f 1975/1558/2920 1976/1552/2921 1977/1555/2922 1978/1559/2923
s 8
f 1960/1367/2924 1699/1361/2505 1700/1364/2506 1979/1368/2925
s 292
f 1980/5017/2926 1975/1558/2920 1978/1559/2923 1981/4265/2927
s 13
f 2361/2188/2928 2307/2187/2929 1568/2191/2930 1530/2192/2931
s 290
f 1961/1540/2902 1982/1542/2932 1983/1543/2933 1962/1541/2903
s 262
f 1879/4128/2779 1846/4124/2730 1926/4127/2883 1959/4131/2934
s 292
f 1976/1552/2921 1984/1553/2935 1985/1554/2936 1977/1555/2922
s 257
f 1986/1498/2937 1972/1496/2916 1974/1497/2919 1987/1499/2938
s 291
f 1988/1592/2939 1969/5165/2911 1968/5164/2910 1989/1593/2940
s 255
f 1971/1570/2915 1970/1571/2914 1990/1566/2941 1991/1567/2942
s 292
f 1985/1554/2936 1984/1553/2935 1551/1556/2943 1552/1557/2944
f 1992/5013/2945 1980/5017/2926 1981/4265/2927 1993/5014/2946
s 262
f 1884/4132/2788 1879/4128/2779 1959/4131/2934 1971/4135/2947
s 263
f 1930/4150/2892 1952/4155/2948 1974/4160/2949 1957/4156/2897
s 290
f 1982/1542/2932 1994/1544/2950 1995/1545/2951 1983/1543/2933
s 255
f 1996/1560/2952 1890/1561/2796 1889/1562/2795 1997/1563/2953
s 257
f 1998/1500/2954 1986/1498/2937 1987/1499/2938 1999/1501/2955
s 291
f 2000/1589/2956 1988/1592/2939 1989/1593/2940 2001/1590/2957
s 255
f 1990/1566/2941 1996/1560/2952 1997/1563/2953 1991/1567/2942
s 13
f 2357/2236/2958 2337/2235/2959 1501/2239/2960 1428/2240/2961
s 263
f 1952/4155/2948 1965/4159/2962 1987/4164/2963 1974/4160/2949
s 292
f 1978/1559/2923 1977/4263/2964 1993/4264/2965 1981/4265/2927
s 257
f 1946/1408/2881 2003/1502/2966 2004/1503/2967 1947/1409/2882
s 292
f 1574/5672/2968 1992/5013/2945 1993/5014/2946 1579/5673/2969
s 290
f 1565/4269/2970 1533/4270/2971 1962/4271/2972 2005/4272/2973
f 2005/1572/2974 2006/1573/2975 1563/1574/2976 1565/1575/2977
s 262
f 1991/4139/2978 1897/4136/2809 1884/4132/2788 1971/4135/2947
s 290
f 1994/1544/2950 2009/5168/2979 2010/4277/2980 1995/1545/2951
s 291
f 1536/4278/2981 1562/4279/2982 2011/4280/2983 1968/4281/2984
f 1562/5169/2985 1571/5170/2986 2012/5171/2987 2011/5172/2988
s 299
f 2013/1582/2989 2014/1583/2990 2015/1584/2991 2016/1585/2992
s 292
f 1977/4263/2964 1985/4266/2993 1579/4267/2994 1993/4264/2965
s 269
f 2017/1599/2995 1955/1602/2740 1956/1603/2739 2018/1600/2996
f 1953/1428/2737 2019/1432/2997 2020/1433/2998 1954/1429/2738
s 299
f 2021/5020/2999 2013/1582/2989 2016/1585/2992 2022/4288/3000
s 291
f 2023/1588/3001 2000/1589/2956 2001/1590/2957 2024/1591/3002
s 263
f 1987/4164/2963 1965/4159/2962 1942/4163/2762 1999/4167/3003
s 269
f 2026/1598/3004 2017/1599/2995 2018/1600/2996 2027/1601/3005
f 2019/1432/2997 2028/1612/3006 2029/1613/3007 2020/1433/2998
s 262
f 1889/4140/2826 1897/4136/2809 1991/4139/2978 1997/4141/3008
s 290
f 1962/4271/2972 1983/4273/3009 2030/4274/3010 2005/4272/2973
s 292
f 1552/4268/3011 1579/4267/2994 1985/4266/2993
s 290
f 2031/1576/3012 2006/1573/2975 2005/1572/2974 2030/1577/3013
s 299
f 2014/1583/2990 1573/1586/3014 1575/1587/3015 2015/1584/2991
f 2032/5018/3016 2021/5020/2999 2022/4288/3000 2033/5019/3017
s 291
f 2011/4280/2983 2034/4282/3018 1989/4283/3019 1968/4281/2984
f 2012/5171/2987 2035/5173/3020 2034/5174/3021 2011/5172/2988
s 290
f 2009/5168/2979 2036/1580/3022 2037/1581/3023 2010/4277/2980
s 263
f 1999/4167/3003 1942/4163/2762 1947/4168/2761 2004/4169/3024
s 269
f 2038/1604/3025 2026/1598/3004 2027/1601/3005 2039/1605/3026
f 2028/1612/3006 2040/1611/3027 2041/1610/3028 2029/1613/3007
s 291
f 2042/1594/3029 2023/1588/3001 2024/1591/3002 2043/1595/3030
s 290
f 2044/1578/3031 2031/1576/3012 2030/1577/3013 2045/1579/3032
s 30
f 2046/272/3033 2047/275/3034 2048/276/3035 2002/267/3036
s 290
f 1983/4273/3009 1995/4275/3037 2045/4276/3038 2030/4274/3010
f 2036/1580/3022 2044/1578/3031 2045/1579/3032 2037/1581/3023
s 291
f 2035/5173/3020 2049/1596/3039 2050/1597/3040 2034/5174/3021
f 2034/4282/3018 2050/4284/3041 2001/4285/3042 1989/4283/3019
f 2049/1596/3039 2042/1594/3029 2043/1595/3030 2050/1597/3040
s 301
f 1578/1614/3043 1564/1615/3044 2051/1616/3045 2052/1617/3046
s 269
f 2053/1608/3047 2038/1604/3025 2039/1605/3026 2054/1609/3048
s 299
f 2055/5015/3049 2032/5018/3016 2033/5019/3017 2056/5016/3050
f 2016/1585/2992 2015/4286/3051 2033/4287/3052 2022/4288/3000
s 275
f 2029/4214/3053 1966/4211/2778 1954/4215/2777 2020/4216/3054
f 1956/4196/2776 1967/4195/2764 2027/4200/3055 2018/4201/3056
s 302
f 2057/5175/3057 2058/5176/3058 1570/5177/3059 1572/5178/3060
s 290
f 1995/4275/3037 2010/4277/2980 2037/1581/3023 2045/4276/3038
s 291
f 2050/4284/3041 2043/1595/3030 2024/1591/3002 2001/4285/3042
s 275
f 2041/4210/3061 2007/4207/3062 1966/4211/2778 2029/4214/3053
f 2027/4200/3055 1967/4195/2764 2008/4197/2763 2039/4202/3063
s 299
f 2015/4286/3051 1575/4289/3064 2056/4290/3065 2033/4287/3052
f 1590/5671/3066 1592/5670/3067 2055/5015/3049 2056/5016/3050
s 301
f 2051/1616/3045 2059/1618/3068 2060/1619/3069 2052/1617/3046
s 302
f 2061/1636/3070 2058/5176/3058 2057/5175/3057 2062/1637/3071
s 275
f 2025/4203/3072 2007/4207/3062 2041/4210/3061 2054/4206/3073
f 2008/4197/2763 2025/4203/3072 2054/4206/3073 2039/4202/3063
s 299
f 1575/4289/3064 1590/4291/3074 2056/4290/3065
s 257
f 1680/1398/2470 1724/1392/2538 1727/1395/2541 1681/1399/2471
s 301
f 2059/1618/3068 2063/1620/3075 2064/1621/3076 2060/1619/3069
s 302
f 2065/1633/3077 2061/1636/3070 2062/1637/3071 2066/1634/3078
s 301
f 2067/1622/3079 2068/1623/3080 1603/1624/3081 1602/1625/3082
f 1602/4292/3083 1578/4293/3084 2052/4294/3085 2067/4295/3086
s 30
f 2069/279/3087 1591/283/2368 1584/284/2367 2070/280/3088
s 302
f 1589/5179/3089 1621/5180/3090 2071/5181/3091 2072/5182/3092
f 1572/4301/3093 1589/4302/3094 2072/4303/3095 2057/4304/3096
s 30
f 2047/275/3034 2069/279/3087 2070/280/3088 2048/276/3035
s 301
f 2063/1620/3075 2073/5185/3097 2074/4300/3098 2064/1621/3076
s 302
f 2075/1632/3099 2065/1633/3077 2066/1634/3078 2076/1635/3100
s 301
f 2077/1626/3101 2068/1623/3080 2067/1622/3079 2078/1627/3102
s 302
f 2071/5181/3091 2079/5183/3103 2080/5184/3104 2072/5182/3092
s 301
f 2052/4294/3085 2060/4296/3105 2078/4297/3106 2067/4295/3086
s 302
f 2072/4303/3095 2080/4305/3107 2062/4306/3108 2057/4304/3096
s 13
f 2358/2200/3109 2313/2199/3110 1678/2202/3111 1584/2203/3112
s 301
f 2073/5185/3097 2081/1630/3113 2082/1631/3114 2074/4300/3098
f 2083/1628/3115 2077/1626/3101 2078/1627/3102 2084/1629/3116
s 302
f 2085/1638/3117 2075/1632/3099 2076/1635/3100 2086/1639/3118
f 2079/5183/3103 2087/1640/3119 2088/1641/3120 2080/5184/3104
s 301
f 2081/1630/3113 2083/1628/3115 2084/1629/3116 2082/1631/3114
s 308
f 1631/1642/3121 1612/1643/3122 2089/1644/3123 2090/1645/3124
s 301
f 2060/4296/3105 2064/4298/3125 2084/4299/3126 2078/4297/3106
s 302
f 2087/1640/3119 2085/1638/3117 2086/1639/3118 2088/1641/3120
f 2080/4305/3107 2088/4307/3127 2066/4308/3128 2062/4306/3108
s 309
f 2092/1677/3129 2093/1676/3130 1629/5186/3131 1630/5187/3132
s 13
f 1670/2219/3133 2332/2222/3134 2048/2217/3135
s 301
f 2064/4298/3125 2074/4300/3098 2082/1631/3114 2084/4299/3126
s 302
f 2088/4307/3127 2086/1639/3118 2076/1635/3100 2066/4308/3128
s 309
f 2094/1672/3136 2093/1676/3130 2092/1677/3129 2095/1673/3137
s 308
f 2089/1644/3123 2096/1646/3138 2097/1647/3139 2090/1645/3124
f 2099/1650/3140 2100/1651/3141 1638/1652/3142 1636/1653/3143
s 309
f 1655/5188/3144 1650/5189/3145 2101/5190/3146 2102/5191/3147
f 2103/1669/3148 2094/1672/3136 2095/1673/3137 2104/1670/3149
s 308
f 2096/1646/3138 2105/1648/3150 2106/1649/3151 2097/1647/3139
s 8
f 1932/5088/2879 2091/5090/3152 2107/5091/3153 1945/5089/2880
s 308
f 1636/4309/3154 1631/4310/3155 2090/4311/3156 2099/4312/3157
s 309
f 1630/4318/3158 1655/4319/3159 2102/4320/3160 2092/4321/3161
f 2101/5190/3146 2108/5192/3162 2109/5193/3163 2102/5191/3147
s 308
f 2110/1654/3164 2100/1651/3141 2099/1650/3140 2111/1655/3165
s 315
f 1654/1660/3166 1639/1661/3167 2112/1662/3168 2113/1663/3169
s 309
f 2114/1668/3170 2103/1669/3148 2104/1670/3149 2115/1671/3171
s 308
f 2105/1648/3150 2116/5194/3172 2117/4317/3173 2106/1649/3151
s 316
f 2118/1699/3174 2119/1698/3175 1649/5195/3176 1651/5196/3177
s 309
f 2102/4320/3160 2109/4322/3178 2095/4323/3179 2092/4321/3161
s 308
f 2090/4311/3156 2097/4313/3180 2111/4314/3181 2099/4312/3157
s 309
f 2108/5192/3162 2120/1678/3182 2121/1679/3183 2109/5193/3163
s 308
f 2122/1656/3184 2110/1654/3164 2111/1655/3165 2123/1657/3185
s 13
f 1678/2202/3111 2320/2206/3186 1584/2203/3112
s 8
f 2098/1371/3187 1960/1367/2924 1979/1368/2925 2124/1372/3188
s 309
f 2125/1674/3189 2114/1668/3170 2115/1671/3171 2126/1675/3190
s 308
f 2116/5194/3172 2127/1658/3191 2128/1659/3192 2117/4317/3173
s 13
f 1712/2211/3193 2326/2214/3194 2070/2209/3195
s 309
f 2120/1678/3182 2125/1674/3189 2126/1675/3190 2121/1679/3183
s 308
f 2127/1658/3191 2122/1656/3184 2123/1657/3185 2128/1659/3192
s 315
f 2112/1662/3168 2129/1664/3196 2130/1665/3197 2113/1663/3169
s 309
f 2109/4322/3178 2121/4324/3198 2104/4325/3199 2095/4323/3179
s 308
f 2097/4313/3180 2106/4315/3200 2123/4316/3201 2111/4314/3181
s 316
f 2131/1694/3202 2119/1698/3175 2118/1699/3174 2132/1695/3203
s 315
f 2133/1680/3204 2134/1681/3205 1676/1682/3206 1667/1683/3207
s 316
f 1683/5197/3208 1685/5198/3209 2135/5199/3210 2136/5200/3211
s 233
f 1831/1331/2724 1841/1332/2723 1747/1329/2564 1748/1330/2565
s 269
f 1818/1436/2663 1804/1434/2641 1805/1435/2642 1819/1437/2664
s 309
f 2121/4324/3198 2126/1675/3190 2115/1671/3171 2104/4325/3199
s 308
f 2106/4315/3200 2117/4317/3173 2128/1659/3192 2123/4316/3201
s 315
f 1667/4326/3212 1654/4327/3213 2113/4328/3214 2133/4329/3215
f 2129/1664/3196 2137/1666/3216 2138/1667/3217 2130/1665/3197
s 316
f 1651/4335/3218 1683/4336/3219 2136/4337/3220 2118/4338/3221
f 2139/1691/3222 2131/1694/3202 2132/1695/3203 2140/1692/3223
s 315
f 2141/1684/3224 2134/1681/3205 2133/1680/3204 2142/1685/3225
s 322
f 2143/5221/3226 2144/5222/3227 2145/5219/3228 2146/5220/3229
s 316
f 2135/5199/3210 2147/5201/3230 2148/5202/3231 2136/5200/3211
s 323
f 2149/1239/3232 2150/1240/3233 1694/1236/3234 1695/5635/3235
s 315
f 2113/4328/3214 2130/4330/3236 2142/4331/3237 2133/4329/3215
f 2137/1666/3216 2151/5205/3238 2152/4334/3239 2138/1667/3217
s 316
f 2136/4337/3220 2148/4339/3240 2132/4340/3241 2118/4338/3221
f 2153/1690/3242 2139/1691/3222 2140/1692/3223 2154/1693/3243
s 315
f 2155/1686/3244 2141/1684/3224 2142/1685/3225 2156/1687/3245
s 323
f 1708/5212/3246 1702/5213/3247 2157/5206/3248 2158/5209/3249
s 322
f 2159/1285/3250 2160/1286/3251 2161/1279/3252 2162/5630/3253
s 316
f 2147/5201/3230 2163/5203/3254 2164/5204/3255 2148/5202/3231
s 323
f 2165/1243/3256 2150/1240/3233 2149/1239/3232 2166/1244/3257
s 322
f 2145/5219/3228 2167/5214/3258 2168/5217/3259 2146/5220/3229
s 315
f 2151/5205/3238 2169/1688/3260 2170/1689/3261 2152/4334/3239
s 326
f 2171/1251/3262 2172/1252/3263 1701/1245/3264 1703/5633/3265
s 327
f 2173/5237/3266 2174/5238/3267 2175/5235/3268 2176/5236/3269
s 315
f 2169/1688/3260 2155/1686/3244 2156/1687/3245 2170/1689/3261
s 316
f 2177/1696/3270 2153/1690/3242 2154/1693/3243 2178/1697/3271
f 2163/5203/3254 2177/1696/3270 2178/1697/3271 2164/5204/3255
s 315
f 2130/4330/3236 2138/4332/3272 2156/4333/3273 2142/4331/3237
s 326
f 1705/5229/3274 1707/5230/3275 2179/5223/3276 2180/5226/3277
s 316
f 2148/4339/3240 2164/4341/3278 2140/4342/3279 2132/4340/3241
s 327
f 2181/1267/3280 2182/1268/3281 2183/1260/3282 2184/5632/3283
s 322
f 2162/4343/3284 2143/4344/3285 2146/4345/3286 2159/4346/3287
s 323
f 1695/4352/3288 1708/4353/3289 2158/4354/3290 2149/4355/3291
f 2157/5206/3248 2185/5207/3292 2186/5208/3293 2158/5209/3249
s 322
f 2187/1289/3294 2160/1286/3251 2159/1285/3250 2188/1290/3295
s 323
f 2189/1249/3296 2165/1243/3256 2166/1244/3257 2190/1250/3297
s 322
f 2167/5214/3258 2191/5215/3298 2192/5216/3299 2168/5217/3259
s 315
f 2138/4332/3272 2152/4334/3239 2170/1689/3261 2156/4333/3273
s 326
f 2193/1257/3300 2172/1252/3263 2171/1251/3262 2194/1258/3301
s 327
f 2175/5235/3268 2195/5231/3302 2196/5234/3303 2176/5236/3269
s 316
f 2164/4341/3278 2178/1697/3271 2154/1693/3243 2140/4342/3279
s 326
f 2179/5223/3276 2197/5224/3304 2198/5225/3305 2180/5226/3277
s 327
f 2199/1273/3306 2182/1268/3281 2181/1267/3280 2200/1274/3307
s 323
f 2185/5207/3292 2201/5210/3308 2202/5211/3309 2186/5208/3293
s 326
f 1703/4360/3310 1705/4361/3311 2180/4362/3312 2171/4363/3313
s 323
f 2158/4354/3290 2186/4356/3314 2166/4357/3315 2149/4355/3291
s 322
f 2204/1293/3316 2187/1289/3294 2188/1290/3295 2205/1294/3317
s 327
f 2184/4368/3318 2173/4369/3319 2176/4370/3320 2181/4371/3321
s 322
f 2146/4345/3286 2168/4347/3322 2188/4348/3323 2159/4346/3287
s 323
f 2206/1255/3324 2189/1249/3296 2190/1250/3297 2207/1256/3325
s 322
f 2191/5215/3298 2208/5218/3326 2209/4351/3327 2192/5216/3299
s 326
f 2210/1263/3328 2193/1257/3300 2194/1258/3301 2211/1264/3329
s 327
f 2195/5231/3302 2212/5232/3330 2213/5233/3331 2196/5234/3303
s 323
f 2201/5210/3308 2214/1261/3332 2215/1262/3333 2202/5211/3309
f 2214/1261/3332 2206/1255/3324 2207/1256/3325 2215/1262/3333
s 322
f 2216/1295/3334 2204/1293/3316 2205/1294/3317 2217/1296/3335
f 2208/5218/3326 2216/1295/3334 2217/1296/3335 2209/4351/3327
s 326
f 2197/5224/3304 2218/5227/3336 2219/5228/3337 2198/5225/3305
s 327
f 2220/1281/3338 2199/1273/3306 2200/1274/3307 2221/1282/3339
s 323
f 2186/4356/3314 2202/4358/3340 2190/4359/3341 2166/4357/3315
s 322
f 2168/4347/3322 2192/4349/3342 2205/4350/3343 2188/4348/3323
s 326
f 2180/4362/3312 2198/4364/3344 2194/4365/3345 2171/4363/3313
s 327
f 2176/4370/3320 2196/4372/3346 2200/4373/3347 2181/4371/3321
s 326
f 2223/1269/3348 2210/1263/3328 2211/1264/3329 2224/1270/3349
s 327
f 2212/5232/3330 2225/1291/3350 2226/1292/3351 2213/5233/3331
s 326
f 2218/5227/3336 2227/1275/3352 2228/1276/3353 2219/5228/3337
s 327
f 2229/1287/3354 2220/1281/3338 2221/1282/3339 2230/1288/3355
s 323
f 2202/4358/3340 2215/1262/3333 2207/1256/3325 2190/4359/3341
s 326
f 2227/1275/3352 2223/1269/3348 2224/1270/3349 2228/1276/3353
s 327
f 2225/1291/3350 2229/1287/3354 2230/1288/3355 2226/1292/3351
s 322
f 2192/4349/3342 2209/4351/3327 2217/1296/3335 2205/4350/3343
s 326
f 2198/4364/3344 2219/4366/3356 2211/4367/3357 2194/4365/3345
s 327
f 2196/4372/3346 2213/4374/3358 2221/4375/3359 2200/4373/3347
s 326
f 2219/4366/3356 2228/1276/3353 2224/1270/3349 2211/4367/3357
s 327
f 2213/4374/3358 2226/1292/3351 2230/1288/3355 2221/4375/3359
s 8
f 2091/5090/3152 2203/1379/3360 2231/1380/3361 2107/5091/3153
f 2222/1375/3362 2098/1371/3187 2124/1372/3188 2232/1376/3363
f 2203/1379/3360 2233/1377/3364 2234/1378/3365 2231/1380/3361
f 2233/1377/3364 2222/1375/3362 2232/1376/3363 2234/1378/3365
s 257
f 1957/1494/2918 1973/1495/2917 1898/1488/2810 1899/1491/2811
f 2003/1502/2966 1998/1500/2954 1999/1501/2955 2004/1503/2967
s 269
f 2041/1610/3028 2040/1611/3027 2053/1608/3047 2054/1609/3048
s 30
f 1308/31/3366 1331/32/3367 1276/26/3368 2367/25/3369
f 1273/183/3370 2399/184/3371 199/167/3372 1236/177/3373
s 29
f 1791/3166/3374 1745/3181/3375 1763/3194/3376 1792/3195/3377
s 30
f 1437/4964/3378 1495/4966/3379 1494/5676/3380 1439/4970/3381
s 29
f 1680/3001/3382 1601/3002/3383 1724/3024/3384
s 30
f 1449/211/3385 2353/212/3386 1341/199/3387 1411/214/3388
s 7
f 1427/1192/3389 1426/1196/3390 1673/1199/3391 1658/1200/3392
s 30
f 1481/4982/3393 1820/4983/3394 1737/4981/3395 2363/4980/3396
s 7
f 1713/5060/3397 1531/5059/2310 1538/5065/2309 1714/5066/3398
s 30
f 1892/263/3399 2357/264/3400 1428/255/3401 1868/261/3402
s 7
f 2162/1272/3403 2320/1271/3404 1678/1277/3405 2143/1278/3406
s 29
f 2438/3394/3407 1357/3395/3408 1350/3374/3409 2439/3373/3410
f 1181/3492/3411 1285/3493/3412 1279/3480/3413 1221/3479/3414
f 1177/2864/3415 1244/2870/3416 1240/2878/3417 2396/2879/3418
s 15
f 1700/2300/3419 1668/2306/3420 2345/2312/3421
s 29
f 2040/3229/3422 2069/3207/3423 2053/3220/3424
f 2441/3327/3425 1435/3328/3426 1751/3308/3427 2442/3307/3428
f 2400/2916/3429 1419/2947/3430 1415/2972/3431 2401/2944/3432
f 2431/3514/3433 1390/3515/3434 1393/3502/3435 2433/3501/3436
s 15
f 1827/2716/3437 1885/2715/3438 1874/2726/3439 1822/2727/3440
s 29
f 1958/3323/3441 1925/3346/3442 2447/3347/3443 1975/3324/3444
s 15
f 1979/2341/3445 1904/2342/3446 1933/2353/3447
s 29
f 2442/3307/3428 1644/3329/3448 1382/3351/3449 2441/3327/3425
s 15
f 2306/2675/3450 2009/2665/3451 1994/2682/3452 2305/2683/3453
f 2124/2393/3454 2085/2405/3455 2333/2415/3456
f 2310/2631/3457 2105/2630/3458 2096/2640/3459 2311/2641/3460
f 2232/2445/3461 2177/2457/3462 2327/2467/3463
f 2231/2549/3464 2216/2550/3465 2208/2561/3466
f 2234/2497/3467 2223/2498/3468 2227/2509/3469
s 29
f 1860/3313/3470 1446/3295/3471 1435/3328/3426 1848/3335/3472
f 2406/3020/3473 1645/3021/3474 1641/3043/3475 2407/3039/3476
f 2410/3128/3477 1858/3146/3478 1869/3162/3479 1460/3144/3480
s 5
f 249/2101/3481 93/2102/3482 120/2098/28 229/2097/27
f 210/2105/3483 30/2106/3484 31/2104/3485 232/2103/3486
f 232/2103/3486 31/2104/3485 93/2102/3482 249/2101/3481
f 95/2111/3487 1258/2112/3488 1226/2110/3489 127/2109/3490
f 159/2107/3491 1196/2108/3492 30/2106/3484 210/2105/3483
f 127/2109/3490 1226/2110/3489 1196/2108/3492 159/2107/3491
f 1309/2115/3493 1283/2114/3494 45/2113/3495 46/2116/3496
f 45/2113/3495 1283/2114/3494 1258/2112/3488 95/2111/3487
f 1307/2120/3497 1218/2119/3498 1251/2121/3499 1275/2122/3500
f 1309/2115/3493 46/2116/3496 1192/2117/3501 1319/2118/3502
f 1319/2118/3502 1192/2117/3501 1218/2119/3498 1307/2120/3497
s 7
f 402/4665/3503 460/4668/3504 470/4669/588 411/4664/591
s 15
f 754/2325/3505 785/2324/3506 427/2336/3507 405/2337/3508
f 758/2315/3509 797/2314/3510 785/2324/3506 754/2325/3505
f 763/2309/3511 812/2308/3512 797/2314/3510 758/2315/3509
f 753/2299/3513 830/2303/1788 812/2308/3512 763/2309/3511
f 2238/2346/3514 890/2357/3515 476/2367/3516 470/2358/3517
f 843/2347/3518 2238/2346/3514 470/2358/3517 460/2359/3519
f 2239/2334/3520 905/2345/3521 890/2357/3515 2238/2346/3514
f 856/2335/3522 2239/2334/3520 2238/2346/3514 843/2347/3518
f 2240/2322/3523 922/2333/3524 905/2345/3521 2239/2334/3520
f 862/2323/3525 2240/2322/3523 2239/2334/3520 856/2335/3522
f 2241/2313/3526 943/2321/3527 922/2333/3524 2240/2322/3523
f 850/2307/1790 2241/2313/3526 2240/2322/3523 862/2323/3525
s 7
f 491/4676/3528 478/4674/3529 531/4680/3530 529/4681/3531
f 360/4667/3532 361/4666/659 365/4670/658 359/4671/3533
f 516/4679/3534 550/4682/3535 552/4683/1753 527/4678/1756
s 15
f 944/2377/1819 982/2376/1818 529/2388/3536 531/2389/3537
f 961/2332/3538 1009/2344/3539 998/2355/3540 965/2356/3541
f 965/2356/3541 998/2355/3540 989/2365/1817 956/2366/1816
f 788/2302/1789 990/2343/3542 1009/2344/3539 961/2332/3538
s 7
f 1045/4688/3543 1017/4686/3544 1040/4690/3545 1055/4691/3546
s 15
f 2242/2398/3547 1024/2409/3548 1023/2419/3549 552/2410/3550
f 1006/2399/3551 2242/2398/3547 552/2410/3550 550/2411/3552
f 2243/2386/3553 1028/2397/3554 1024/2409/3548 2242/2398/3547
f 1012/2387/3555 2243/2386/3553 2242/2398/3547 1006/2399/3551
f 2244/2374/3556 1036/2385/3557 1028/2397/3554 2243/2386/3553
f 1022/2375/3558 2244/2374/3556 2243/2386/3553 1012/2387/3555
f 2245/2364/3559 1051/2373/3560 1036/2385/3557 2244/2374/3556
f 1021/2354/3561 2245/2364/3559 2244/2374/3556 1022/2375/3558
f 1021/2354/3561 990/2343/3542 2245/2364/3559
f 788/2302/1789 943/2321/3527 2241/2313/3526
f 850/2307/1790 788/2302/1789 2241/2313/3526
f 538/2285/702 730/2296/3562 698/2297/3563 2351/2294/3564
f 538/2285/702 788/2302/1789 830/2303/1788 753/2299/3513
f 538/2285/702 753/2299/3513 730/2296/3562
f 788/2302/1789 961/2332/3538 943/2321/3527
f 1009/2344/3539 990/2343/3542 1021/2354/3561
f 1039/2426/3565 1056/2425/3566 1055/2436/3567 1040/2437/3568
f 1048/2417/1734 1068/2416/1733 1056/2425/3566 1039/2426/3565
f 990/2343/3542 1065/2384/3569 1051/2373/3560
f 1081/2406/1732 1060/2407/1735 1065/2384/3569 1101/2395/3570
s 7
f 596/4693/3571 1044/4692/3572 1076/4694/3573 624/4695/3574
s 15
f 990/2343/3542 1051/2373/3560 2245/2364/3559
f 1091/2441/3575 2255/2440/1806 2254/2450/1809 1075/2451/3576
s 7
f 527/4678/1756 1018/4685/1755 1017/4686/3544 2252/4687/3577
f 597/438/766 596/437/765 624/445/3578 610/446/3579
f 478/4674/3529 2251/4675/3580 411/4664/591 477/4673/590
f 390/4659/459 2247/4663/3581 361/4666/659 360/4667/3532
s 30
f 250/4543/221 312/4548/3582 327/4549/3583 302/4544/222
s 7
f 372/4658/458 2248/4662/3584 2247/4663/3581 390/4659/459
s 13
f 2249/2249/3585 2248/2250/3586 411/2245/3587 367/2246/3588
s 30
f 2246/4552/3589 317/4553/3590 312/4548/3582 250/4543/221
f 231/4542/220 217/4546/3591 2385/4547/3592 250/4543/221
s 7
f 411/4664/591 2248/4662/3584 372/4658/458 402/4665/3503
s 30
f 317/4553/3590 339/4558/392 387/4564/3593 369/4565/3594
s 13
f 2246/2253/873 2247/2254/872 2248/2250/3586 2249/2249/3585
s 30
f 2249/4557/393 339/4558/392 317/4553/3590 2246/4552/3589
s 7
f 527/4678/1756 2250/4677/3595 491/4676/3528 516/4679/3534
f 491/4676/3528 2250/4677/3595 2251/4675/3580 478/4674/3529
f 2252/4687/3577 1017/4686/3544 1045/4688/3543 2253/4689/3596
f 2253/4689/3596 1045/4688/3543 1044/4692/3572 596/4693/3571
s 15
f 2254/2450/1809 1093/2461/1808 610/2471/3597 624/2462/3598
f 1075/2451/3576 2254/2450/1809 624/2462/3598 1076/2463/3599
f 1114/2408/3600 2257/2418/3601 2256/2428/3602 1109/2429/3603
f 2257/2418/3601 1153/2427/3604 1139/2439/3605 2256/2428/3602
f 2256/2428/3602 1139/2439/3605 1113/2449/1807 2255/2440/1806
f 1109/2429/3603 2256/2428/3602 2255/2440/1806 1091/2441/3575
f 1101/2395/3570 1092/2396/3606 1114/2408/3600
f 1150/2460/3607 1161/2459/3608 1147/2469/1737 1135/2470/1736
f 1092/2396/3606 1153/2427/3604 2257/2418/3601
f 1114/2408/3600 1092/2396/3606 2257/2418/3601
f 1101/2395/3570 1065/2384/3569 990/2343/3542 1092/2396/3606
f 1092/2396/3606 1159/2438/3609 1153/2427/3604
f 1112/2481/1739 1126/2480/1738 628/2492/3610 630/2493/3611
f 1138/2503/3612 2260/2502/1823 641/2514/1826 631/2515/3613
f 1159/2438/3609 1166/2448/3614 1161/2459/3608 1150/2460/3607
s 7
f 601/426/3615 598/432/763 630/5638/3616 628/440/3617
f 614/407/3618 2258/425/3619 601/426/3615 612/419/3620
f 601/426/3615 2258/425/3619 2259/431/764 598/432/763
f 614/407/3618 612/419/3620 631/5640/3621 641/413/3622
f 641/413/3622 1136/414/3623 1103/408/3624 614/407/3618
s 15
f 1151/2491/3625 2261/2490/3626 2260/2502/1823 1138/2503/3612
f 2261/2490/3626 1152/2501/3627 1137/2513/1824 2260/2502/1823
f 1168/2458/3628 2263/2468/3629 2262/2478/3630 1163/2479/3631
f 2263/2468/3629 1169/2477/3632 1164/2489/3633 2262/2478/3630
f 2262/2478/3630 1164/2489/3633 1152/2501/3627 2261/2490/3626
f 1163/2479/3631 2262/2478/3630 2261/2490/3626 1151/2491/3625
f 1092/2396/3606 1170/2447/3634 1166/2448/3614 1159/2438/3609
f 1149/2522/3635 1140/2521/3636 1120/2532/3637 1130/2533/3638
f 1170/2447/3634 1169/2477/3632 2263/2468/3629
f 1168/2458/3628 1170/2447/3634 2263/2468/3629
f 1170/2447/3634 1167/2488/3639 1169/2477/3632
f 1166/2448/3614 1170/2447/3634 1168/2458/3628
s 7
f 614/407/3618 1103/408/3624 1102/404/1777 2264/403/3640
f 2264/403/3640 1102/404/1777 1087/400/1776 2265/399/3641
f 2265/399/3641 1087/400/1776 1086/397/3642 582/392/697
s 15
f 1130/2533/3638 1120/2532/3637 1119/2544/3643 1131/2545/3644
f 1167/2488/3639 1165/2500/3645 1156/2511/3646 1162/2512/3647
f 1162/2512/3647 1156/2511/3646 1140/2521/3636 1149/2522/3635
f 1129/2543/3648 2267/2542/1784 2266/2554/1787 1110/2555/3649
s 7
f 582/392/697 1086/397/3642 1111/5643/3650 613/395/3651
f 570/391/694 582/392/697 613/395/3651 626/396/3652
s 15
f 2266/2554/1787 1090/2565/1786 626/2575/3653 613/2566/3654
f 1110/2555/3649 2266/2554/1787 613/2566/3654 1111/2567/3655
f 1160/2510/3656 1117/2499/3657 2269/2520/3658
f 1117/2499/3657 1132/2529/3659 2269/2520/3658
f 2268/2530/3660 1121/2541/3661 1106/2553/1785 2267/2542/1784
f 1148/2531/3662 2268/2530/3660 2267/2542/1784 1129/2543/3648
f 1170/2447/3634 1117/2499/3657 1165/2500/3645 1167/2488/3639
f 1118/2540/3663 1080/2552/3664 1074/2563/1626 1098/2564/1625
f 2269/2520/3658 1132/2529/3659 1121/2541/3661 2268/2530/3660
f 1160/2510/3656 2269/2520/3658 2268/2530/3660 1148/2531/3662
f 1117/2499/3657 1118/2540/3663 1132/2529/3659
f 1165/2500/3645 1117/2499/3657 1160/2510/3656
f 1080/2552/3664 1005/2551/3665 1071/2562/3666
f 1117/2499/3657 1005/2551/3665 1080/2552/3664 1118/2540/3663
f 1035/2607/3667 2273/2606/1769 553/2618/1772 566/2619/3668
f 1071/2562/3666 1005/2551/3665 2270/2572/3669
f 1005/2551/3665 1030/2581/3670 2270/2572/3669
f 983/2604/1460 820/2603/3671 969/2614/3672
s 7
f 2271/389/696 563/390/695 556/388/1518 2272/387/3673
f 2272/387/3673 556/388/1518 557/385/3674 534/380/609
f 534/380/609 557/385/3674 566/386/3675 553/383/3676
f 528/379/606 534/380/609 553/383/3676 558/384/3677
s 15
f 1057/2583/3678 2275/2582/3679 2274/2594/3680 1043/2595/3681
f 2275/2582/3679 1029/2593/3682 1025/2605/3683 2274/2594/3680
f 2274/2594/3680 1025/2605/3683 1015/2617/1770 2273/2606/1769
f 1043/2595/3681 2274/2594/3680 2273/2606/1769 1035/2607/3667
f 1071/2562/3666 2270/2572/3669 2275/2582/3679 1057/2583/3678
f 2270/2572/3669 1030/2581/3670 1029/2593/3682 2275/2582/3679
f 1005/2551/3665 1016/2592/1459 1030/2581/3670
s 7
f 2276/377/608 510/378/607 487/376/1374 2277/375/3684
f 435/366/474 486/373/3685 500/374/3686 475/371/475
s 15
f 1005/2551/3665 820/2603/3671 983/2604/1460 1016/2592/1459
f 916/2659/3687 2279/2658/1757 475/2670/1760 500/2671/3688
f 969/2614/3672 820/2603/3671 2278/2624/3689
f 820/2603/3671 870/2633/3690 2278/2624/3689
f 769/2656/1153 560/2655/3691 764/2666/3692
s 7
f 410/365/473 401/362/1057 2282/361/3693 435/366/474
f 2277/375/3684 487/376/1374 486/373/3685 435/366/474
s 15
f 930/2647/3694 2280/2646/3695 2279/2658/1757 916/2659/3687
f 2280/2646/3695 871/2657/3696 863/2669/1758 2279/2658/1757
f 950/2635/3697 2281/2634/3698 2280/2646/3695 930/2647/3694
f 2281/2634/3698 877/2645/3699 871/2657/3696 2280/2646/3695
f 969/2614/3672 2278/2624/3689 2281/2634/3698 950/2635/3697
f 2278/2624/3689 870/2633/3690 877/2645/3699 2281/2634/3698
s 7
f 2282/361/3693 401/362/1057 380/358/1056 2283/357/3700
f 2283/357/3700 380/358/1056 374/353/3701 301/344/293
s 15
f 820/2603/3671 835/2644/1152 870/2633/3690
f 820/2603/3671 560/2655/3691 769/2656/1153 835/2644/1152
f 764/2666/3692 2284/2676/1780 2285/2686/1783 746/2687/3702
f 764/2666/3692 560/2655/3691 2284/2676/1780
f 560/2655/3691 632/2685/1781 2284/2676/1780
f 572/2731/3703 543/2730/3704 541/2737/3705 562/2738/3706
f 2286/2698/3707 649/2709/3708 640/2722/3709 2287/2710/3710
f 728/2699/3711 2286/2698/3707 2287/2710/3710 705/2711/3712
f 746/2687/3702 2285/2686/1783 2286/2698/3707 728/2699/3711
f 2285/2686/1783 648/2697/1782 649/2709/3708 2286/2698/3707
f 2287/2710/3710 640/2722/3709 363/2732/3713 362/2723/3714
f 705/2711/3712 2287/2710/3710 362/2723/3714 388/2724/3715
s 7
f 301/344/293 374/353/3701 388/354/3716 362/347/3717
f 284/341/290 301/344/293 362/347/3717 363/348/3718
s 15
f 560/2655/3691 611/2696/3719 632/2685/1781
f 532/2708/3720 294/2707/446 511/2719/3721
f 560/2655/3691 294/2707/446 532/2708/3720 611/2696/3719
f 469/2742/3722 294/2707/446 228/2747/447 240/2748/3723
f 562/2738/3706 541/2737/3705 290/2743/3724 304/2744/3725
f 611/2696/3719 532/2708/3720 542/2720/3726 591/2721/3727
f 591/2721/3727 542/2720/3726 543/2730/3704 572/2731/3703
s 7
f 237/345/3728 264/342/291 304/349/3729 290/350/3730
f 2288/346/3731 237/345/3728 227/351/3732 226/352/383
f 2289/343/292 264/342/291 237/345/3728 2288/346/3731
f 226/352/383 227/351/3732 240/355/3733 228/356/382
s 30
f 224/85/3734 212/79/264 265/91/3735 263/92/3736
f 271/89/425 2290/86/3737 224/85/3734 244/90/3738
f 224/85/3734 2290/86/3737 2291/80/265 212/79/264
s 13
f 301/2173/944 2289/2170/3739 2290/2169/3740 271/2174/945
f 2290/2169/3740 2289/2170/3739 2288/2167/636 2291/2166/635
s 30
f 271/89/425 244/90/3738 308/95/3741 328/96/3742
f 335/101/426 271/89/425 328/96/3742 334/102/3743
f 352/111/3744 338/107/423 382/117/3745 379/118/3746
f 381/115/546 2292/112/3747 352/111/3744 366/116/3748
s 13
f 435/2185/1224 2282/2182/3749 2292/2181/3750 381/2186/1225
s 30
f 352/111/3744 2292/112/3747 2293/108/424 338/107/423
s 13
f 2292/2181/3750 2282/2182/3749 2283/2178/943 2293/2177/942
s 30
f 381/115/546 366/116/3748 420/119/3751 438/120/3752
f 440/121/547 381/115/546 438/120/3752 442/122/3753
f 448/125/3754 441/123/544 474/5697/3755 471/130/3756
f 466/127/1373 2294/126/3757 448/125/3754 461/128/3758
s 13
f 534/2197/3759 2276/2194/3760 2294/2193/3761 466/2198/1421
s 30
f 448/125/3754 2294/126/3757 2295/124/545 441/123/544
s 13
f 2294/2193/3761 2276/2194/3760 2277/2190/1223 2295/2189/1222
s 30
f 466/127/1373 461/128/3758 501/131/3762 518/132/1370
s 13
f 466/2198/1421 2272/2201/1420 534/2197/3759
f 582/2207/1486 2271/2205/1419 974/2204/1418
f 1004/2212/1479 2264/2213/3763 2265/2210/1485 974/2204/1418
f 614/2215/3764 2264/2213/3763 1004/2212/1479
f 1004/2212/1479 2258/2218/1478 614/2215/3764
f 596/2223/1396 2259/2221/1477 985/2220/1397
s 30
f 962/4595/3765 985/144/1436 1003/143/1435 986/4598/3766
f 900/4592/1721 2297/4591/3767 2296/4593/3768 948/4594/1722
s 13
f 2297/2229/3769 2252/2230/3770 2253/2227/1395 2296/2226/1394
s 30
f 459/4581/526 912/4588/3771 918/4589/3772 492/4584/527
s 13
f 527/2233/1199 2252/2230/3770 2297/2229/3769 459/2234/1200
s 30
f 948/4594/1722 2296/4593/3768 985/144/1436 962/4595/3765
f 450/4580/525 446/4579/3773 2299/4578/3774 459/4581/526
f 459/4581/526 2297/4591/3767 900/4592/1721 912/4588/3771
f 424/4577/3775 446/4579/3773 467/4582/3776 457/4583/3777
f 2298/4576/3778 424/4577/3775 421/4573/3779 367/4562/390
s 13
f 411/2245/3587 2251/2242/3780 2298/2241/3781 367/2246/3588
s 30
f 2299/4578/3774 446/4579/3773 424/4577/3775 2298/4576/3778
s 13
f 2298/2241/3781 2251/2242/3780 2250/2238/1198 2299/2237/1197
s 30
f 367/4562/390 421/4573/3779 439/4574/3782 422/4570/3783
f 406/4569/3784 355/4563/391 367/4562/390 422/4570/3783
s 7
f 1796/5056/3785 2301/5055/3786 1531/5059/2310 1713/5060/3397
f 1862/5052/3787 1796/5056/3785 1812/5061/3788 1863/5062/3789
f 1510/5037/2280 2300/5051/3790 1862/5052/3787 1902/5047/3791
f 1862/5052/3787 2300/5051/3790 2301/5055/3786 1796/5056/3785
s 15
f 1811/2734/3792 1864/2733/3793 1863/2739/3794 1812/2740/3795
f 1822/2727/3440 1874/2726/3439 1864/2733/3793 1811/2734/3792
f 1545/2705/2321 1813/2706/3796 1778/2717/3797 2302/2718/3798
f 1813/2706/3796 1900/2695/3799 1885/2715/3438 1827/2716/3437
f 1545/2705/2321 1729/2735/3800 1715/2741/3801
f 1927/2684/3802 2306/2675/3450 2305/2683/3453 1936/2694/3803
s 7
f 1510/5037/2280 1902/5047/3791 1911/5048/3804 1508/5041/3805
f 1533/5038/2281 1510/5037/2280 1508/5041/3805 1509/5042/3806
s 15
f 2303/2703/3807 1961/2702/3808 1509/2712/3809 1508/2713/3810
f 1910/2714/3811 2303/2703/3807 1508/2713/3810 1911/2725/3812
f 2304/2693/3813 1982/2692/3814 1961/2702/3808 2303/2703/3807
f 1929/2704/3815 2304/2693/3813 2303/2703/3807 1910/2714/3811
f 2305/2683/3453 1994/2682/3452 1982/2692/3814 2304/2693/3813
f 1936/2694/3803 2305/2683/3453 2304/2693/3813 1929/2704/3815
f 1900/2695/3799 1945/2653/3816 1927/2684/3802
f 1945/2653/3816 2036/2654/3817 2009/2665/3451
f 1945/2653/3816 2009/2665/3451 2306/2675/3450
f 1927/2684/3802 1945/2653/3816 2306/2675/3450
f 1545/2705/2321 1945/2653/3816 1900/2695/3799 1813/2706/3796
f 2006/2681/3818 2051/2680/3819 1564/2690/3820 1563/2691/3821
s 7
f 1578/5039/3822 1565/5035/2278 1563/5045/3823 1564/5046/3824
f 1568/5043/2387 2307/5040/3825 1578/5039/3822 1602/5044/3826
f 1578/5039/3822 2307/5040/3825 2308/5036/2279 1565/5035/2278
s 15
f 2036/2654/3817 2073/2643/3827 2063/2663/3828 2044/2664/3829
f 2031/2674/3830 2059/2673/3831 2051/2680/3819 2006/2681/3818
f 2044/2664/3829 2063/2663/3828 2059/2673/3831 2031/2674/3830
f 2083/2642/3832 2310/2631/3457 2311/2641/3460 2077/2652/3833
f 1945/2653/3816 2107/2601/3834 2073/2643/3827 2036/2654/3817
f 2100/2629/3835 2112/2628/3836 1639/2638/3837 1638/2639/3838
f 2073/2643/3827 2107/2601/3834 2081/2632/3839
f 2107/2601/3834 2127/2602/3840 2116/2613/3841
f 2107/2601/3834 2116/2613/3841 2309/2623/3842
f 2081/2632/3839 2107/2601/3834 2309/2623/3842
f 2081/2632/3839 2309/2623/3842 2310/2631/3457 2083/2642/3832
f 2309/2623/3842 2116/2613/3841 2105/2630/3458 2310/2631/3457
f 2312/2651/3843 2089/2650/3844 1612/2660/3845 1604/2661/3846
f 2068/2662/3847 2312/2651/3843 1604/2661/3846 1603/2672/3848
f 2077/2652/3833 2311/2641/3460 2312/2651/3843 2068/2662/3847
f 2311/2641/3460 2096/2640/3459 2089/2650/3844 2312/2651/3843
s 7
f 1568/5043/2387 1602/5044/3826 1603/5049/3849 1604/5050/3850
f 1631/5053/2388 1568/5043/2387 1604/5050/3850 1612/5054/3851
f 1654/5063/3852 1636/5057/2385 1638/5068/3853 1639/5069/3854
f 1678/1277/3405 2313/5064/3855 1654/5063/3852 1667/5067/3856
f 1654/5063/3852 2313/5064/3855 2314/5058/2386 1636/5057/2385
s 15
f 2122/2612/3857 2137/2611/3858 2129/2621/3859 2110/2622/3860
f 2110/2622/3860 2129/2621/3859 2112/2628/3836 2100/2629/3835
f 2151/2591/3861 2231/2549/3464 2169/2580/3862
f 2107/2601/3834 2231/2549/3464 2151/2591/3861 2127/2602/3840
f 2160/2577/3863 2175/2576/3864 2174/2586/3865 2161/2587/3866
f 2316/2579/3867 2191/2578/3868 2167/2588/3869 2317/2589/3870
f 2155/2590/3871 2316/2579/3867 2317/2589/3870 2141/2600/3872
f 2169/2580/3862 2231/2549/3464 2315/2571/3873
f 2231/2549/3464 2208/2561/3466 2315/2571/3873
f 2169/2580/3862 2315/2571/3873 2316/2579/3867 2155/2590/3871
f 2315/2571/3873 2208/2561/3466 2191/2578/3868 2316/2579/3867
f 2318/2599/3874 2145/2598/3875 2144/2608/3876 1677/2609/3877
f 2134/2610/3878 2318/2599/3874 1677/2609/3877 1676/2620/3879
f 2141/2600/3872 2317/2589/3870 2318/2599/3874 2134/2610/3878
f 2317/2589/3870 2167/2588/3869 2145/2598/3875 2318/2599/3874
s 7
f 1678/1277/3405 1667/5067/3856 1676/5070/3880 1677/1283/3881
f 2143/1278/3406 1678/1277/3405 1677/1283/3881 2144/1284/3882
f 2173/1266/3883 2162/1272/3403 2161/5629/3884 2174/1280/3885
f 1712/1247/2495 2319/1265/3886 2173/1266/3883 2184/1259/3887
f 2173/1266/3883 2319/1265/3886 2320/1271/3404 2162/1272/3403
s 15
f 2204/2560/3888 2212/2559/3889 2195/2569/3890 2187/2570/3891
f 2187/2570/3891 2195/2569/3890 2175/2576/3864 2160/2577/3863
f 2225/2539/3892 2234/2497/3467 2229/2528/3893
f 2231/2549/3464 2234/2497/3467 2225/2539/3892 2216/2550/3465
f 2172/2525/3894 2157/2524/3895 1702/2534/3896 1701/2535/3897
f 2321/2519/3898 2227/2509/3469 2218/2526/3899 2322/2527/3900
f 2229/2528/3893 2321/2519/3898 2322/2527/3900 2220/2538/3901
f 2229/2528/3893 2234/2497/3467 2321/2519/3898
f 2234/2497/3467 2227/2509/3469 2321/2519/3898
f 2323/2537/3902 2197/2536/3903 2179/2546/3904 2324/2547/3905
f 2199/2548/3906 2323/2537/3902 2324/2547/3905 2182/2558/3907
f 2220/2538/3901 2322/2527/3900 2323/2537/3902 2199/2548/3906
f 2322/2527/3900 2218/2526/3899 2197/2536/3903 2323/2537/3902
f 2324/2547/3905 2179/2546/3904 1707/2556/3908 1706/2557/3909
f 2182/2558/3907 2324/2547/3905 1706/2557/3909 2183/2568/3910
s 7
f 1712/1247/2495 2184/1259/3887 2183/5631/3911 1706/1253/3912
f 1705/1248/2496 1712/1247/2495 1706/1253/3912 1707/1254/3913
f 1703/1241/2493 1701/5634/3914 1702/1246/3915 1708/1238/3916
f 2325/1237/3917 1708/1238/3916 1695/1235/3918 1670/1227/2473
f 1703/1241/2493 1708/1238/3916 2325/1237/3917 2326/1242/2494
s 15
f 2210/2508/3919 2201/2507/3920 2185/2517/3921 2193/2518/3922
f 2193/2518/3922 2185/2517/3921 2157/2524/3895 2172/2525/3894
f 2223/2498/3468 2214/2487/3923 2201/2507/3920 2210/2508/3919
f 2206/2476/3924 2232/2445/3461 2327/2467/3463
f 2234/2497/3467 2232/2445/3461 2214/2487/3923 2223/2498/3468
f 2119/2473/3925 2101/2472/3926 1650/2482/3927 1649/2483/3928
f 2214/2487/3923 2232/2445/3461 2206/2476/3924
f 2232/2445/3461 2153/2446/3929 2177/2457/3462
f 2329/2485/3930 2147/2484/3931 2135/2494/3932 2330/2495/3933
f 2165/2496/3934 2329/2485/3930 2330/2495/3933 2150/2506/3935
f 2216/2550/3465 2225/2539/3892 2212/2559/3889 2204/2560/3888
f 2127/2602/3840 2151/2591/3861 2137/2611/3858 2122/2612/3857
f 2206/2476/3924 2327/2467/3463 2328/2475/3936 2189/2486/3937
f 2327/2467/3463 2177/2457/3462 2163/2474/3938 2328/2475/3936
f 2189/2486/3937 2328/2475/3936 2329/2485/3930 2165/2496/3934
f 2328/2475/3936 2163/2474/3938 2147/2484/3931 2329/2485/3930
f 2330/2495/3933 2135/2494/3932 1685/2504/3939 1684/2505/3940
f 2150/2506/3935 2330/2495/3933 1684/2505/3940 1694/2516/3941
s 7
f 1670/1227/2473 1695/1235/3918 1694/5636/3942 1684/1233/3943
f 1670/1227/2473 1684/1233/3943 1685/1234/3944 1683/1228/2474
s 13
f 2070/2209/3195 2319/2208/3945 1712/2211/3193
f 1584/2203/3112 2320/2206/3186 2319/2208/3945 2070/2209/3195
f 2070/2209/3195 2326/2214/3194 2325/2216/3946 2048/2217/3135
f 2048/2217/3135 2325/2216/3946 1670/2219/3133
s 7
f 1655/1220/3947 1651/1224/2475 1649/1229/3948 1650/1230/3949
f 2331/1219/3950 1655/1220/3947 1630/1211/3951 1605/1201/2401
f 2332/1223/2476 1651/1224/2475 1655/1220/3947 2331/1219/3950
s 13
f 2048/2217/3135 2332/2222/3134 2331/2224/3952 2002/2225/3953
f 2002/2225/3953 2331/2224/3952 1605/2228/3954
s 15
f 2139/2456/3955 2120/2455/3956 2108/2465/3957 2131/2466/3958
f 2131/2466/3958 2108/2465/3957 2101/2472/3926 2119/2473/3925
f 2153/2446/3929 2125/2435/3959 2120/2455/3956 2139/2456/3955
f 2114/2424/3960 2124/2393/3454 2333/2415/3456
f 2232/2445/3461 2124/2393/3454 2125/2435/3959 2153/2446/3929
f 2058/2421/3961 2012/2420/3962 1571/2430/3963 1570/2431/3964
f 2333/2415/3456 2085/2405/3455 2087/2422/3965 2334/2423/3966
f 2114/2424/3960 2333/2415/3456 2334/2423/3966 2103/2434/3967
f 2125/2435/3959 2124/2393/3454 2114/2424/3960
f 2124/2393/3454 2075/2394/3968 2085/2405/3455
f 2335/2433/3969 2079/2432/3970 2071/2442/3971 2336/2443/3972
f 2094/2444/3973 2335/2433/3969 2336/2443/3972 2093/2454/3974
f 2103/2434/3967 2334/2423/3966 2335/2433/3969 2094/2444/3973
f 2334/2423/3966 2087/2422/3965 2079/2432/3970 2335/2433/3969
f 2336/2443/3972 2071/2442/3971 1621/2452/3975 1620/2453/3976
f 2093/2454/3974 2336/2443/3972 1620/2453/3976 1629/2464/3977
s 7
f 1605/1201/2401 1630/1211/3951 1629/1212/3978 1620/1207/3979
f 1605/1201/2401 1620/1207/3979 1621/1208/3980 1589/1202/2402
f 1562/1194/3981 1572/1198/2403 1570/1203/3982 1571/1204/3983
f 2337/1193/3984 1562/1194/3981 1536/1187/3985 1501/1179/2296
f 2338/1197/2404 1572/1198/2403 1562/1194/3981 2337/1193/3984
s 15
f 2065/2404/3986 2049/2403/3987 2035/2413/3988 2061/2414/3989
f 2061/2414/3989 2035/2413/3988 2012/2420/3962 2058/2421/3961
f 2075/2394/3968 2042/2383/3990 2049/2403/3987 2065/2404/3986
f 2042/2383/3990 1979/2341/3445 2023/2372/3991
f 2124/2393/3454 1979/2341/3445 2042/2383/3990 2075/2394/3968
f 1871/2369/3992 1834/2368/3993 1476/2378/3994 1475/2379/3995
f 2339/2363/3996 1933/2353/3447 1943/2370/3997 2340/2371/3998
f 2023/2372/3991 2339/2363/3996 2340/2371/3998 2000/2382/3999
f 2023/2372/3991 1979/2341/3445 2339/2363/3996
f 1979/2341/3445 1933/2353/3447 2339/2363/3996
f 2341/2381/4000 1935/2380/4001 1924/2390/4002 2342/2391/4003
f 1988/2392/4004 2341/2381/4000 2342/2391/4003 1969/2402/4005
f 2000/2382/3999 2340/2371/3998 2341/2381/4000 1988/2392/4004
f 2340/2371/3998 1943/2370/3997 1935/2380/4001 2341/2381/4000
f 2342/2391/4003 1924/2390/4002 1524/2400/4006 1523/2401/4007
f 1969/2402/4005 2342/2391/4003 1523/2401/4007 1537/2412/4008
s 7
f 1501/1179/2296 1536/1187/3985 1537/1188/4009 1523/1183/4010
f 1501/1179/2296 1523/1183/4010 1524/1184/4011 1482/1180/2297
f 1445/1185/4012 1471/1181/2298 1475/1189/4013 1476/1190/4014
f 1427/1192/3389 1424/1191/4015 1425/1195/4016 1426/1196/3390
f 2344/1182/2299 1471/1181/2298 1445/1185/4012 2343/1186/4017
s 15
f 1893/2352/4018 1847/2351/4019 1842/2361/4020 1880/2362/4021
f 1880/2362/4021 1842/2361/4020 1834/2368/3993 1871/2369/3992
f 1904/2342/3446 1835/2331/4022 1847/2351/4019 1893/2352/4018
f 1823/2320/4023 1700/2300/3419 2345/2312/3421
f 1979/2341/3445 1700/2300/3419 1835/2331/4022 1904/2342/3446
f 1634/2301/4024 1517/2298/4025 1544/2304/4026 1627/2305/4027
f 1835/2331/4022 1700/2300/3419 1823/2320/4023
f 1700/2300/3419 1634/2301/4024 1668/2306/3420
f 2346/2319/4028 1693/2318/4029 1692/2328/4030 2347/2329/4031
f 1802/2330/4032 2346/2319/4028 2347/2329/4031 1772/2340/4033
f 1823/2320/4023 2345/2312/3421 2346/2319/4028 1802/2330/4032
f 2345/2312/3421 1668/2306/3420 1693/2318/4029 2346/2319/4028
f 2348/2339/4034 1674/2338/4035 1673/2348/4036 1426/2349/4037
f 1759/2350/4038 2348/2339/4034 1426/2349/4037 1425/2360/4039
f 1772/2340/4033 2347/2329/4031 2348/2339/4034 1759/2350/4038
f 2347/2329/4031 1692/2328/4030 1674/2338/4035 2348/2339/4034
s 7
f 1427/1192/3389 1658/1200/3392 1598/1205/4040 2350/1206/4041
f 2343/1186/4017 1445/1185/4012 1424/1191/4015 1427/1192/3389
s 15
f 1468/2287/4042 1323/2283/2051 1324/2284/2052 1469/2288/4043
f 1700/2300/3419 1323/2283/2051 1517/2298/4025 1634/2301/4024
f 1517/2298/4025 1323/2283/2051 1497/2295/4044
f 1596/2317/4045 1542/2316/4046 1541/2326/4047 1597/2327/4048
f 1627/2305/4027 1544/2304/4026 1548/2310/4049 1606/2311/4050
f 1606/2311/4050 1548/2310/4049 1542/2316/4046 1596/2317/4045
s 7
f 1520/1209/4051 1598/1205/4040 1597/1213/4052 1541/1214/4053
f 2349/1210/4054 1520/1209/4051 1470/1215/4055 1469/1216/4056 1324/1217/2063 1333/1218/2064
f 2350/1206/4041 1598/1205/4040 1520/1209/4051 2349/1210/4054
s 15
f 538/2285/702 664/2289/4057 359/2290/4058 365/2286/703
f 538/2285/702 2351/2294/3564 678/2292/4059
f 538/2285/702 678/2292/4059 664/2289/4057
f 1484/2293/4060 1323/2283/2051 1479/2291/4061
f 1479/2291/4061 1323/2283/2051 1468/2287/4042
f 1497/2295/4044 1323/2283/2051 1484/2293/4060
f 489/2729/4062 294/2707/446 481/2736/4063
f 481/2736/4063 294/2707/446 469/2742/3722
f 511/2719/3721 294/2707/446 489/2729/4062
f 1545/2705/2321 1715/2741/3801 1714/2745/4064 1538/2746/2322
f 1545/2705/2321 2302/2718/3798 1754/2728/4065
f 1545/2705/2321 1754/2728/4065 1729/2735/3800
s 30
f 1516/217/4066 1449/211/3385 1466/225/4067 1513/226/4068
f 1379/223/2131 1577/224/4069 1586/231/4070 1377/232/2132
s 13
f 1427/2251/2704 2350/2255/4071 2352/2256/4072 1379/2252/2705
s 30
f 1516/217/4066 2352/218/4073 2353/212/3386 1449/211/3385
s 13
f 2352/2256/4072 2350/2255/4071 2349/2259/2353 2353/2260/2352
s 30
f 1431/251/4074 1423/245/4075 1421/257/4076 1422/258/4077
f 1428/255/3401 2354/252/4078 1431/251/4074 1458/256/4079
s 13
f 1501/2239/2960 2344/2243/4080 2354/2244/4081 1428/2240/2961
s 30
f 1431/251/4074 2354/252/4078 2355/246/4082 1423/245/4075
s 13
f 2354/2244/4081 2344/2243/4080 2343/2247/2703 2355/2248/2702
s 30
f 1428/255/3401 1458/256/4079 1459/259/4083 1460/260/4084
f 1868/261/3402 1428/255/3401 1460/260/4084 1869/262/4085
f 1423/245/4075 2355/246/4082 1379/223/2131 1395/239/2130
f 1379/223/2131 2352/218/4073 1516/217/4066 1577/224/4069
f 1920/265/4086 1892/263/3399 1891/5668/4087 1919/270/4088
f 2002/267/3036 2356/266/4089 1920/265/4086 1964/268/4090
s 13
f 1605/2228/3954 2338/2231/4091 2356/2232/4092 2002/2225/3953
s 30
f 1920/265/4086 2356/266/4089 2357/264/3400 1892/263/3399
s 13
f 2356/2232/4092 2338/2231/4091 2337/2235/2959 2357/2236/2958
s 30
f 2002/267/3036 1964/268/4090 1963/271/4093 2046/272/3033
f 1579/5006/4094 1575/5008/4095 1573/5010/4096 1574/5011/4097
f 1584/284/2367 1590/5009/2370 1575/5008/4095 2358/5007/4098
f 2358/5007/4098 1575/5008/4095 1579/5006/4094 2359/5005/4099
s 13
f 2359/2196/4100 2314/2195/4101 2313/2199/3110 2358/2200/3109
s 30
f 2359/5005/4099 1579/5006/4094 1552/5002/4102 1530/4994/2329
s 13
f 1568/2191/2930 2314/2195/4101 2359/2196/4100 1530/2192/2931
s 30
f 1530/4994/2329 1552/5002/4102 1551/5003/4103 1549/4998/4104
f 1530/4994/2329 1549/4998/4104 1550/4999/4105 1519/4995/2330
f 1491/4991/4106 1502/4993/2331 1504/4996/4107 1505/4997/4108
f 2360/4990/4109 1491/4991/4106 1472/4988/4110 1481/4982/3393
s 13
f 1510/2179/2637 2308/2183/4111 2360/2184/4112 1481/2180/2638
s 30
f 2361/4992/2332 1502/4993/2331 1491/4991/4106 2360/4990/4109
s 13
f 2360/2184/4112 2308/2183/4111 2307/2187/2929 2361/2188/2928
s 30
f 1481/4982/3393 1472/4988/4110 1473/4989/4113 1474/4986/4114
f 1481/4982/3393 1474/4986/4114 1821/4987/4115 1820/4983/3394
f 1672/4979/4116 1737/4981/3395 1736/4984/4117 1675/4985/4118
f 2362/4978/4119 1672/4979/4116 1625/4975/4120 1532/4967/4121
s 13
f 1531/2164/2305 2301/2171/4122 2362/2172/4123 1532/2168/2306
s 30
f 2363/4980/3396 1737/4981/3395 1672/4979/4116 2362/4978/4119
s 13
f 2362/2172/4123 2301/2171/4122 2300/2175/2636 2363/2176/2635
s 30
f 1532/4967/4121 1625/4975/4120 1624/4976/4124 2237/4971/4125
f 1532/4967/4121 2237/4971/4125 1566/4972/4126 1559/4968/4127
f 1532/4967/4121 1559/4968/4127 1495/4966/3379 2364/4965/4128
f 2364/4965/4128 1495/4966/3379 1437/4964/3378 2365/4963/4129
s 13
f 1291/2156/2028 1531/2164/2305 2364/2165/2304 2365/2162/4130
s 30
f 2365/4963/4129 1437/4964/3378 1392/4962/4131 1308/31/3366
s 13
f 1291/2156/2028 2365/2162/4130 1308/2159/2029
s 30
f 1308/31/3366 1392/4962/4131 1391/5678/4132 2235/39/4133
f 1308/31/3366 2235/39/4133 1337/40/4134 1331/32/3367
f 1246/20/4135 1276/26/3368 1277/33/4136 1254/34/4137
f 28/12/4138 1213/15/4139 1212/16/4140 1180/11/4141
s 13
f 60/2150/69 2366/2154/4142 28/2151/70
s 30
f 2367/25/3369 1276/26/3368 1246/20/4135 2366/19/4143
s 13
f 60/2150/69 1291/2156/2028 2367/2157/2027 2366/2154/4142
s 30
f 213/69/4144 209/62/266 299/61/4145 356/70/4146
f 208/75/267 209/62/266 213/69/4144 207/76/4147
f 182/37/4148 29/24/1848 99/30/1851 183/38/4149
f 286/53/1740 2369/54/4150 2368/46/4151 197/45/1741
s 13
f 226/2160/637 59/2152/330 2368/2158/329 2369/2161/4152
s 30
f 299/61/4145 209/62/266 2369/54/4150 286/53/1740
s 13
f 226/2160/637 2369/2161/4152 209/2163/638
s 30
f 197/45/1741 2368/46/4151 29/24/1848 182/37/4148
f 62/17/4153 9/13/4154 65/21/4155 61/22/4156
f 1180/11/4141 1179/5685/4157 10/9/4158 28/12/4138
f 2370/14/4159 9/13/4154 62/17/4153 2371/18/4160
s 13
f 59/2152/330 60/2150/69 2370/2149/68 2371/2153/4161
s 30
f 2371/18/4160 62/17/4153 82/23/1849 29/24/1848
s 13
f 59/2152/330 2371/2153/4161 29/2155/331
s 30
f 28/12/4138 10/9/4158 9/13/4154 2370/14/4159
f 2366/19/4143 1246/20/4135 1213/15/4139 28/12/4138
s 6
f 1637/2128/4162 2091/2127/4163 1932/2131/4164
f 1354/2125/33 2203/2124/32 2091/2127/4163 1637/2128/4162
f 2098/2133/4165 176/2132/4166 449/2134/4167 1960/2135/4168
f 2233/2123/31 37/2126/34 36/2129/4169 2222/2130/4170
f 2222/2130/4170 36/2129/4169 176/2132/4166 2098/2133/4165
f 1187/2141/4171 976/2140/4172 1011/2142/4173 137/2143/4174
f 1960/2135/4168 449/2134/4167 658/2136/4175 1699/2137/4176
f 1699/2137/4176 658/2136/4175 851/2138/4177 1397/2139/4178
f 1397/2139/4178 851/2138/4177 976/2140/4172 1187/2141/4171
f 137/2143/4174 1011/2142/4173 963/2144/4179 136/2145/4180
f 409/2147/4181 825/2146/4182 638/2148/4183
f 136/2145/4180 963/2144/4179 825/2146/4182 409/2147/4181
s 29
f 1172/3186/1813 979/3200/1815 986/3201/4184 1003/3171/4185
f 953/3183/4186 910/3156/4187 921/3196/4188 954/3197/4189
f 1172/3186/1813 955/3198/4190 968/3215/1814
f 2372/3139/1830 904/3155/4191 903/3140/4192 2373/3124/1827
f 954/3197/4189 921/3196/4188 942/3212/4193 972/3213/4194 964/3214/4195
f 908/3184/4196 953/3183/4186 955/3198/4190 1172/3186/1813
f 855/3104/4197 802/3103/4198 457/3122/4199 467/3123/4200
f 2372/3139/1830 872/3138/1829 883/3153/4201 2374/3154/4202
f 2374/3154/4202 913/3169/4203 904/3155/4191 2372/3139/1830
f 2373/3124/1827 903/3140/4192 1171/3106/4204
f 1171/3106/4204 861/3105/1828 2373/3124/1827
f 2374/3154/4202 883/3153/4201 505/3167/4205 492/3168/4206
f 492/3168/4206 918/3182/4207 913/3169/4203 2374/3154/4202
f 2376/3087/1801 779/3088/4208 778/3069/4209 2375/3068/1798
f 854/3090/4210 787/3089/4211 802/3103/4198 855/3104/4197
f 827/3071/1764 854/3090/4210 861/3105/1828 1171/3106/4204
f 403/3052/4212 778/3069/4209 787/3089/4211 425/3070/1763
f 2469/2941/4213 318/2967/4214 320/2942/4215 2468/2915/4216
f 278/2940/4217 2469/2941/4213 2468/2915/4216 275/2891/4218
f 2377/3101/4219 745/3100/4220 406/3119/4221 422/3120/4222
f 422/3120/4222 439/3121/4223 784/3102/4224 2377/3101/4219
f 2377/3101/4219 784/3102/4224 779/3088/4208 2376/3087/1801
f 2376/3087/1801 725/3086/1800 745/3100/4220 2377/3101/4219
f 827/3071/1764 425/3070/1763 787/3089/4211 854/3090/4210
f 344/3013/4225 639/3014/4226 636/2993/4227 340/2992/4228
f 774/3034/4229 743/3035/4230 436/3053/1762 821/3054/1761
f 2380/3032/1767 403/3052/4212 732/3033/4231 2379/3011/1768
f 2379/3011/1768 732/3033/4231 376/3012/4232 2378/2990/4233
f 637/3010/1765 2379/3011/1768 2378/2990/4233 332/2989/4234
f 586/3009/4235 2381/2987/1802 2382/3008/1805 583/3029/4236
f 2375/3068/1798 778/3069/4209 403/3052/4212 2380/3032/1767
f 681/3067/4237 627/3066/4238 369/3084/4239 387/3085/4240
f 680/3050/4241 595/3030/4242 627/3066/4238 681/3067/4237
f 586/3009/4235 315/2988/4243 2450/2963/4244 2381/2987/1802
f 506/2985/4245 408/2960/4246 434/3005/4247 499/3006/4248
f 2383/3028/4249 547/3027/4250 309/3047/4251 302/3048/4252
f 584/3049/4253 2383/3028/4249 302/3048/4252 327/3065/4254
f 583/3029/4236 2382/3008/1805 2383/3028/4249 584/3049/4253
f 2382/3008/1805 536/3007/1804 547/3027/4250 2383/3028/4249
f 454/2962/4255 521/2986/1803 2381/2987/1802 2450/2963/4244
f 2380/3032/1767 353/3031/1766 680/3050/4241 696/3051/1799
f 298/2887/1773 2386/2911/1775 399/2935/4256 368/2936/4257
f 499/3006/4248 434/3005/4247 239/3025/4258 258/3026/4259
s 30
f 186/4550/4260 217/4546/3591 258/5652/4261 239/4555/4262
f 2384/4551/4263 186/4550/4260 170/4556/4264 169/173/4265
s 13
f 223/2264/286 2384/2265/4266 169/2267/287
s 30
f 2385/4547/3592 217/4546/3591 186/4550/4260 2384/4551/4263
s 13
f 223/2264/286 361/2257/583 2385/2261/582 2384/2265/4266
s 29
f 272/2873/4267 168/2872/4268 195/2884/4269 259/2885/4270
f 2388/2958/4271 325/2957/4272 329/2982/4273 171/2983/4274
f 171/2983/4274 189/3004/4275 393/2984/4276 2388/2958/4271
f 2387/2934/4277 394/2959/4278 399/2935/4256 2386/2911/1775
f 2386/2911/1775 285/2886/1774 307/2933/4279 2387/2934/4277
f 2388/2958/4271 393/2984/4276 394/2959/4278 2387/2934/4277
f 2387/2934/4277 307/2933/4279 325/2957/4272 2388/2958/4271
s 30
f 169/173/4265 170/4556/4264 189/5654/4280 171/179/4281
f 171/179/4281 329/180/4282 277/174/4283 169/173/4265
s 29
f 368/2936/4257 399/2935/4256 408/2960/4246 400/2961/4284
f 400/2961/4284 408/2960/4246 506/2985/4245 454/2962/4255
f 454/2962/4255 506/2985/4245 521/2986/1803
f 259/2885/4270 195/2884/4269 218/2907/4285 221/2908/4286 256/2909/4287 255/2910/4288
f 234/2867/4289 272/2873/4267 285/2886/1774 298/2887/1773
f 117/2866/1718 234/2867/4289 230/2860/4290 133/2859/4291
f 121/2841/4292 172/2842/4293 177/2835/4294 103/2833/4295
f 133/2859/4291 230/2860/4290 211/2854/4296 131/2853/4297
f 117/2866/1718 153/2883/1720 168/2872/4268
f 146/2932/4298 2390/2931/4299 2391/2955/4300 143/2956/4301
f 2389/2906/1719 2390/2931/4299 146/2932/4298 153/2883/1720
f 143/2956/4301 2391/2955/4300 201/2980/4302 144/2981/4303
f 75/2975/4304 1182/5625/4305 17/5626/4306 72/5627/4307
f 96/2930/4308 110/2954/4309 2390/2931/4299 2389/2906/1719
f 2391/2955/4300 2390/2931/4299 110/2954/4309 115/2979/4310
f 201/2980/4302 2391/2955/4300 115/2979/4310 118/3003/4311
f 117/2866/1718 168/2872/4268 272/2873/4267 234/2867/4289
s 30
f 200/157/260 145/161/4312 144/162/4313 201/158/4314
f 87/155/261 200/157/260 201/158/4314 118/156/4315
f 169/173/4265 277/174/4283 257/171/1729 2392/170/4316
f 2392/170/4316 257/171/1729 158/166/1728 2393/165/4317
s 13
f 34/2272/1840 223/2264/286 2392/2270/285 2393/2273/4318
s 30
f 2393/165/4317 158/166/1728 145/161/4312 200/157/260
s 13
f 34/2272/1840 2393/2273/4318 200/2275/1841
s 30
f 16/163/4319 71/159/258 72/169/4320 17/5621/4321
f 199/167/3372 2394/164/4322 16/163/4319 202/168/4323
s 13
f 35/2268/4324 2394/2274/4325 199/2271/4326
s 30
f 16/163/4319 2394/164/4322 2395/160/259 71/159/258
s 13
f 35/2268/4324 34/2272/1840 2395/2276/1839 2394/2274/4325
s 29
f 88/2948/4327 1176/2923/4328 1182/5625/4305 75/2975/4304
f 96/2930/4308 74/2929/4329 88/2948/4327
f 88/2948/4327 44/2949/4330 43/2924/4331 1176/2923/4328
f 88/2948/4327 74/2929/4329 44/2949/4330
f 1175/2899/4332 1177/2864/3415 2396/2879/3418 1174/2900/4333
f 117/2866/1718 74/2929/4329 96/2930/4308 2389/2906/1719
f 1176/2923/4328 43/2924/4331 1177/2864/3415 1175/2899/4332
f 1270/2896/4334 1305/2895/4335 1304/2918/4336 1274/2919/4337
f 2396/2879/3418 1240/2878/3417 1238/2897/4338 2397/2898/4339
f 1174/2900/4333 2396/2879/3418 2397/2898/4339 1173/2922/4340
f 2397/2898/4339 1238/2897/4338 1237/2920/4341 204/2921/4342
f 1173/2922/4340 2397/2898/4339 204/2921/4342 3095/5622/4343
s 30
f 199/167/3372 202/168/4323 203/5623/4344 3095/5624/4345 204/172/4346
f 1236/177/3373 199/167/3372 204/172/4346 1237/178/4347
s 29
f 2401/2944/3432 1343/2945/4348 1325/2894/4349 2400/2916/3429
f 1259/2869/4350 1312/2877/4351 1305/2895/4335 1270/2896/4334
f 1267/2863/4352 1259/2869/4350 1244/2870/3416 1177/2864/3415
f 1267/2863/4352 1312/2877/4351 1259/2869/4350
f 1261/2856/4353 1219/2857/4354 1208/2851/4355 1256/2850/4356
f 1267/2863/4352 1177/2864/3415 1219/2857/4354 1261/2856/4353
s 30
f 1303/191/4357 1273/183/3370 1274/203/4358 1304/204/4359
f 1341/199/3387 2398/192/4360 1303/191/4357 1346/200/4361
s 13
f 2399/2269/4362 35/2268/4324 199/2271/4326
s 30
f 1303/191/4357 2398/192/4360 2399/184/3371 1273/183/3370
s 13
f 1333/2262/2074 35/2268/4324 2399/2269/4362 2398/2266/2075
s 29
f 2400/2916/3429 1325/2894/4349 1310/2893/4363 1364/2917/4364
f 1432/2974/4365 1525/2998/4366 1514/3018/4367 1443/3019/4368
f 2402/2970/4369 1413/2997/4370 1412/3017/4371 2236/2995/4372
f 2236/2995/4372 1361/2996/4373 1352/2971/4374 2402/2970/4369
f 2402/2970/4369 1352/2971/4374 1343/2945/4348 2401/2944/3432
f 2401/2944/3432 1415/2972/3431 1413/2997/4370 2402/2970/4369
f 1310/2893/4363 1325/2894/4349 1312/2877/4351 1267/2863/4352
f 1441/2946/4375 1419/2947/3430 2400/2916/3429 1364/2917/4364
f 2407/3039/3476 1560/3040/4376 1546/2999/4377 2406/3020/3473
f 1443/3019/4368 1514/3018/4367 1513/3037/4378 1466/3038/4379
f 1440/2973/4380 1525/2998/4366 1432/2974/4365
f 1440/2973/4380 1432/2974/4365 1419/2947/3430 1441/2946/4375
f 1235/2839/4381 1347/2852/4382 1292/2846/4383
f 1453/2903/4384 2457/2880/4385 2456/2871/4386 1456/2882/4387
f 1587/2977/4388 2403/2950/4389 2404/2925/4390 1554/2952/4391
f 2403/2950/4389 1487/2951/4392 1463/2926/4393 2404/2925/4390
f 2405/2976/4394 1440/2973/4380 1487/2951/4392 2403/2950/4389
f 1593/3000/4395 2405/2976/4394 2403/2950/4389 1587/2977/4388
f 2406/3020/3473 1546/2999/4377 2405/2976/4394
f 1656/3042/4396 1742/3059/4397 1741/3078/4398 1690/3079/4399
f 1593/3000/4395 1645/3021/3474 2406/3020/3473 2405/2976/4394
f 2408/3056/4400 1640/3060/4401 1378/3080/4402 1377/3074/4403
f 1377/3074/4403 1586/3075/4404 1576/3057/4405 2408/3056/4400
f 2408/3056/4400 1576/3057/4405 1560/3040/4376 2407/3039/3476
f 2407/3039/3476 1641/3043/3475 1640/3060/4401 2408/3056/4400
f 2405/2976/4394 1546/2999/4377 1525/2998/4366 1440/2973/4380
f 1460/3144/3480 1459/3145/4406 1816/3129/4407 2410/3128/3477
f 1690/3079/4399 1741/3078/4398 1422/3095/4408 1421/3096/4409
f 1647/3041/4410 1656/3042/4396 1645/3021/3474 1593/3000/4395
f 1719/3058/4411 1742/3059/4397 1656/3042/4396 1647/3041/4410
f 1747/3076/4412 1760/3077/4413 1742/3059/4397 1719/3058/4411
f 2409/3110/4414 1784/3111/4415 1760/3077/4413 2411/3094/4416
f 2411/3094/4416 1855/3112/4417 1854/3130/4418 2409/3110/4414
f 2410/3128/3477 1816/3129/4407 1784/3111/4415 2409/3110/4414
f 2409/3110/4414 1854/3130/4418 1858/3146/3478 2410/3128/3477
f 2411/3094/4416 1760/3077/4413 1747/3076/4412
f 1866/3114/4419 1913/3113/4420 1912/3133/4421 1877/3134/4422
f 1841/3098/4423 1866/3114/4419 1855/3112/4417
f 1841/3098/4423 1855/3112/4417 2411/3094/4416 1747/3076/4412
f 1973/3131/4424 1950/3163/4425 1940/3147/4426
f 1877/3134/4422 1912/3133/4421 1919/3148/4427 1891/3149/4428
f 1843/3061/4429 1780/3062/4430 1614/3045/4431 1686/3044/4432
f 1898/3097/4433 1841/3098/4423 1839/3082/4434 1895/3081/4435
f 1895/3081/4435 1839/3082/4434 1780/3062/4430 1843/3061/4429
f 1898/3097/4433 1913/3113/4420 1866/3114/4419 1841/3098/4423
f 1973/3131/4424 1922/3132/4436 1913/3113/4420 1898/3097/4433
f 1973/3131/4424 1940/3147/4426 1922/3132/4436
f 2046/3176/4437 1963/3177/4438 1950/3163/4425 1973/3131/4424
f 518/3257/4439 501/3269/4440 897/3270/4441 902/3258/4442
f 819/3300/1834 867/3299/1833 471/3315/4443 474/3316/4444
f 2412/3271/4445 776/3272/4446 775/3260/4447 831/3259/4448
f 902/3258/4442 879/3282/4449 873/3297/4450 836/3298/4451
f 902/3258/4442 897/3270/4441 879/3282/4449
f 836/3298/4451 873/3297/4450 868/3283/1832 2412/3271/4445
f 498/3228/4452 579/3227/4453 540/3235/4454
f 831/3259/4448 775/3260/4447 737/3250/4455 782/3249/4456
f 776/3272/4446 807/3284/1831 795/3301/4457
f 2412/3271/4445 868/3283/1832 807/3284/1831 776/3272/4446
f 776/3272/4446 795/3301/4457 2413/3317/1820 697/3318/1822
f 2414/3340/4458 794/3339/4459 803/3358/4460 2415/3359/4461
f 2415/3359/4461 762/3380/4462 744/3360/4463 2414/3340/4458
f 2414/3340/4458 744/3360/4463 719/3341/1821 2413/3317/1820
f 2413/3317/1820 795/3301/4457 794/3339/4459 2414/3340/4458
f 2415/3359/4461 803/3358/4460 442/3378/4464 438/3379/4465
f 438/3379/4465 420/3399/4466 762/3380/4462 2415/3359/4461
f 697/3318/1822 719/3341/1821 702/3361/4467 670/3362/4468
f 629/3381/4469 702/3361/4467 701/3400/4470 650/3401/4471
f 650/3401/4471 701/3400/4470 379/3422/4472 382/3423/4473
f 625/3382/4474 629/3381/4469 618/3383/4475 564/3363/4476
f 670/3362/4468 702/3361/4467 629/3381/4469 625/3382/4474
f 2418/3425/4477 615/3424/4478 334/3440/4479 328/3441/4480
f 328/3441/4480 308/3455/4481 551/3442/4482 2418/3425/4477
f 2417/3403/4483 544/3426/4484 533/3404/4485 2416/3384/4486
f 2416/3384/4486 618/3383/4475 616/3402/4487 2417/3403/4483
f 2418/3425/4477 551/3442/4482 544/3426/4484 2417/3403/4483
f 2417/3403/4483 616/3402/4487 615/3424/4478 2418/3425/4477
f 564/3363/4476 2419/3364/1791 2420/3343/1794 559/3342/4488
f 564/3363/4476 618/3383/4475 2416/3384/4486 2419/3364/1791
f 2416/3384/4486 533/3404/4485 2419/3364/1791
f 190/3288/4489 330/3305/4490 270/3322/4491
f 539/3319/4492 2421/3320/4493 2465/3303/4494 451/3302/4495
f 559/3342/4488 2420/3343/1794 2421/3320/4493 539/3319/4492
f 2420/3343/1794 483/3365/1793 455/3344/4496 2421/3320/4493
f 456/3444/4497 517/3443/4498 263/3456/4499 265/3457/4500
f 443/3427/4501 519/3405/4502 517/3443/4498 456/3444/4497
f 444/3385/1792 519/3405/4502 443/3427/4501
f 2419/3364/1791 533/3404/4485 519/3405/4502 444/3385/1792
f 2423/3470/4503 414/3469/4504 412/3481/4505 2424/3482/4506
f 2424/3482/4506 350/3496/4507 337/3483/4508 2423/3470/4503
f 2423/3470/4503 337/3483/4508 313/3471/1796 2422/3458/1795
f 2422/3458/1795 423/3445/4509 414/3469/4504 2423/3470/4503
f 2424/3482/4506 412/3481/4505 207/3494/4510 213/3495/4511
f 213/3495/4511 356/3506/4512 350/3496/4507 2424/3482/4506
f 445/3446/4513 423/3445/4509 2422/3458/1795 349/3459/1797
f 444/3385/1792 443/3427/4501 423/3445/4509 445/3446/4513
f 220/3472/4514 222/3497/4515 198/3486/4516
f 238/3508/4517 288/3507/4518 287/3520/4519 253/3521/4520
f 222/3497/4515 295/3484/4521 288/3507/4518 238/3508/4517
f 349/3459/1797 313/3471/1796 295/3484/4521 282/3485/4522
f 282/3485/4522 295/3484/4521 222/3497/4515 220/3472/4514
f 216/3460/4523 134/3461/4524 132/3448/4525 191/3447/4526
f 220/3472/4514 135/3473/1746 134/3461/4524 216/3460/4523
f 161/3406/4527 124/3407/4528 104/3386/397 164/3366/4529
f 2426/3499/4530 187/3498/4531 184/3509/4532 2427/3510/4533
f 2427/3510/4533 128/3524/4534 122/3511/4535 2426/3499/4530
f 2426/3499/4530 122/3511/4535 116/3500/1745 2425/3487/1744
f 2425/3487/1744 198/3486/4516 187/3498/4531 2426/3499/4530
f 2427/3510/4533 184/3509/4532 183/3522/4536 99/3523/4537
f 99/3523/4537 100/3534/4538 128/3524/4534 2427/3510/4533
f 220/3472/4514 198/3486/4516 2425/3487/1744 135/3473/1746
f 135/3473/1746 116/3500/1745 109/3512/4539 73/3513/4540
f 66/3536/4541 97/3535/4542 61/3542/4543 65/3543/4544
f 40/3525/4545 109/3512/4539 97/3535/4542 66/3536/4541
f 42/3538/4546 23/3537/4547 2428/3531/4548 1181/3492/3411
f 73/3513/4540 109/3512/4539 40/3525/4545 41/3526/4549
f 41/3526/4549 40/3525/4545 23/3537/4547 42/3538/4546
f 2429/3540/4550 22/3546/4551 1178/3549/4552 2430/3544/4553
f 2430/3544/4553 1211/3545/4554 1214/3541/4555 2429/3540/4550
f 2429/3540/4550 1214/3541/4555 1223/3517/4556 2428/3531/4548
f 2428/3531/4548 23/3537/4547 22/3546/4551 2429/3540/4550
f 2430/3544/4553 1178/3549/4552 1179/3550/4557 1180/3547/4558
f 1180/3547/4558 1212/3548/4559 1211/3545/4554 2430/3544/4553
f 2428/3531/4548 1223/3517/4556 1181/3492/3411
f 2433/3501/3436 1320/3516/4560 1334/3529/4561 2432/3530/4562 2431/3514/3433
f 1201/3437/4563 1247/3438/4564 1252/3397/4565 314/3419/4566
f 1221/3479/3414 1279/3480/3413 1265/3468/4567 1216/3467/4568
f 1289/3505/4569 1227/3504/4570 1242/3518/4571 1281/3519/4572
f 1181/3492/3411 1223/3517/4556 1227/3504/4570
f 1281/3519/4572 1242/3518/4571 1254/3532/4573 1277/3533/4574
f 1181/3492/3411 1227/3504/4570 1289/3505/4569 1285/3493/3412
f 2431/3514/3433 2432/3530/4562 1334/3529/4561 1337/3539/4575 2235/3527/4576
f 2235/3527/4576 1391/3528/4577 1390/3515/3434 2431/3514/3433
f 2434/3488/4578 1399/3476/4579 1387/3475/4580 1386/3489/4581
f 1285/3493/3412 1289/3505/4569 1301/3503/4582
f 2434/3488/4578 1301/3503/4582 1320/3516/4560 2433/3501/3436
f 2433/3501/3436 1393/3502/3435 1399/3476/4579 2434/3488/4578
f 1387/3475/4580 1399/3476/4579 1408/3466/4583 1417/3465/4584
f 1417/3465/4584 1408/3466/4583 1499/3452/4585 1477/3418/4586
f 1285/3493/3412 1301/3503/4582 2434/3488/4578 1386/3489/4581
f 1493/3478/4587 1429/3477/4588 1439/3490/4589 1494/3491/4590
f 1499/3452/4585 1408/3466/4583 1429/3477/4588 1493/3478/4587
f 1477/3418/4586 2438/3394/3407 2439/3373/3410 1511/3396/4591
f 1477/3418/4586 1499/3452/4585 1506/3436/4592
f 2436/3434/4593 1539/3451/4594 1558/3464/4595 2437/3449/4596
f 2437/3449/4596 1617/3450/4597 1616/3435/4598 2436/3434/4593
f 2436/3434/4593 1616/3435/4598 1622/3414/4599 2435/3417/4600
f 2435/3417/4600 1506/3436/4592 1539/3451/4594 2436/3434/4593
f 2437/3449/4596 1558/3464/4595 1566/3474/4601 2237/3462/4602
f 2237/3462/4602 1624/3463/4603 1617/3450/4597 2437/3449/4596
f 1477/3418/4586 1506/3436/4592 2435/3417/4600 2438/3394/3407
f 2435/3417/4600 1622/3414/4599 1357/3395/3408 2438/3394/3407
f 2462/3294/4604 1296/3278/4605 1338/3279/4606
f 1316/3355/4607 1225/3333/4608 1317/3376/4609
f 1511/3396/4591 2439/3373/3410 2440/3352/4610 1462/3375/4611
f 2439/3373/3410 1350/3374/3409 1527/3353/4612 2440/3352/4610
f 1357/3395/3408 1622/3414/4599 1632/3393/4613 1382/3351/3449
f 1732/3416/4614 1652/3415/4615 1675/3432/4616 1736/3433/4617
f 1731/3372/4618 1632/3393/4613 1652/3415/4615 1732/3416/4614
f 1731/3372/4618 1382/3351/3449 1632/3393/4613
f 2444/3369/4619 1849/3370/4620 1848/3335/3472 2446/3350/4621
f 1665/3255/4622 1661/3247/4623 1373/3246/4624 1375/3256/4625
f 2459/3275/4626 1503/3293/4627 1368/3309/4628 2443/3291/4629
f 2443/3291/4629 1368/3309/4628 1644/3329/3448 2442/3307/3428
f 2442/3307/3428 1751/3308/3427 1406/3292/4630 2443/3291/4629
f 2441/3327/3425 1382/3351/3449 1731/3372/4618 1749/3371/4631
f 2446/3350/4621 1749/3371/4631 1774/3392/4632 2444/3369/4619
f 2445/3390/4633 1808/3413/4634 1821/3431/4635 1474/3411/4636
f 1474/3411/4636 1473/3412/4637 1852/3391/4638 2445/3390/4633
f 2445/3390/4633 1852/3391/4638 1849/3370/4620 2444/3369/4619
f 2444/3369/4619 1774/3392/4632 1808/3413/4634 2445/3390/4633
f 2446/3350/4621 1848/3335/3472 1435/3328/3426 2441/3327/3425
f 2441/3327/3425 1749/3371/4631 2446/3350/4621
f 1882/3281/4639 1450/3280/4640 1446/3295/3471 1887/3296/4641
f 1907/3337/4642 1872/3336/4643 1505/3356/4644 1504/3357/4645
f 1906/3314/4646 1860/3313/3470 1872/3336/4643 1907/3337/4642
f 1887/3296/4641 1446/3295/3471 1860/3313/3470 1906/3314/4646
f 1665/3255/4622 1375/3256/4625 1765/3267/4647 1782/3268/4648
f 1782/3268/4648 1765/3267/4647 1450/3280/4640 1882/3281/4639
f 1887/3296/4641 1906/3314/4646 1917/3338/4649
f 2448/3367/4650 1938/3377/4651 1948/3398/4652 2449/3388/4653
f 2449/3388/4653 1984/3389/4654 1976/3368/4655 2448/3367/4650
f 2448/3367/4650 1976/3368/4655 1975/3324/3444 2447/3347/3443
f 2447/3347/3443 1917/3338/4649 1938/3377/4651 2448/3367/4650
f 2449/3388/4653 1948/3398/4652 1550/3421/4656 1549/3409/4657
f 1549/3409/4657 1551/3410/4658 1984/3389/4654 2449/3388/4653
f 1887/3296/4641 1917/3338/4649 2447/3347/3443 1925/3346/3442
f 2013/3290/4659 1980/3306/4660 1992/3325/4661 2014/3326/4662
f 2014/3326/4662 1992/3325/4661 1574/3348/4663 1573/3349/4664
f 1958/3323/3441 1975/3324/3444 1980/3306/4660 1970/3289/4665
f 1970/3289/4665 2013/3290/4659 2021/3274/4666 1990/3240/4667
f 1990/3240/4667 2021/3274/4666 2032/3263/4668
f 1970/3289/4665 1980/3306/4660 2013/3290/4659
f 1990/3240/4667 2032/3263/4668 2055/3252/4669
f 1990/3240/4667 2055/3252/4669 1592/3253/4670 1591/3236/4671
f 1996/3231/4672 2019/3232/4673 1953/3223/4674 1890/3222/4675
f 1990/3240/4667 2028/3237/4676 2019/3232/4673 1996/3231/4672
s 216
f 1434/3962/2195 1401/3958/1998 1340/3957/1997 1371/3960/2119
f 1278/3945/1985 1332/3949/2061 1272/3948/1963 1255/3944/1959
f 1322/3951/2000 1370/3954/1999 1332/3949/2061 1278/3945/1985
s 235
f 1735/4041/2603 1710/4037/2566 1567/4034/2351 1580/4040/2360
f 1567/4034/2351 1710/4037/2566 1664/4032/2341 1522/4028/2294
f 1735/4041/2603 1580/4040/2360 1613/4043/2389 1753/4046/2508
s 29
f 2451/2938/4677 310/2964/4678 537/2939/4679 2452/2913/4680
f 502/2937/4681 2451/2938/4677 2452/2913/4680 447/2912/4682
f 454/2962/4255 2450/2963/4244 2451/2938/4677 502/2937/4681
f 2450/2963/4244 315/2988/4243 310/2964/4678 2451/2938/4677
f 2452/2913/4680 537/2939/4679 245/2914/4683 2453/2889/4684
f 447/2912/4682 2452/2913/4680 2453/2889/4684 389/2888/4685
f 2454/2875/4686 242/2890/4687 464/2876/4688 2455/2868/4689
f 383/2874/4690 2454/2875/4686 2455/2868/4689 348/2861/4691
f 389/2888/4685 2453/2889/4684 2454/2875/4686 383/2874/4690
f 2453/2889/4684 245/2914/4683 242/2890/4687 2454/2875/4686
f 2455/2868/4689 464/2876/4688 342/2862/4692
f 283/2849/4693 165/2836/4694 225/2843/4695
f 348/2861/4691 2455/2868/4689 342/2862/4692
f 348/2861/4691 342/2862/4692 165/2836/4694 300/2855/4696
f 300/2855/4696 165/2836/4694 283/2849/4693
f 103/2833/4295 177/2835/4294 165/2836/4694 64/2831/4697
f 131/2853/4297 211/2854/4296 173/2848/4698 126/2847/4699
f 126/2847/4699 173/2848/4698 172/2842/4293 121/2841/4292
f 103/2833/4295 64/2831/4697 70/2830/4700
f 162/2837/4701 163/2832/4702 1233/2834/4703 1230/2838/4704
f 70/2830/4700 64/2831/4697 63/2828/211 55/2827/210
f 56/2829/212 63/2828/211 163/2832/4702
f 1263/2840/4705 1235/2839/4381 1292/2846/4383
f 1206/2845/4706 1229/2844/4707 1256/2850/4356 1208/2851/4355
f 162/2837/4701 1230/2838/4704 1229/2844/4707 1206/2845/4706
f 1233/2834/4703 63/2828/211 1235/2839/4381 1263/2840/4705
f 2457/2880/4385 1380/2881/4708 1348/2858/4709 2456/2871/4386
s 263
f 1786/4158/2610 1965/4159/2962 1952/4155/2948 1771/4152/2593
f 1771/4152/2593 1952/4155/2948 1930/4150/2892 1738/4146/2552
f 1942/4163/2762 1965/4159/2962 1786/4158/2610 1810/4161/2649
s 29
f 2047/3191/4710 1972/3192/4711 1986/3205/4712
f 2047/3191/4710 2046/3176/4437 1973/3131/4424 1972/3192/4711
f 2047/3191/4710 1986/3205/4712 1998/3179/4713
f 1679/3022/4714 1609/3023/4715 1608/2978/4716 1680/3001/3382
f 1686/3044/4432 1614/3045/4431 1609/3023/4715 1679/3022/4714
f 1483/2904/4717 1608/2978/4716 1556/2953/4718
f 2456/2871/4386 1348/2858/4709 1356/2865/4719
f 1456/2882/4387 2456/2871/4386 1356/2865/4719
f 1554/2952/4391 2404/2925/4390 2458/2901/4720 1452/2927/4721
f 2404/2925/4390 1463/2926/4393 1384/2902/4722 2458/2901/4720
f 2458/2901/4720 1384/2902/4722 1380/2881/4708 2457/2880/4385
f 1452/2927/4721 2458/2901/4720 2457/2880/4385 1453/2903/4384
f 1356/2865/4719 1348/2858/4709 1235/2839/4381
f 1489/2905/4723 1483/2904/4717 1534/2928/4724
f 1456/2882/4387 1356/2865/4719 1483/2904/4717 1489/2905/4723
f 1534/2928/4724 1483/2904/4717 1556/2953/4718
f 1680/3001/3382 1608/2978/4716 1483/2904/4717 1601/3002/3383
f 1739/3064/4725 1698/3063/4726 1756/3083/4727
f 1787/3115/4728 1769/3116/4729 1756/3083/4727 1788/3099/4730
f 1725/3046/4731 1601/3002/3383 1698/3063/4726 1739/3064/4725
f 1724/3024/3384 1601/3002/3383 1725/3046/4731
f 1788/3099/4730 1698/3063/4726 1728/3117/4732 1806/3118/4733
f 1946/3150/4734 1955/3151/4735 2017/3164/4736 2003/3165/4737
f 1798/3135/4738 1776/3136/4739 1769/3116/4729 1787/3115/4728
f 1788/3099/4730 1756/3083/4727 1698/3063/4726
f 1946/3150/4734 1776/3136/4739 1798/3135/4738 1955/3151/4735
f 1998/3179/4713 2026/3178/4740 2047/3191/4710
f 2003/3165/4737 2017/3164/4736 2026/3178/4740 1998/3179/4713
f 2069/3207/3423 2038/3206/4741 2053/3220/3424
f 2047/3191/4710 2026/3178/4740 2038/3206/4741 2069/3207/3423
f 1591/3236/4671 2069/3207/3423 2040/3229/3422 2028/3237/4676
f 1728/3117/4732 1804/3152/4742 1818/3137/4743
f 1806/3118/4733 1728/3117/4732 1818/3137/4743
s 275
f 2025/4203/3072 1838/4199/2719 1832/4205/2706 2007/4207/3062
f 2008/4197/2763 1833/4193/2708 1838/4199/2719 2025/4203/3072
f 2007/4207/3062 1832/4205/2706 1829/4208/2694 1966/4211/2778
s 29
f 1591/3236/4671 2028/3237/4676 1990/3240/4667
f 1696/3221/4744 1585/3208/4745 1660/3230/4746
f 1688/3180/4747 1745/3181/3375 1791/3166/3374 1728/3117/4732
f 1800/3211/4748 1767/3210/4749 1890/3222/4675 1953/3223/4674
f 1792/3195/3377 1763/3194/3376 1767/3210/4749 1800/3211/4748
f 1728/3117/4732 1791/3166/3374 1804/3152/4742
f 1745/3181/3375 1688/3180/4747 1722/3193/4750
f 1722/3193/4750 1688/3180/4747 1585/3208/4745 1717/3209/4751
f 1717/3209/4751 1585/3208/4745 1696/3221/4744
f 2443/3291/4629 1406/3292/4630 1582/3276/4752 2459/3275/4626
f 1373/3246/4624 1661/3247/4623 1660/3230/4746 1599/3239/4753
f 2460/3264/4754 1359/3265/4755 1362/3245/4756 2461/3254/4757
f 2461/3254/4757 1314/3266/4758 1328/3277/4759 2460/3264/4754
f 2460/3264/4754 1328/3277/4759 1503/3293/4627 2459/3275/4626
f 2459/3275/4626 1582/3276/4752 1359/3265/4755 2460/3264/4754
f 1465/3238/4760 1362/3245/4756 1599/3239/4753
f 1296/3278/4605 1314/3266/4758 1465/3238/4760 1338/3279/4606
f 1465/3238/4760 1314/3266/4758 2461/3254/4757
f 2461/3254/4757 1362/3245/4756 1465/3238/4760
f 1465/3238/4760 1599/3239/4753 1660/3230/4746 1585/3208/4745
f 1404/3354/4761 2464/3330/4762 2463/3310/4763 1402/3332/4764
f 2464/3330/4762 1299/3331/4765 1297/3311/4766 2463/3310/4763
f 2463/3310/4763 1297/3311/4766 1296/3278/4605 2462/3294/4604
f 1402/3332/4764 2463/3310/4763 2462/3294/4604 1366/3312/4767
f 1462/3375/4611 2440/3352/4610 2464/3330/4762 1404/3354/4761
f 2440/3352/4610 1527/3353/4612 1299/3331/4765 2464/3330/4762
f 1366/3312/4767 2462/3294/4604 1338/3279/4606
f 1366/3312/4767 1338/3279/4606 1225/3333/4608 1335/3334/4768
f 1335/3334/4768 1225/3333/4608 1316/3355/4607
f 314/3419/4566 1252/3397/4565 1225/3333/4608 81/3420/4769
f 1216/3467/4568 1265/3468/4567 1248/3454/4770 1204/3453/4771
f 1204/3453/4771 1248/3454/4770 1247/3438/4564 1201/3437/4563
f 1225/3333/4608 1252/3397/4565 1317/3376/4609
s 1
f 1191/2051/1864 21/2044/24 4/2039/4 1195/2043/1890
f 52/2040/66 50/2048/55 79/2054/114 92/2047/127
f 1/2036/1 20/2045/23 50/2048/55 52/2040/66
s 29
f 54/3430/4772 81/3420/4769 80/3387/396 69/3408/395
f 314/3419/4566 81/3420/4769 53/3439/4773
f 53/3439/4773 81/3420/4769 54/3430/4772
f 219/3345/4774 190/3288/4489 270/3322/4491
f 191/3447/4526 132/3448/4525 125/3429/4775 160/3428/4776
f 160/3428/4776 125/3429/4775 124/3407/4528 161/3406/4527
f 164/3366/4529 190/3288/4489 219/3345/4774
f 2421/3320/4493 455/3344/4496 375/3321/4777 2465/3303/4494
f 164/3366/4529 104/3386/397 80/3387/396 190/3288/4489
f 2466/3286/4778 370/3304/4779 331/3287/4780 2467/3273/4781
f 452/3285/4782 2466/3286/4778 2467/3273/4781 453/3261/4783
f 451/3302/4495 2465/3303/4494 2466/3286/4778 452/3285/4782
f 2465/3303/4494 375/3321/4777 370/3304/4779 2466/3286/4778
f 2467/3273/4781 331/3287/4780 190/3288/4489 364/3262/4784
f 530/3244/4785 498/3228/4452 540/3235/4454
f 190/3288/4489 331/3287/4780 330/3305/4490
f 453/3261/4783 2467/3273/4781 364/3262/4784
s 24
f 236/2774/300 303/2780/406 248/2775/316 179/2770/235
f 262/2779/328 336/2784/450 303/2780/406 236/2774/300
f 179/2770/235 248/2775/316 167/2771/191 141/2768/184
s 62
f 463/3584/571 569/3589/752 525/3585/567 433/3582/539
f 642/3598/848 523/3593/654 546/3597/681 652/3602/762
f 642/3598/848 623/3594/830 504/3588/629 523/3593/654
s 29
f 453/3261/4783 364/3262/4784 498/3228/4452 485/3251/4786
f 485/3251/4786 498/3228/4452 530/3244/4785
f 645/3233/4787 580/3234/4788 579/3227/4453 646/3219/4789
f 782/3249/4456 737/3250/4455 588/3243/4790 647/3242/4791
f 647/3242/4791 588/3243/4790 580/3234/4788 645/3233/4787
f 646/3219/4789 579/3227/4453 498/3228/4452 594/3190/4792
f 748/3187/4793 736/3188/4794 727/3174/4795 739/3173/4796
f 740/3143/4797 720/3073/4798 751/3127/4799
f 594/3190/4792 684/3189/4800 683/3204/4801
f 594/3190/4792 683/3204/4801 646/3219/4789
f 671/3161/1750 691/3175/1752 684/3189/4800 594/3190/4792
f 973/3224/1747 914/3241/1749 927/3226/4802
f 973/3224/1747 518/3257/4439 902/3258/4442 901/3248/1748
s 89
f 644/3702/815 808/3707/1166 766/3703/838 622/3700/788
f 847/3716/1228 663/3711/851 677/3715/879 818/3720/1019
f 847/3716/1228 834/3712/1173 657/3706/843 663/3711/851
s 29
f 739/3173/4796 727/3174/4795 706/3160/1751 740/3143/4797
f 876/3202/4803 881/3203/4804 952/3217/4805 941/3218/4806
f 876/3202/4803 736/3188/4794 748/3187/4793 881/3203/4804
f 941/3218/4806 952/3217/4805 958/3225/4807 927/3226/4802
f 927/3226/4802 958/3225/4807 973/3224/1747
f 973/3224/1747 958/3225/4807 971/3216/4808 1002/3172/1811
f 1002/3172/1811 971/3216/4808 978/3199/4809
f 970/3185/1812 1002/3172/1811 978/3199/4809
f 740/3143/4797 706/3160/1751 671/3161/1750 720/3073/4798
f 751/3127/4799 720/3073/4798 755/3109/4810
f 720/3073/4798 752/3093/4811 755/3109/4810
s 101
f 735/3753/970 898/3759/1330 888/3754/1315 722/3749/951
f 723/3758/952 889/3763/1236 898/3759/1330 735/3753/970
f 722/3749/951 888/3754/1315 848/3750/1030 710/3747/932
s 29
f 874/3125/4812 882/3126/4813 749/3108/4814 731/3107/4815
f 940/3158/4816 957/3159/1810 951/3142/4817 933/3141/4818
f 933/3141/4818 951/3142/4817 882/3126/4813 874/3125/4812
f 1003/3171/4185 1002/3172/1811 957/3159/1810 940/3158/4816
f 1003/3171/4185 940/3158/4816 1172/3186/1813
f 731/3107/4815 749/3108/4814 742/3092/4819 717/3091/4820
f 384/3055/4821 741/3072/4822 720/3073/4798 660/3016/1726
f 717/3091/4820 742/3092/4819 741/3072/4822 384/3055/4821
f 720/3073/4798 741/3072/4822 752/3093/4811
f 674/2994/4823 581/2969/4824 635/2968/4825
f 384/3055/4821 660/3016/1726 391/3036/1725
f 673/3015/1727 660/3016/1726 581/2969/4824 674/2994/4823
f 587/2943/4826 635/2968/4825 581/2969/4824 479/2892/4827
f 340/2992/4228 636/2993/4227 635/2968/4825 587/2943/4826
f 774/3034/4229 639/3014/4226 344/3013/4225 743/3035/4230
f 2468/2915/4216 320/2942/4215 587/2943/4826 479/2892/4827
f 275/2891/4218 2468/2915/4216 479/2892/4827
f 526/2965/4828 2470/2966/4829 2469/2941/4213 278/2940/4217
f 2470/2966/4829 567/2991/4830 318/2967/4214 2469/2941/4213
f 332/2989/4234 2378/2990/4233 2470/2966/4829 526/2965/4828
f 2378/2990/4233 376/3012/4232 567/2991/4830 2470/2966/4829
f 895/3170/4831 910/3156/4187 953/3183/4186 908/3184/4196
f 1171/3106/4204 903/3140/4192 910/3156/4187 894/3157/4832
f 894/3157/4832 910/3156/4187 895/3170/4831
s 87
f 815/3691/1010 672/3688/866 659/3685/845 837/3687/1159
f 801/3679/1144 633/3675/798 607/3670/774 760/3674/833
f 826/3683/1160 655/3681/837 633/3675/798 801/3679/1144
s 29
f 275/2891/4218 479/2892/4827 342/2862/4692 464/2876/4688
f 595/3030/4242 315/2988/4243 586/3009/4235
f 2380/3032/1767 696/3051/1799 2375/3068/1798
f 680/3050/4241 353/3031/1766 315/2988/4243 595/3030/4242
f 165/2836/4694 177/2835/4294 225/2843/4695
f 1233/2834/4703 163/2832/4702 63/2828/211
f 1235/2839/4381 1348/2858/4709 1347/2852/4382
s 465
f 2471/5239/4833 2472/5240/4834 2474/1703/4835 2473/1706/4836
f 2473/1706/4836 2474/1703/4835 2476/1702/4837 2475/1707/4838
f 2475/1707/4838 2476/1702/4837 2478/5241/4839 2477/5242/4840
f 2472/1700/4841 2478/1701/4842 2476/1702/4837 2474/1703/4835
f 2477/1704/4843 2471/1705/4844 2473/1706/4836 2475/1707/4838
s 466
f 2479/5243/4845 2480/5244/4846 2482/1711/4847 2481/1714/4848
f 2481/1714/4848 2482/1711/4847 2484/1710/4849 2483/1715/4850
f 2483/1715/4850 2484/1710/4849 2486/5245/4851 2485/5246/4852
f 2480/1708/4853 2486/1709/4854 2484/1710/4849 2482/1711/4847
f 2485/1712/4855 2479/1713/4856 2481/1714/4848 2483/1715/4850
s 467
f 2487/5247/4857 2489/1722/4858 2490/1717/4859 2488/5248/4860
f 2489/1722/4858 2491/1721/4861 2492/1718/4862 2490/1717/4859
f 2491/1721/4861 2493/5249/4863 2494/5250/4864 2492/1718/4862
f 2488/1716/4865 2490/1717/4859 2492/1718/4862 2494/1719/4866
f 2493/1720/4867 2491/1721/4861 2489/1722/4858 2487/1723/4868
s 468
f 2495/5251/4869 2497/1730/4870 2498/1725/4871 2496/5252/4872
f 2497/1730/4870 2499/1729/4873 2500/1726/4874 2498/1725/4871
f 2499/1729/4873 2501/5253/4875 2502/5254/4876 2500/1726/4874
f 2496/1724/4877 2498/1725/4871 2500/1726/4874 2502/1727/4878
f 2501/1728/4879 2499/1729/4873 2497/1730/4870 2495/1731/4880
s 469
f 2503/5255/4881 2505/1738/4882 2506/1733/4883 2504/5256/4884
f 2505/1738/4882 2507/1737/4885 2508/1734/4886 2506/1733/4883
f 2507/1737/4885 2509/5257/4887 2510/5258/4888 2508/1734/4886
f 2504/1732/4889 2506/1733/4883 2508/1734/4886 2510/1735/4890
f 2509/1736/4891 2507/1737/4885 2505/1738/4882 2503/1739/4892
s 470
f 2511/5259/4893 2513/1746/4894 2514/1741/4895 2512/5260/4896
f 2513/1746/4894 2515/1745/4897 2516/1742/4898 2514/1741/4895
f 2515/1745/4897 2517/5261/4899 2518/5262/4900 2516/1742/4898
f 2512/1740/4901 2514/1741/4895 2516/1742/4898 2518/1743/4902
f 2517/1744/4903 2515/1745/4897 2513/1746/4894 2511/1747/4904
s 471
f 2519/5263/4905 2520/5264/4906 2522/1751/4907 2521/1754/4908
f 2521/1754/4908 2522/1751/4907 2524/1750/4909 2523/1755/4910
f 2523/1755/4910 2524/1750/4909 2526/5265/4911 2525/5266/4912
f 2520/1748/4913 2526/1749/4914 2524/1750/4909 2522/1751/4907
f 2525/1752/4915 2519/1753/4916 2521/1754/4908 2523/1755/4910
s 472
f 2527/5267/4917 2528/5268/4918 2530/1759/4919 2529/1762/4920
f 2529/1762/4920 2530/1759/4919 2532/1758/4921 2531/1763/4922
f 2531/1763/4922 2532/1758/4921 2534/5269/4923 2533/5270/4924
f 2528/1756/4925 2534/1757/4926 2532/1758/4921 2530/1759/4919
f 2533/1760/4927 2527/1761/4928 2529/1762/4920 2531/1763/4922
s 473
f 2535/5271/4929 2537/1770/4930 2538/1765/4931 2536/5272/4932
f 2537/1770/4930 2539/1769/4933 2540/1766/4934 2538/1765/4931
f 2539/1769/4933 2541/5273/4935 2542/5274/4936 2540/1766/4934
f 2536/1764/4937 2538/1765/4931 2540/1766/4934 2542/1767/4938
f 2541/1768/4939 2539/1769/4933 2537/1770/4930 2535/1771/4940
s 474
f 2543/5275/4941 2545/1778/4942 2546/1773/4943 2544/5276/4944
f 2545/1778/4942 2547/1777/4945 2548/1774/4946 2546/1773/4943
f 2547/1777/4945 2549/5277/4947 2550/5278/4948 2548/1774/4946
f 2544/1772/4949 2546/1773/4943 2548/1774/4946 2550/1775/4950
f 2549/1776/4951 2547/1777/4945 2545/1778/4942 2543/1779/4952
s 475
f 2551/5279/4953 2552/5280/4954 2554/1783/4955 2553/1786/4956
f 2553/1786/4956 2554/1783/4955 2556/1782/4957 2555/1787/4958
f 2555/1787/4958 2556/1782/4957 2558/5281/4959 2557/5282/4960
f 2552/1780/4961 2558/1781/4962 2556/1782/4957 2554/1783/4955
f 2557/1784/4963 2551/1785/4964 2553/1786/4956 2555/1787/4958
s 476
f 2559/5735/4965 2560/5408/4966 2562/4377/4967 2561/4376/4968
f 2561/4376/4968 2562/4377/4967 2564/4378/4969 2563/4379/4970
f 2563/4379/4970 2564/4378/4969 2566/5411/4971 2565/5412/4972
f 2560/5734/4973 2566/5409/4974 2564/4378/4969 2562/4377/4967
f 2565/5410/4975 2559/5407/4976 2561/4376/4968 2563/4379/4970
s 477
f 2567/5737/4977 2568/5414/4978 2570/4381/4979 2569/4380/4980
f 2569/4380/4980 2570/4381/4979 2572/4382/4981 2571/4383/4982
f 2571/4383/4982 2572/4382/4981 2574/5417/4983 2573/5418/4984
f 2568/5736/4985 2574/5415/4986 2572/4382/4981 2570/4381/4979
f 2573/5416/4987 2567/5413/4988 2569/4380/4980 2571/4383/4982
s 478
f 2575/5419/4989 2577/4384/4990 2578/4387/4991 2576/5733/4992
f 2577/4384/4990 2579/4385/4993 2580/4386/4994 2578/4387/4991
f 2579/4385/4993 2581/5423/4995 2582/5424/4996 2580/4386/4994
f 2576/5420/4997 2578/4387/4991 2580/4386/4994 2582/5422/4998
f 2581/5421/4999 2579/4385/4993 2577/4384/4990 2575/5732/5000
s 479
f 2583/5425/5001 2585/4388/5002 2586/4391/5003 2584/5731/5004
f 2585/4388/5002 2587/4389/5005 2588/4390/5006 2586/4391/5003
f 2587/4389/5005 2589/5429/5007 2590/5430/5008 2588/4390/5006
f 2584/5426/5009 2586/4391/5003 2588/4390/5006 2590/5428/5010
f 2589/5427/5011 2587/4389/5005 2585/4388/5002 2583/5730/5012
s 480
f 2591/5729/5013 2592/5432/5014 2594/4393/5015 2593/4392/5016
f 2593/4392/5016 2594/4393/5015 2596/4394/5017 2595/4395/5018
f 2595/4395/5018 2596/4394/5017 2598/5435/5019 2597/5436/5020
f 2592/5728/5021 2598/5433/5022 2596/4394/5017 2594/4393/5015
f 2597/5434/5023 2591/5431/5024 2593/4392/5016 2595/4395/5018
s 481
f 2599/5725/5025 2600/5438/5026 2602/4397/5027 2601/4396/5028
f 2601/4396/5028 2602/4397/5027 2604/4398/5029 2603/4399/5030
f 2603/4399/5030 2604/4398/5029 2606/5441/5031 2605/5442/5032
f 2600/5724/5033 2606/5439/5034 2604/4398/5029 2602/4397/5027
f 2605/5440/5035 2599/5437/5036 2601/4396/5028 2603/4399/5030
s 482
f 2607/5727/5037 2608/5444/5038 2610/4401/5039 2609/4400/5040
f 2609/4400/5040 2610/4401/5039 2612/4402/5041 2611/4403/5042
f 2611/4403/5042 2612/4402/5041 2614/5447/5043 2613/5448/5044
f 2608/5726/5045 2614/5445/5046 2612/4402/5041 2610/4401/5039
f 2613/5446/5047 2607/5443/5048 2609/4400/5040 2611/4403/5042
s 483
f 2615/5449/5049 2617/4404/5050 2618/4407/5051 2616/5723/5052
f 2617/4404/5050 2619/4405/5053 2620/4406/5054 2618/4407/5051
f 2619/4405/5053 2621/5453/5055 2622/5454/5056 2620/4406/5054
f 2616/5450/5057 2618/4407/5051 2620/4406/5054 2622/5452/5058
f 2621/5451/5059 2619/4405/5053 2617/4404/5050 2615/5722/5060
s 484
f 2623/5455/5061 2625/4408/5062 2626/4411/5063 2624/5721/5064
f 2625/4408/5062 2627/4409/5065 2628/4410/5066 2626/4411/5063
f 2627/4409/5065 2629/5459/5067 2630/5460/5068 2628/4410/5066
f 2624/5456/5069 2626/4411/5063 2628/4410/5066 2630/5458/5070
f 2629/5457/5071 2627/4409/5065 2625/4408/5062 2623/5720/5072
s 485
f 2631/1788/5073 2632/1789/5074 2634/1790/5075 2633/1791/5076
f 2633/1791/5076 2634/1790/5075 2636/1793/5077 2635/1792/5078
f 2635/1792/5078 2636/1793/5077 2638/1794/5079 2637/1795/5080
f 2632/5283/5081 2638/5284/5082 2636/1793/5077 2634/1790/5075
f 2637/5285/5083 2631/5286/5084 2633/1791/5076 2635/1792/5078
s 486
f 2639/1796/5085 2640/1797/5086 2642/1798/5087 2641/1799/5088
f 2641/1799/5088 2642/1798/5087 2644/1801/5089 2643/1800/5090
f 2643/1800/5090 2644/1801/5089 2646/1802/5091 2645/1803/5092
f 2640/5287/5093 2646/5288/5094 2644/1801/5089 2642/1798/5087
f 2645/5289/5095 2639/5290/5096 2641/1799/5088 2643/1800/5090
s 487
f 2647/1804/5097 2648/1805/5098 2650/1806/5099 2649/1807/5100
f 2649/1807/5100 2650/1806/5099 2652/1809/5101 2651/1808/5102
f 2651/1808/5102 2652/1809/5101 2654/1810/5103 2653/1811/5104
f 2648/5291/5105 2654/5292/5106 2652/1809/5101 2650/1806/5099
f 2653/5293/5107 2647/5294/5108 2649/1807/5100 2651/1808/5102
s 488
f 2655/1812/5109 2657/1813/5110 2658/1814/5111 2656/1815/5112
f 2657/1813/5110 2659/1816/5113 2660/1819/5114 2658/1814/5111
f 2659/1816/5113 2661/1817/5115 2662/1818/5116 2660/1819/5114
f 2656/5295/5117 2658/1814/5111 2660/1819/5114 2662/5296/5118
f 2661/5297/5119 2659/1816/5113 2657/1813/5110 2655/5298/5120
s 489
f 2663/1820/5121 2665/1821/5122 2666/1822/5123 2664/1823/5124
f 2665/1821/5122 2667/1824/5125 2668/1827/5126 2666/1822/5123
f 2667/1824/5125 2669/1825/5127 2670/1826/5128 2668/1827/5126
f 2664/5299/5129 2666/1822/5123 2668/1827/5126 2670/5300/5130
f 2669/5301/5131 2667/1824/5125 2665/1821/5122 2663/5302/5132
s 490
f 2671/1828/5133 2672/1829/5134 2674/1830/5135 2673/1831/5136
f 2673/1831/5136 2674/1830/5135 2676/1833/5137 2675/1832/5138
f 2675/1832/5138 2676/1833/5137 2678/1834/5139 2677/1835/5140
f 2672/5303/5141 2678/5304/5142 2676/1833/5137 2674/1830/5135
f 2677/5305/5143 2671/5306/5144 2673/1831/5136 2675/1832/5138
s 491
f 2679/1836/5145 2680/1837/5146 2682/1838/5147 2681/1839/5148
f 2681/1839/5148 2682/1838/5147 2684/1841/5149 2683/1840/5150
f 2683/1840/5150 2684/1841/5149 2686/1842/5151 2685/1843/5152
f 2680/5307/5153 2686/5308/5154 2684/1841/5149 2682/1838/5147
f 2685/5309/5155 2679/5310/5156 2681/1839/5148 2683/1840/5150
s 492
f 2687/1844/5157 2688/1845/5158 2690/1846/5159 2689/1847/5160
f 2689/1847/5160 2690/1846/5159 2692/1849/5161 2691/1848/5162
f 2691/1848/5162 2692/1849/5161 2694/1850/5163 2693/1851/5164
f 2688/5311/5165 2694/5312/5166 2692/1849/5161 2690/1846/5159
f 2693/5313/5167 2687/5314/5168 2689/1847/5160 2691/1848/5162
s 493
f 2695/1852/5169 2697/1853/5170 2698/1854/5171 2696/1855/5172
f 2697/1853/5170 2699/1856/5173 2700/1859/5174 2698/1854/5171
f 2699/1856/5173 2701/1857/5175 2702/1858/5176 2700/1859/5174
f 2696/5315/5177 2698/1854/5171 2700/1859/5174 2702/5316/5178
f 2701/5317/5179 2699/1856/5173 2697/1853/5170 2695/5318/5180
s 494
f 2703/1860/5181 2705/1861/5182 2706/1862/5183 2704/1863/5184
f 2705/1861/5182 2707/1864/5185 2708/1867/5186 2706/1862/5183
f 2707/1864/5185 2709/1865/5187 2710/1866/5188 2708/1867/5186
f 2704/5319/5189 2706/1862/5183 2708/1867/5186 2710/5320/5190
f 2709/5321/5191 2707/1864/5185 2705/1861/5182 2703/5322/5192
s 495
f 2711/1868/5193 2712/1869/5194 2714/1870/5195 2713/1871/5196
f 2713/1871/5196 2714/1870/5195 2716/1873/5197 2715/1872/5198
f 2715/1872/5198 2716/1873/5197 2718/1874/5199 2717/1875/5200
f 2712/5323/5201 2718/5324/5202 2716/1873/5197 2714/1870/5195
f 2717/5325/5203 2711/5326/5204 2713/1871/5196 2715/1872/5198
s 496
f 2719/5719/5205 2720/5462/5206 2722/4413/5207 2721/4412/5208
f 2721/4412/5208 2722/4413/5207 2724/4414/5209 2723/4415/5210
f 2723/4415/5210 2724/4414/5209 2726/5465/5211 2725/5466/5212
f 2720/5718/5213 2726/5463/5214 2724/4414/5209 2722/4413/5207
f 2725/5464/5215 2719/5461/5216 2721/4412/5208 2723/4415/5210
s 497
f 2727/5717/5217 2728/5468/5218 2730/4417/5219 2729/4416/5220
f 2729/4416/5220 2730/4417/5219 2732/4418/5221 2731/4419/5222
f 2731/4419/5222 2732/4418/5221 2734/5471/5223 2733/5472/5224
f 2728/5716/5225 2734/5469/5226 2732/4418/5221 2730/4417/5219
f 2733/5470/5227 2727/5467/5228 2729/4416/5220 2731/4419/5222
s 498
f 2735/5473/5229 2737/4420/5230 2738/4423/5231 2736/5707/5232
f 2737/4420/5230 2739/4421/5233 2740/4422/5234 2738/4423/5231
f 2739/4421/5233 2741/5477/5235 2742/5478/5236 2740/4422/5234
f 2736/5474/5237 2738/4423/5231 2740/4422/5234 2742/5476/5238
f 2741/5475/5239 2739/4421/5233 2737/4420/5230 2735/5706/5240
s 499
f 2743/5479/5241 2745/4424/5242 2746/4427/5243 2744/5709/5244
f 2745/4424/5242 2747/4425/5245 2748/4426/5246 2746/4427/5243
f 2747/4425/5245 2749/5483/5247 2750/5484/5248 2748/4426/5246
f 2744/5480/5249 2746/4427/5243 2748/4426/5246 2750/5482/5250
f 2749/5481/5251 2747/4425/5245 2745/4424/5242 2743/5708/5252
s 500
f 2751/5711/5253 2752/5486/5254 2754/4429/5255 2753/4428/5256
f 2753/4428/5256 2754/4429/5255 2756/4430/5257 2755/4431/5258
f 2755/4431/5258 2756/4430/5257 2758/5489/5259 2757/5490/5260
f 2752/5710/5261 2758/5487/5262 2756/4430/5257 2754/4429/5255
f 2757/5488/5263 2751/5485/5264 2753/4428/5256 2755/4431/5258
s 501
f 2759/5713/5265 2760/5492/5266 2762/4433/5267 2761/4432/5268
f 2761/4432/5268 2762/4433/5267 2764/4434/5269 2763/4435/5270
f 2763/4435/5270 2764/4434/5269 2766/5495/5271 2765/5496/5272
f 2760/5712/5273 2766/5493/5274 2764/4434/5269 2762/4433/5267
f 2765/5494/5275 2759/5491/5276 2761/4432/5268 2763/4435/5270
s 502
f 2767/5715/5277 2768/5498/5278 2770/4437/5279 2769/4436/5280
f 2769/4436/5280 2770/4437/5279 2772/4438/5281 2771/4439/5282
f 2771/4439/5282 2772/4438/5281 2774/5501/5283 2773/5502/5284
f 2768/5714/5285 2774/5499/5286 2772/4438/5281 2770/4437/5279
f 2773/5500/5287 2767/5497/5288 2769/4436/5280 2771/4439/5282
s 503
f 2775/5503/5289 2777/4440/5290 2778/4443/5291 2776/5703/5292
f 2777/4440/5290 2779/4441/5293 2780/4442/5294 2778/4443/5291
f 2779/4441/5293 2781/5507/5295 2782/5508/5296 2780/4442/5294
f 2776/5504/5297 2778/4443/5291 2780/4442/5294 2782/5506/5298
f 2781/5505/5299 2779/4441/5293 2777/4440/5290 2775/5702/5300
s 504
f 2783/5509/5301 2785/4444/5302 2786/4447/5303 2784/5705/5304
f 2785/4444/5302 2787/4445/5305 2788/4446/5306 2786/4447/5303
f 2787/4445/5305 2789/5513/5307 2790/5514/5308 2788/4446/5306
f 2784/5510/5309 2786/4447/5303 2788/4446/5306 2790/5512/5310
f 2789/5511/5311 2787/4445/5305 2785/4444/5302 2783/5704/5312
s 505
f 2791/5327/5313 2792/5328/5314 2794/1879/5315 2793/1882/5316
f 2793/1882/5316 2794/1879/5315 2796/1878/5317 2795/1883/5318
f 2795/1883/5318 2796/1878/5317 2798/5329/5319 2797/5330/5320
f 2792/1876/5321 2798/1877/5322 2796/1878/5317 2794/1879/5315
f 2797/1880/5323 2791/1881/5324 2793/1882/5316 2795/1883/5318
s 506
f 2799/5331/5325 2800/5332/5326 2802/1887/5327 2801/1890/5328
f 2801/1890/5328 2802/1887/5327 2804/1886/5329 2803/1891/5330
f 2803/1891/5330 2804/1886/5329 2806/5333/5331 2805/5334/5332
f 2800/1884/5333 2806/1885/5334 2804/1886/5329 2802/1887/5327
f 2805/1888/5335 2799/1889/5336 2801/1890/5328 2803/1891/5330
s 507
f 2807/5335/5337 2808/5336/5338 2810/1895/5339 2809/1898/5340
f 2809/1898/5340 2810/1895/5339 2812/1894/5341 2811/1899/5342
f 2811/1899/5342 2812/1894/5341 2814/5337/5343 2813/5338/5344
f 2808/1892/5345 2814/1893/5346 2812/1894/5341 2810/1895/5339
f 2813/1896/5347 2807/1897/5348 2809/1898/5340 2811/1899/5342
s 508
f 2815/5339/5349 2817/1906/5350 2818/1901/5351 2816/5340/5352
f 2817/1906/5350 2819/1905/5353 2820/1902/5354 2818/1901/5351
f 2819/1905/5353 2821/5341/5355 2822/5342/5356 2820/1902/5354
f 2816/1900/5357 2818/1901/5351 2820/1902/5354 2822/1903/5358
f 2821/1904/5359 2819/1905/5353 2817/1906/5350 2815/1907/5360
s 509
f 2823/5343/5361 2825/1914/5362 2826/1909/5363 2824/5344/5364
f 2825/1914/5362 2827/1913/5365 2828/1910/5366 2826/1909/5363
f 2827/1913/5365 2829/5345/5367 2830/5346/5368 2828/1910/5366
f 2824/1908/5369 2826/1909/5363 2828/1910/5366 2830/1911/5370
f 2829/1912/5371 2827/1913/5365 2825/1914/5362 2823/1915/5372
s 510
f 2831/5347/5373 2832/5348/5374 2834/1919/5375 2833/1922/5376
f 2833/1922/5376 2834/1919/5375 2836/1918/5377 2835/1923/5378
f 2835/1923/5378 2836/1918/5377 2838/5349/5379 2837/5350/5380
f 2832/1916/5381 2838/1917/5382 2836/1918/5377 2834/1919/5375
f 2837/1920/5383 2831/1921/5384 2833/1922/5376 2835/1923/5378
s 511
f 2839/5701/5385 2840/5516/5386 2842/4449/5387 2841/4448/5388
f 2841/4448/5388 2842/4449/5387 2844/4450/5389 2843/4451/5390
f 2843/4451/5390 2844/4450/5389 2846/5519/5391 2845/5520/5392
f 2840/5700/5393 2846/5517/5394 2844/4450/5389 2842/4449/5387
f 2845/5518/5395 2839/5515/5396 2841/4448/5388 2843/4451/5390
s 512
f 2847/5699/5397 2848/5522/5398 2850/4453/5399 2849/4452/5400
f 2849/4452/5400 2850/4453/5399 2852/4454/5401 2851/4455/5402
f 2851/4455/5402 2852/4454/5401 2854/5525/5403 2853/5526/5404
f 2848/5698/5405 2854/5523/5406 2852/4454/5401 2850/4453/5399
f 2853/5524/5407 2847/5521/5408 2849/4452/5400 2851/4455/5402
s 513
f 2855/5527/5409 2857/4456/5410 2858/4459/5411 2856/5769/5412
f 2857/4456/5410 2859/4457/5413 2860/4458/5414 2858/4459/5411
f 2859/4457/5413 2861/5531/5415 2862/5532/5416 2860/4458/5414
f 2856/5528/5417 2858/4459/5411 2860/4458/5414 2862/5530/5418
f 2861/5529/5419 2859/4457/5413 2857/4456/5410 2855/5768/5420
s 514
f 2863/5533/5421 2865/4460/5422 2866/4463/5423 2864/5767/5424
f 2865/4460/5422 2867/4461/5425 2868/4462/5426 2866/4463/5423
f 2867/4461/5425 2869/5537/5427 2870/5538/5428 2868/4462/5426
f 2864/5534/5429 2866/4463/5423 2868/4462/5426 2870/5536/5430
f 2869/5535/5431 2867/4461/5425 2865/4460/5422 2863/5766/5432
s 515
f 2871/5765/5433 2872/5540/5434 2874/4465/5435 2873/4464/5436
f 2873/4464/5436 2874/4465/5435 2876/4466/5437 2875/4467/5438
f 2875/4467/5438 2876/4466/5437 2878/5543/5439 2877/5544/5440
f 2872/5764/5441 2878/5541/5442 2876/4466/5437 2874/4465/5435
f 2877/5542/5443 2871/5539/5444 2873/4464/5436 2875/4467/5438
s 516
f 2879/5761/5445 2880/5546/5446 2882/4469/5447 2881/4468/5448
f 2881/4468/5448 2882/4469/5447 2884/4470/5449 2883/4471/5450
f 2883/4471/5450 2884/4470/5449 2886/5549/5451 2885/5550/5452
f 2880/5760/5453 2886/5547/5454 2884/4470/5449 2882/4469/5447
f 2885/5548/5455 2879/5545/5456 2881/4468/5448 2883/4471/5450
s 517
f 2887/5763/5457 2888/5552/5458 2890/4473/5459 2889/4472/5460
f 2889/4472/5460 2890/4473/5459 2892/4474/5461 2891/4475/5462
f 2891/4475/5462 2892/4474/5461 2894/5555/5463 2893/5556/5464
f 2888/5762/5465 2894/5553/5466 2892/4474/5461 2890/4473/5459
f 2893/5554/5467 2887/5551/5468 2889/4472/5460 2891/4475/5462
s 518
f 2895/5557/5469 2897/4476/5470 2898/4479/5471 2896/5757/5472
f 2897/4476/5470 2899/4477/5473 2900/4478/5474 2898/4479/5471
f 2899/4477/5473 2901/5561/5475 2902/5562/5476 2900/4478/5474
f 2896/5558/5477 2898/4479/5471 2900/4478/5474 2902/5560/5478
f 2901/5559/5479 2899/4477/5473 2897/4476/5470 2895/5756/5480
s 519
f 2903/5563/5481 2905/4480/5482 2906/4483/5483 2904/5759/5484
f 2905/4480/5482 2907/4481/5485 2908/4482/5486 2906/4483/5483
f 2907/4481/5485 2909/5567/5487 2910/5568/5488 2908/4482/5486
f 2904/5564/5489 2906/4483/5483 2908/4482/5486 2910/5566/5490
f 2909/5565/5491 2907/4481/5485 2905/4480/5482 2903/5758/5492
s 520
f 2911/1924/5493 2912/1925/5494 2914/1926/5495 2913/1927/5496
f 2913/1927/5496 2914/1926/5495 2916/1929/5497 2915/1928/5498
f 2915/1928/5498 2916/1929/5497 2918/1930/5499 2917/1931/5500
f 2912/5351/5501 2918/5352/5502 2916/1929/5497 2914/1926/5495
f 2917/5353/5503 2911/5354/5504 2913/1927/5496 2915/1928/5498
s 521
f 2919/1932/5505 2920/1933/5506 2922/1934/5507 2921/1935/5508
f 2921/1935/5508 2922/1934/5507 2924/1937/5509 2923/1936/5510
f 2923/1936/5510 2924/1937/5509 2926/1938/5511 2925/1939/5512
f 2920/5355/5513 2926/5356/5514 2924/1937/5509 2922/1934/5507
f 2925/5357/5515 2919/5358/5516 2921/1935/5508 2923/1936/5510
s 522
f 2927/1940/5517 2928/1941/5518 2930/1942/5519 2929/1943/5520
f 2929/1943/5520 2930/1942/5519 2932/1945/5521 2931/1944/5522
f 2931/1944/5522 2932/1945/5521 2934/1946/5523 2933/1947/5524
f 2928/5359/5525 2934/5360/5526 2932/1945/5521 2930/1942/5519
f 2933/5361/5527 2927/5362/5528 2929/1943/5520 2931/1944/5522
s 523
f 2935/1948/5529 2937/1949/5530 2938/1950/5531 2936/1951/5532
f 2937/1949/5530 2939/1952/5533 2940/1955/5534 2938/1950/5531
f 2939/1952/5533 2941/1953/5535 2942/1954/5536 2940/1955/5534
f 2936/5363/5537 2938/1950/5531 2940/1955/5534 2942/5364/5538
f 2941/5365/5539 2939/1952/5533 2937/1949/5530 2935/5366/5540
s 524
f 2943/1956/5541 2945/1957/5542 2946/1958/5543 2944/1959/5544
f 2945/1957/5542 2947/1960/5545 2948/1963/5546 2946/1958/5543
f 2947/1960/5545 2949/1961/5547 2950/1962/5548 2948/1963/5546
f 2944/5367/5549 2946/1958/5543 2948/1963/5546 2950/5368/5550
f 2949/5369/5551 2947/1960/5545 2945/1957/5542 2943/5370/5552
s 525
f 2951/1964/5553 2952/1965/5554 2954/1966/5555 2953/1967/5556
f 2953/1967/5556 2954/1966/5555 2956/1969/5557 2955/1968/5558
f 2955/1968/5558 2956/1969/5557 2958/1970/5559 2957/1971/5560
f 2952/5371/5561 2958/5372/5562 2956/1969/5557 2954/1966/5555
f 2957/5373/5563 2951/5374/5564 2953/1967/5556 2955/1968/5558
s 526
f 2959/1972/5565 2960/1973/5566 2962/1974/5567 2961/1975/5568
f 2961/1975/5568 2962/1974/5567 2964/1977/5569 2963/1976/5570
f 2963/1976/5570 2964/1977/5569 2966/1978/5571 2965/1979/5572
f 2960/5375/5573 2966/5376/5574 2964/1977/5569 2962/1974/5567
f 2965/5377/5575 2959/5378/5576 2961/1975/5568 2963/1976/5570
s 527
f 2967/1980/5577 2968/1981/5578 2970/1982/5579 2969/1983/5580
f 2969/1983/5580 2970/1982/5579 2972/1985/5581 2971/1984/5582
f 2971/1984/5582 2972/1985/5581 2974/1986/5583 2973/1987/5584
f 2968/5379/5585 2974/5380/5586 2972/1985/5581 2970/1982/5579
f 2973/5381/5587 2967/5382/5588 2969/1983/5580 2971/1984/5582
s 528
f 2975/1988/5589 2977/1989/5590 2978/1990/5591 2976/1991/5592
f 2977/1989/5590 2979/1992/5593 2980/1995/5594 2978/1990/5591
f 2979/1992/5593 2981/1993/5595 2982/1994/5596 2980/1995/5594
f 2976/5383/5597 2978/1990/5591 2980/1995/5594 2982/5384/5598
f 2981/5385/5599 2979/1992/5593 2977/1989/5590 2975/5386/5600
s 529
f 2983/1996/5601 2985/1997/5602 2986/1998/5603 2984/1999/5604
f 2985/1997/5602 2987/2000/5605 2988/2003/5606 2986/1998/5603
f 2987/2000/5605 2989/2001/5607 2990/2002/5608 2988/2003/5606
f 2984/5387/5609 2986/1998/5603 2988/2003/5606 2990/5388/5610
f 2989/5389/5611 2987/2000/5605 2985/1997/5602 2983/5390/5612
s 530
f 2991/2004/5613 2992/2005/5614 2994/2006/5615 2993/2007/5616
f 2993/2007/5616 2994/2006/5615 2996/2009/5617 2995/2008/5618
f 2995/2008/5618 2996/2009/5617 2998/2010/5619 2997/2011/5620
f 2992/5391/5621 2998/5392/5622 2996/2009/5617 2994/2006/5615
f 2997/5393/5623 2991/5394/5624 2993/2007/5616 2995/2008/5618
s 531
f 2999/5753/5625 3000/5570/5626 3002/4485/5627 3001/4484/5628
f 3001/4484/5628 3002/4485/5627 3004/4486/5629 3003/4487/5630
f 3003/4487/5630 3004/4486/5629 3006/5573/5631 3005/5574/5632
f 3000/5752/5633 3006/5571/5634 3004/4486/5629 3002/4485/5627
f 3005/5572/5635 2999/5569/5636 3001/4484/5628 3003/4487/5630
s 532
f 3007/5755/5637 3008/5576/5638 3010/4489/5639 3009/4488/5640
f 3009/4488/5640 3010/4489/5639 3012/4490/5641 3011/4491/5642
f 3011/4491/5642 3012/4490/5641 3014/5579/5643 3013/5580/5644
f 3008/5754/5645 3014/5577/5646 3012/4490/5641 3010/4489/5639
f 3013/5578/5647 3007/5575/5648 3009/4488/5640 3011/4491/5642
s 533
f 3015/5581/5649 3017/4492/5650 3018/4495/5651 3016/5751/5652
f 3017/4492/5650 3019/4493/5653 3020/4494/5654 3018/4495/5651
f 3019/4493/5653 3021/5585/5655 3022/5586/5656 3020/4494/5654
f 3016/5582/5657 3018/4495/5651 3020/4494/5654 3022/5584/5658
f 3021/5583/5659 3019/4493/5653 3017/4492/5650 3015/5750/5660
s 534
f 3023/5587/5661 3025/4496/5662 3026/4499/5663 3024/5747/5664
f 3025/4496/5662 3027/4497/5665 3028/4498/5666 3026/4499/5663
f 3024/5588/5667 3026/4499/5663 3028/4498/5666 3030/5590/5668
f 3029/5589/5669 3027/4497/5665 3025/4496/5662 3023/5746/5670
s 535
f 3031/5745/5671 3032/5592/5672 3034/4501/5673 3033/4500/5674
f 3033/4500/5674 3034/4501/5673 3036/4502/5675 3035/4503/5676
f 3035/4503/5676 3036/4502/5675 3038/5595/5677 3037/5596/5678
f 3032/5744/5679 3038/5593/5680 3036/4502/5675 3034/4501/5673
f 3037/5594/5681 3031/5591/5682 3033/4500/5674 3035/4503/5676
s 536
f 3039/5743/5683 3040/5598/5684 3042/4505/5685 3041/4504/5686
f 3041/4504/5686 3042/4505/5685 3044/4506/5687 3043/4507/5688
f 3043/4507/5688 3044/4506/5687 3046/5601/5689 3045/5602/5690
f 3040/5742/5691 3046/5599/5692 3044/4506/5687 3042/4505/5685
f 3045/5600/5693 3039/5597/5694 3041/4504/5686 3043/4507/5688
s 537
f 3047/5749/5695 3048/5604/5696 3050/4509/5697 3049/4508/5698
f 3049/4508/5698 3050/4509/5697 3052/4510/5699 3051/4511/5700
f 3051/4511/5700 3052/4510/5699 3054/5607/5701 3053/5608/5702
f 3048/5748/5703 3054/5605/5704 3052/4510/5699 3050/4509/5697
f 3053/5606/5705 3047/5603/5706 3049/4508/5698 3051/4511/5700
s 538
f 3055/5609/5707 3057/4512/5708 3058/4515/5709 3056/5741/5710
f 3057/4512/5708 3059/4513/5711 3060/4514/5712 3058/4515/5709
f 3059/4513/5711 3061/5613/5713 3062/5614/5714 3060/4514/5712
f 3056/5610/5715 3058/4515/5709 3060/4514/5712 3062/5612/5716
f 3061/5611/5717 3059/4513/5711 3057/4512/5708 3055/5740/5718
s 539
f 3063/5615/5719 3065/4516/5720 3066/4519/5721 3064/5739/5722
f 3065/4516/5720 3067/4517/5723 3068/4518/5724 3066/4519/5721
f 3067/4517/5723 3069/5619/5725 3070/5620/5726 3068/4518/5724
f 3064/5616/5727 3066/4519/5721 3068/4518/5724 3070/5618/5728
f 3069/5617/5729 3067/4517/5723 3065/4516/5720 3063/5738/5730
s 540
f 3071/5395/5731 3072/5396/5732 3074/2015/5733 3073/2018/5734
f 3073/2018/5734 3074/2015/5733 3076/2014/5735 3075/2019/5736
f 3075/2019/5736 3076/2014/5735 3078/5397/5737 3077/5398/5738
f 3072/2012/5739 3078/2013/5740 3076/2014/5735 3074/2015/5733
f 3077/2016/5741 3071/2017/5742 3073/2018/5734 3075/2019/5736
s 541
f 3079/5399/5743 3080/5400/5744 3082/2023/5745 3081/2026/5746
f 3081/2026/5746 3082/2023/5745 3084/2022/5747 3083/2027/5748
f 3083/2027/5748 3084/2022/5747 3086/5401/5749 3085/5402/5750
f 3080/2020/5751 3086/2021/5752 3084/2022/5747 3082/2023/5745
f 3085/2024/5753 3079/2025/5754 3081/2026/5746 3083/2027/5748
s 542
f 3087/5403/5755 3088/5404/5756 3090/2031/5757 3089/2034/5758
f 3089/2034/5758 3090/2031/5757 3092/2030/5759 3091/2035/5760
f 3091/2035/5760 3092/2030/5759 3094/5405/5761 3093/5406/5762
f 3088/2028/5763 3094/2029/5764 3092/2030/5759 3090/2031/5757
f 3093/2032/5765 3087/2033/5766 3089/2034/5758 3091/2035/5760
s 30
f 1341/199/3387 1346/200/4361 1361/201/5767 2236/202/5768
f 1411/214/3388 1341/199/3387 2236/202/5768 1412/213/5769
s 534
f 3028/4498/5666 3027/4497/5665 3029/5770/5770 3030/5771/5771
